symbol,period_type,period_end,total_revenue,cost_of_revenue,gross_profit,operating_expense,operating_income,pretax_income,net_income,ebitda,diluted_eps,basic_eps,rnd
A,annual,2025-10-31,6948000000.0,3305000000.0,3643000000.0,2164000000.0,1479000000.0,1435000000.0,1303000000.0,1835000000.0,4.57,4.59,455000000.0
A,annual,2024-10-31,6510000000.0,2975000000.0,3535000000.0,2047000000.0,1488000000.0,1521000000.0,1289000000.0,1874000000.0,4.43,4.44,479000000.0
A,annual,2023-10-31,6833000000.0,3368000000.0,3465000000.0,2115000000.0,1350000000.0,1339000000.0,1240000000.0,1705000000.0,4.19,4.22,481000000.0
A,annual,2022-10-31,6848000000.0,3126000000.0,3722000000.0,2104000000.0,1618000000.0,1504000000.0,1254000000.0,1905000000.0,4.18,4.19,467000000.0
A,quarterly,2026-07-31,1878000000.0,836000000.0,1042000000.0,598000000.0,444000000.0,444000000.0,362000000.0,539000000.0,1.28,1.28,123000000.0
A,quarterly,2026-04-30,1835000000.0,845000000.0,990000000.0,591000000.0,399000000.0,408000000.0,339000000.0,500000000.0,1.2,1.2,126000000.0
A,quarterly,2026-01-31,1798000000.0,852000000.0,946000000.0,593000000.0,353000000.0,364000000.0,305000000.0,456000000.0,1.07,1.08,117000000.0
A,quarterly,2025-10-31,1861000000.0,871000000.0,990000000.0,547000000.0,443000000.0,442000000.0,434000000.0,540000000.0,1.53,1.53,119000000.0
A,quarterly,2025-07-31,1738000000.0,850000000.0,888000000.0,528000000.0,360000000.0,366000000.0,336000000.0,466000000.0,1.18,1.18,111000000.0
AA,annual,2025-12-31,12831000000.0,10658000000.0,2173000000.0,1415000000.0,758000000.0,1064000000.0,1157000000.0,1845000000.0,4.42,4.45,24000000.0
AA,annual,2024-12-31,11895000000.0,10044000000.0,1851000000.0,1023000000.0,828000000.0,289000000.0,60000000.0,1087000000.0,0.26,0.26,57000000.0
AA,annual,2023-12-31,10551000000.0,9813000000.0,738000000.0,965000000.0,-227000000.0,-584000000.0,-651000000.0,155000000.0,-3.65,-3.65,39000000.0
AA,annual,2022-12-31,12451000000.0,10212000000.0,2239000000.0,908000000.0,1331000000.0,702000000.0,-123000000.0,1425000000.0,-0.57,-0.57,32000000.0
AA,quarterly,2026-06-30,3966000000.0,2967000000.0,999000000.0,285000000.0,714000000.0,482000000.0,407000000.0,691000000.0,1.53,1.54,11000000.0
AA,quarterly,2026-03-31,3193000000.0,2512000000.0,681000000.0,255000000.0,426000000.0,499000000.0,425000000.0,696000000.0,1.6,1.61,10000000.0
AA,quarterly,2025-12-31,3449000000.0,2873000000.0,576000000.0,688000000.0,-112000000.0,68000000.0,213000000.0,246000000.0,0.85,0.86,-11000000.0
AA,quarterly,2025-09-30,2995000000.0,2695000000.0,300000000.0,249000000.0,51000000.0,167000000.0,232000000.0,360000000.0,0.88,0.88,11000000.0
AA,quarterly,2025-06-30,3018000000.0,2652000000.0,366000000.0,247000000.0,119000000.0,161000000.0,164000000.0,370000000.0,0.62,0.63,12000000.0
AAL,annual,2025-12-31,54633000000.0,44162000000.0,10471000000.0,8845000000.0,1626000000.0,190000000.0,111000000.0,4125000000.0,0.17,0.17,
AAL,annual,2024-12-31,54211000000.0,42746000000.0,11465000000.0,8241000000.0,3224000000.0,1154000000.0,846000000.0,5333000000.0,1.24,1.29,
AAL,annual,2023-12-31,52788000000.0,40978000000.0,11810000000.0,7805000000.0,4005000000.0,1121000000.0,822000000.0,5520000000.0,1.21,1.26,
AAL,annual,2022-12-31,48971000000.0,39934000000.0,9037000000.0,7237000000.0,1800000000.0,186000000.0,127000000.0,4446000000.0,0.19,0.2,
AAL,quarterly,2026-06-30,16735000000.0,13744000000.0,2991000000.0,2538000000.0,453000000.0,107000000.0,71000000.0,516000000.0,0.11,0.11,
AAL,quarterly,2026-03-31,13912000000.0,11662000000.0,2250000000.0,2277000000.0,-27000000.0,-476000000.0,-382000000.0,-79000000.0,-0.58,-0.58,
AAL,quarterly,2025-12-31,13999000000.0,11196000000.0,2803000000.0,2317000000.0,486000000.0,142000000.0,99000000.0,564000000.0,0.15,0.15,
AAL,quarterly,2025-09-30,13691000000.0,11316000000.0,2375000000.0,2217000000.0,158000000.0,-142000000.0,-114000000.0,290000000.0,-0.17,-0.17,
AAL,quarterly,2025-06-30,14392000000.0,10976000000.0,3416000000.0,2234000000.0,1182000000.0,838000000.0,599000000.0,1271000000.0,0.91,0.91,
AAOI,annual,2025-12-31,455715000.0,318802000.0,136913000.0,186649000.0,-49736000.0,-46704000.0,-38228000.0,-15511000.0,-0.64,-0.64,85507000.0
AAOI,annual,2024-12-31,249365000.0,187565000.0,61800000.0,132313000.0,-70513000.0,-186731000.0,-186733000.0,-159256000.0,-4.5,-4.5,54955000.0
AAOI,annual,2023-12-31,217646000.0,158725000.0,58921000.0,99333000.0,-40412000.0,-56039000.0,-56048000.0,-26184000.0,-1.75,-1.75,35975000.0
AAOI,annual,2022-12-31,222818000.0,189191000.0,33627000.0,92465000.0,-58838000.0,-66396000.0,-66397000.0,-36875000.0,-2.38,-2.38,36244000.0
AAOI,quarterly,2026-06-30,191922000.0,138715000.0,53207000.0,77054000.0,-23847000.0,-21492000.0,-22781000.0,-10065000.0,-0.28,-0.28,34871000.0
AAOI,quarterly,2026-03-31,151144000.0,107228000.0,43916000.0,56793000.0,-12877000.0,-13232000.0,-14281000.0,-3140000.0,-0.19,-0.19,25656000.0
AAOI,quarterly,2025-12-31,134274000.0,92330000.0,41944000.0,53296000.0,-11352000.0,-10498000.0,-2022000.0,-1449000.0,-0.03,-0.03,25820000.0
AAOI,quarterly,2025-09-30,118630000.0,85367000.0,33263000.0,48231000.0,-14968000.0,-17936000.0,-17936000.0,-9668000.0,-0.28,-0.28,21265000.0
AAOI,quarterly,2025-06-30,102952000.0,71790000.0,31162000.0,45823000.0,-14661000.0,-9098000.0,-9098000.0,-1880000.0,-0.16,-0.16,20612000.0
AAON,annual,2025-12-31,1442076000.0,1056352000.0,385724000.0,233375000.0,152349000.0,128752000.0,107593000.0,225835000.0,1.29,1.32,
AAON,annual,2024-12-31,1200635000.0,803526000.0,397109000.0,188014000.0,209095000.0,206591000.0,168559000.0,230038000.0,2.02,2.07,
AAON,annual,2023-12-31,1168518000.0,769498000.0,399020000.0,171539000.0,227481000.0,223154000.0,177623000.0,241758000.0,2.13,2.19,
AAON,annual,2022-12-31,888788000.0,651216000.0,237572000.0,110823000.0,126749000.0,124533000.0,100376000.0,162590000.0,1.24,1.26,
AAON,quarterly,2026-06-30,626976000.0,474485000.0,152491000.0,82159000.0,70332000.0,62847000.0,56659000.0,92906000.0,0.68,0.69,
AAON,quarterly,2026-03-31,496936000.0,371971000.0,124965000.0,67906000.0,57059000.0,52081000.0,39815000.0,78079000.0,0.48,0.49,
AAON,quarterly,2025-12-31,424217000.0,314447000.0,109770000.0,65810000.0,43960000.0,38322000.0,32032000.0,64485000.0,0.39,0.39,
AAON,quarterly,2025-09-30,384238000.0,277377000.0,106861000.0,63230000.0,43631000.0,38442000.0,30782000.0,63603000.0,0.37,0.38,
AAON,quarterly,2025-06-30,311567000.0,228838000.0,82729000.0,55742000.0,26987000.0,19505000.0,15487000.0,30856000.0,0.19,0.19,
AAPL,annual,2025-09-30,416161000000.0,220960000000.0,195201000000.0,62151000000.0,133050000000.0,132729000000.0,112010000000.0,144748000000.0,7.46,7.49,34550000000.0
AAPL,annual,2024-09-30,391035000000.0,210352000000.0,180683000000.0,57467000000.0,123216000000.0,123485000000.0,93736000000.0,134661000000.0,6.08,6.11,31370000000.0
AAPL,annual,2023-09-30,383285000000.0,214137000000.0,169148000000.0,54847000000.0,114301000000.0,113736000000.0,96995000000.0,125820000000.0,6.13,6.16,29915000000.0
AAPL,annual,2022-09-30,394328000000.0,223546000000.0,170782000000.0,51345000000.0,119437000000.0,119103000000.0,99803000000.0,130541000000.0,6.11,6.15,26251000000.0
AAPL,quarterly,2026-06-30,109417000000.0,54647000000.0,54770000000.0,19075000000.0,35695000000.0,36267000000.0,29789000000.0,39015000000.0,2.02,2.03,11729000000.0
AAPL,quarterly,2026-03-31,111184000000.0,56403000000.0,54781000000.0,18896000000.0,35885000000.0,35833000000.0,29578000000.0,39324000000.0,2.01,2.02,11419000000.0
AAPL,quarterly,2025-12-31,143756000000.0,74525000000.0,69231000000.0,18379000000.0,50852000000.0,51002000000.0,42097000000.0,54066000000.0,2.84,2.85,10887000000.0
AAPL,quarterly,2025-09-30,102466000000.0,54125000000.0,48341000000.0,15914000000.0,32427000000.0,32804000000.0,27466000000.0,35554000000.0,1.85,1.85,8866000000.0
AAPL,quarterly,2025-06-30,94036000000.0,50318000000.0,43718000000.0,15516000000.0,28202000000.0,28031000000.0,23434000000.0,31032000000.0,1.57,1.57,8866000000.0
ABBV,annual,2025-12-31,61160000000.0,18204000000.0,42956000000.0,22865000000.0,20091000000.0,6597000000.0,4226000000.0,17629000000.0,2.36,2.390439,9096000000.0
ABBV,annual,2024-12-31,56334000000.0,16904000000.0,39430000000.0,27536000000.0,11894000000.0,3716000000.0,4278000000.0,14910000000.0,2.39,2.423443,12791000000.0
ABBV,annual,2023-12-31,54318000000.0,20415000000.0,33903000000.0,20368000000.0,13535000000.0,6250000000.0,4863000000.0,17172000000.0,2.72,2.753773,7675000000.0
ABBV,annual,2022-12-31,58054000000.0,17414000000.0,40640000000.0,21826000000.0,18814000000.0,13477000000.0,11836000000.0,24174000000.0,6.63,6.6901,6510000000.0
ABBV,quarterly,2026-06-30,16990000000.0,4291000000.0,12699000000.0,5976000000.0,6723000000.0,4278000000.0,3613000000.0,6907000000.0,2.03,2.044628,2344000000.0
ABBV,quarterly,2026-03-31,15002000000.0,4218000000.0,10784000000.0,6050000000.0,4734000000.0,1039000000.0,695000000.0,3692000000.0,0.39,0.393382,2472000000.0
ABBV,quarterly,2025-12-31,16618000000.0,4552000000.0,12066000000.0,6257000000.0,5809000000.0,2668000000.0,1816000000.0,5369000000.0,1.02,1.027221,2579000000.0
ABBV,quarterly,2025-09-30,15776000000.0,5304000000.0,10472000000.0,5888000000.0,4584000000.0,714000000.0,186000000.0,3516000000.0,0.1,0.105242,2319000000.0
ABBV,quarterly,2025-06-30,15423000000.0,4346000000.0,11077000000.0,5360000000.0,5717000000.0,1554000000.0,938000000.0,4344000000.0,0.52,0.531005,2131000000.0
ABT,annual,2025-12-31,44328000000.0,19319000000.0,25009000000.0,16956000000.0,8053000000.0,8466000000.0,6524000000.0,12075000000.0,3.72,3.756767,2942000000.0
ABT,annual,2024-12-31,41950000000.0,18706000000.0,23244000000.0,16419000000.0,6825000000.0,7013000000.0,13402000000.0,10790000000.0,7.64,7.739225,2844000000.0
ABT,annual,2023-12-31,40109000000.0,17975000000.0,22134000000.0,15656000000.0,6478000000.0,6664000000.0,5723000000.0,10544000000.0,3.26,3.300316,2741000000.0
ABT,annual,2022-12-31,43653000000.0,19142000000.0,24511000000.0,16149000000.0,8362000000.0,8306000000.0,6933000000.0,12131000000.0,3.91,3.989538,2888000000.0
ABT,quarterly,2026-06-30,,,,,,,,,0.53,0.53,
ABT,quarterly,2026-03-31,11164000000.0,4890000000.0,6274000000.0,4929000000.0,1345000000.0,1449000000.0,1077000000.0,2426000000.0,0.61,0.62,767000000.0
ABT,quarterly,2025-12-31,11459000000.0,4922000000.0,6537000000.0,4286000000.0,2251000000.0,2358000000.0,1776000000.0,3270000000.0,1.01,1.022688,735000000.0
ABT,quarterly,2025-09-30,11369000000.0,5075000000.0,6294000000.0,4237000000.0,2057000000.0,2180000000.0,1644000000.0,3092000000.0,0.94,0.945441,766000000.0
ABT,quarterly,2025-06-30,11142000000.0,4854000000.0,6288000000.0,4236000000.0,2052000000.0,2150000000.0,1779000000.0,3048000000.0,1.01,1.022144,725000000.0
ACI,annual,2026-02-28,83172500000.0,60565800000.0,22606700000.0,21891300000.0,715400000.0,267800000.0,217400000.0,3397700000.0,0.4,0.4,
ACI,annual,2025-02-28,80390900000.0,58135300000.0,22255600000.0,20613700000.0,1641900000.0,1129700000.0,958600000.0,4082400000.0,1.64,1.65,
ACI,annual,2024-02-29,79237700000.0,57192000000.0,22045700000.0,19932900000.0,2112800000.0,1589000000.0,1296000000.0,4525600000.0,2.23,2.25,
ACI,annual,2023-02-28,77649700000.0,55894100000.0,21755600000.0,19596000000.0,2159600000.0,1935500000.0,1513500000.0,4851600000.0,2.27,2.29,
ACI,quarterly,2026-05-31,24941600000.0,18303500000.0,6638100000.0,6379200000.0,258900000.0,113700000.0,84700000.0,1093200000.0,0.17,0.17,
ACI,quarterly,2026-02-28,20252200000.0,14739200000.0,5513000000.0,6003200000.0,-490200000.0,-641000000.0,-480800000.0,146300000.0,-0.94,-0.94,
ACI,quarterly,2025-11-30,19123700000.0,13874900000.0,5248800000.0,4760300000.0,488500000.0,377700000.0,293300000.0,1089700000.0,0.55,0.55,
ACI,quarterly,2025-08-31,18915800000.0,13809200000.0,5106600000.0,4806900000.0,299700000.0,219700000.0,168500000.0,921700000.0,0.3,0.3,
ACI,quarterly,2025-05-31,24880800000.0,18142500000.0,6738300000.0,6320900000.0,417400000.0,311400000.0,236400000.0,1240000000.0,0.41,0.41,
ACM,annual,2025-09-30,16139622000.0,14922909000.0,1216713000.0,157849000.0,1058864000.0,915569000.0,561774000.0,1275790000.0,4.21,4.24,
ACM,annual,2024-09-30,16105498000.0,15021157000.0,1084341000.0,160105000.0,924236000.0,718152000.0,402266000.0,1082384000.0,2.95,2.97,
ACM,annual,2023-09-30,14378461000.0,13432996000.0,945465000.0,153575000.0,791890000.0,213400000.0,55332000.0,548467000.0,0.39,0.4,
ACM,annual,2022-09-30,13148182000.0,12300208000.0,847974000.0,147309000.0,700665000.0,550682000.0,310611000.0,831842000.0,2.18,2.21,
ACM,quarterly,2026-06-30,3586067000.0,3620109000.0,-34042000.0,34368000.0,-68410000.0,-106569000.0,-86712000.0,-3004000.0,-0.67,-0.67,
ACM,quarterly,2026-03-31,3801143000.0,3504643000.0,296500000.0,44301000.0,252199000.0,221535000.0,179860000.0,331589000.0,1.39,1.4,
ACM,quarterly,2025-12-31,3830834000.0,3549844000.0,280990000.0,40839000.0,240151000.0,198339000.0,74520000.0,295641000.0,0.56,0.57,
ACM,quarterly,2025-09-30,4175417000.0,3844819000.0,330598000.0,39173000.0,291425000.0,207704000.0,120372000.0,314113000.0,0.9,0.91,
ACM,quarterly,2025-06-30,4178440000.0,3851490000.0,326950000.0,38163000.0,288787000.0,268765000.0,130966000.0,353511000.0,0.98,0.99,
ACN,annual,2025-08-31,69672977000.0,47437576000.0,22235401000.0,11394413000.0,10840988000.0,10270393000.0,7678433000.0,11867333000.0,12.15,12.29,
ACN,annual,2024-08-31,64896464000.0,43734147000.0,21162317000.0,11128030000.0,10034287000.0,9699323000.0,7264787000.0,10836289000.0,11.44,11.57,
ACN,annual,2023-08-31,64111745000.0,43380138000.0,20731607000.0,10858572000.0,9873035000.0,9139332000.0,6871557000.0,10248473000.0,10.77,10.9,
ACN,annual,2022-08-31,61594305000.0,41892766000.0,19701539000.0,10334358000.0,9367181000.0,9196167000.0,6877169000.0,10274132000.0,10.71,10.87,
ACN,quarterly,2026-05-31,18718144000.0,12583809000.0,6134335000.0,2959037000.0,3175298000.0,3149828000.0,2338989000.0,3528417000.0,3.8,3.82,
ACN,quarterly,2026-02-28,18044066000.0,12584705000.0,5459361000.0,2965814000.0,2493547000.0,2456654000.0,1825239000.0,2834660000.0,2.93,2.96,
ACN,quarterly,2025-11-30,18742125000.0,12545007000.0,6197118000.0,3015879000.0,3181239000.0,2967670000.0,2211561000.0,3329065000.0,3.54,3.57,
ACN,quarterly,2025-08-31,17596260000.0,11985326000.0,5610934000.0,2945919000.0,2665015000.0,2075235000.0,1413963000.0,2638574000.0,2.25,2.27,
ACN,quarterly,2025-05-31,17727871000.0,11901221000.0,5826650000.0,2843868000.0,2982782000.0,2951139000.0,2197501000.0,3310745000.0,3.49,3.52,
ADBE,annual,2025-11-30,23769000000.0,2551000000.0,21218000000.0,12512000000.0,8706000000.0,8734000000.0,7130000000.0,9815000000.0,16.7,16.73,4294000000.0
ADBE,annual,2024-11-30,21505000000.0,2358000000.0,19147000000.0,11406000000.0,7741000000.0,6931000000.0,5560000000.0,7957000000.0,12.36,12.43,3944000000.0
ADBE,annual,2023-11-30,19409000000.0,2354000000.0,17055000000.0,10405000000.0,6650000000.0,6799000000.0,5428000000.0,7784000000.0,11.82,11.87,3473000000.0
ADBE,annual,2022-11-30,17606000000.0,2165000000.0,15441000000.0,9343000000.0,6098000000.0,6008000000.0,4756000000.0,6976000000.0,10.1,10.13,2987000000.0
ADBE,quarterly,2026-05-31,6618000000.0,715000000.0,5903000000.0,3665000000.0,2238000000.0,2238000000.0,1712000000.0,2496000000.0,4.25,4.26,1198000000.0
ADBE,quarterly,2026-02-28,6398000000.0,664000000.0,5734000000.0,3316000000.0,2418000000.0,2422000000.0,1889000000.0,2659000000.0,4.6,4.6,1110000000.0
ADBE,quarterly,2025-11-30,6194000000.0,649000000.0,5545000000.0,3284000000.0,2261000000.0,2264000000.0,1856000000.0,2514000000.0,4.45,4.45,1098000000.0
ADBE,quarterly,2025-08-31,5988000000.0,642000000.0,5346000000.0,3173000000.0,2173000000.0,2187000000.0,1772000000.0,2462000000.0,4.18,4.18,1088000000.0
ADBE,quarterly,2025-05-31,5873000000.0,638000000.0,5235000000.0,3126000000.0,2109000000.0,2101000000.0,1691000000.0,2378000000.0,3.94,3.95,1082000000.0
ADI,annual,2025-10-31,11019707000.0,4246229000.0,6773478000.0,3771002000.0,3002476000.0,2712112000.0,2267342000.0,5028673000.0,4.56,4.59,1766001000.0
ADI,annual,2024-10-31,9427157000.0,4045814000.0,5381343000.0,3311287000.0,2070056000.0,1777340000.0,1635273000.0,4203883000.0,3.28,3.3,1487863000.0
ADI,annual,2023-10-31,12305539000.0,4428321000.0,7877218000.0,3893396000.0,3983822000.0,3608003000.0,3314579000.0,6165747000.0,6.55,6.6,1660194000.0
ADI,annual,2022-10-31,12013953000.0,4481479000.0,7532474000.0,3979265000.0,3553209000.0,3098749000.0,2748561000.0,5596656000.0,5.25,5.29,1700518000.0
ADI,quarterly,2026-07-31,4021899000.0,1314355000.0,2707544000.0,1118791000.0,1588753000.0,1545869000.0,1340090000.0,2128817000.0,2.74,2.76,533480000.0
ADI,quarterly,2026-04-30,3623465000.0,1183667000.0,2439798000.0,1060118000.0,1379680000.0,1324828000.0,1176350000.0,1903382000.0,2.4,2.41,509323000.0
ADI,quarterly,2026-01-31,3160263000.0,1115287000.0,2044976000.0,999968000.0,1045008000.0,945871000.0,830826000.0,1522717000.0,1.69,1.7,467400000.0
ADI,quarterly,2025-10-31,3076117000.0,1134300000.0,1941817000.0,996606000.0,945211000.0,887199000.0,787738000.0,1470699000.0,1.6,1.6,467021000.0
ADI,quarterly,2025-07-31,2880348000.0,1090600000.0,1789748000.0,967372000.0,822376000.0,763409000.0,518518000.0,1330293000.0,1.04,1.05,454251000.0
ADM,annual,2025-12-31,80269000000.0,75236000000.0,5033000000.0,3609000000.0,1424000000.0,1255000000.0,1078000000.0,3048000000.0,2.23,2.245833,
ADM,annual,2024-12-31,85530000000.0,79752000000.0,5778000000.0,3706000000.0,2072000000.0,2255000000.0,1800000000.0,4102000000.0,3.65,3.76569,
ADM,annual,2023-12-31,93935000000.0,86422000000.0,7513000000.0,3456000000.0,4057000000.0,4294000000.0,3483000000.0,6000000000.0,6.43,6.44,
ADM,annual,2022-12-31,101556000000.0,93986000000.0,7570000000.0,3358000000.0,4212000000.0,5233000000.0,4340000000.0,6657000000.0,7.71,7.934186,
ADM,quarterly,2026-06-30,22681000000.0,20746000000.0,1935000000.0,1026000000.0,909000000.0,1088000000.0,908000000.0,1529000000.0,,,
ADM,quarterly,2026-03-31,20490000000.0,19268000000.0,1222000000.0,961000000.0,261000000.0,384000000.0,298000000.0,826000000.0,0.618257,0.618257,
ADM,quarterly,2025-12-31,18556000000.0,17343000000.0,1213000000.0,893000000.0,320000000.0,476000000.0,456000000.0,925000000.0,0.94,0.95,
ADM,quarterly,2025-09-30,20372000000.0,19102000000.0,1270000000.0,873000000.0,397000000.0,147000000.0,108000000.0,596000000.0,0.22,0.224782,
ADM,quarterly,2025-06-30,21166000000.0,19796000000.0,1370000000.0,911000000.0,459000000.0,279000000.0,219000000.0,799000000.0,0.45,0.455823,
ADP,annual,2026-06-30,21947400000.0,11760200000.0,10187200000.0,4408200000.0,5779000000.0,5730300000.0,4413500000.0,6775500000.0,,,
ADP,annual,2025-06-30,20560900000.0,11097300000.0,9463600000.0,4051700000.0,5411900000.0,5310100000.0,4079700000.0,6348400000.0,9.98,10.02,
ADP,annual,2024-06-30,19202600000.0,10476700000.0,8725900000.0,3778900000.0,4947000000.0,4872300000.0,3752000000.0,5795600000.0,9.1,9.14,
ADP,annual,2023-06-30,18012200000.0,9953400000.0,8058800000.0,3551400000.0,4507400000.0,4437600000.0,3412000000.0,5240200000.0,8.21,8.25,
ADP,annual,2022-06-30,,,,,,,,,7.0,7.04,
ADP,quarterly,2026-06-30,5473800000.0,2962500000.0,2511300000.0,1252200000.0,1259100000.0,1257800000.0,978600000.0,1526000000.0,2.45,2.45,
ADP,quarterly,2026-03-31,5939200000.0,3072000000.0,2867200000.0,1081700000.0,1785500000.0,1781800000.0,1359800000.0,2006900000.0,3.38,3.39,
ADP,quarterly,2025-12-31,5359300000.0,2889700000.0,2469600000.0,1068100000.0,1401500000.0,1383200000.0,1062000000.0,1652900000.0,2.62,2.63,
ADP,quarterly,2025-09-30,5175200000.0,2836100000.0,2339100000.0,1006300000.0,1332800000.0,1307500000.0,1013000000.0,1589600000.0,2.49,2.5,
ADP,quarterly,2025-06-30,5126800000.0,2816900000.0,2309900000.0,1103100000.0,1206800000.0,1190700000.0,910700000.0,1450100000.0,2.23,2.24,
AEHR,annual,2026-05-31,50001000.0,32350000.0,17651000.0,31794000.0,-14143000.0,-11736000.0,-7126000.0,-10613000.0,-0.23,-0.23,12633000.0
AEHR,annual,2025-05-31,58968000.0,35035000.0,23933000.0,28746000.0,-4813000.0,-4291000.0,-3910000.0,-1425000.0,,,10463000.0
AEHR,annual,2024-05-31,66218000.0,33675000.0,32543000.0,22465000.0,10078000.0,12458000.0,33156000.0,11441000.0,1.12,1.15,8719000.0
AEHR,annual,2023-05-31,64961000.0,32215000.0,32746000.0,19371000.0,13375000.0,14617000.0,14557000.0,14474000.0,0.5,0.52,7134000.0
AEHR,annual,2022-05-31,,,,,,,,,0.34,0.36,
AEHR,quarterly,2026-05-31,18835000.0,10816000.0,8019000.0,9225000.0,-1206000.0,-455000.0,1391000.0,-329000.0,0.04,0.04,3645000.0
AEHR,quarterly,2026-02-28,10313000.0,6945000.0,3368000.0,7597000.0,-4229000.0,-4001000.0,-3203000.0,-3369000.0,-0.1,-0.1,3167000.0
AEHR,quarterly,2025-11-30,9884000.0,7339000.0,2545000.0,7406000.0,-4861000.0,-4444000.0,-3230000.0,-3990000.0,-0.11,-0.11,2972000.0
AEHR,quarterly,2025-08-31,10969000.0,7250000.0,3719000.0,7566000.0,-3847000.0,-2836000.0,-2084000.0,-2925000.0,-0.07,-0.07,2849000.0
AEHR,quarterly,2025-05-31,14089000.0,9817000.0,4272000.0,6612000.0,-2340000.0,-2986000.0,-2899000.0,-1320000.0,-0.1,-0.1,2686000.0
AEM,annual,2025-12-31,11907851000.0,4985981000.0,6921870000.0,593909000.0,6327961000.0,6703911000.0,4461461000.0,8382650000.0,8.86,8.89,
AEM,annual,2024-12-31,8285753000.0,4600156000.0,3685597000.0,536168000.0,3149429000.0,2821555000.0,1895581000.0,4422108000.0,3.78,3.79,
AEM,annual,2023-12-31,6626909000.0,4425034000.0,2201875000.0,507242000.0,1694633000.0,2359069000.0,1941307000.0,3942056000.0,3.95,3.97,
AEM,annual,2022-12-31,5741162000.0,3738012000.0,2003150000.0,560241000.0,1442909000.0,1115423000.0,670249000.0,2271487000.0,1.53,1.53,
AEM,quarterly,2026-06-30,3802818000.0,1377014000.0,2425804000.0,143858000.0,2281946000.0,2322855000.0,1600453000.0,2762150000.0,3.17,3.19,
AEM,quarterly,2026-03-31,4099589000.0,1375853000.0,2723736000.0,166972000.0,2556764000.0,2559624000.0,1695461000.0,2995646000.0,3.38,3.39,
AEM,quarterly,2025-12-31,3563973000.0,1366037000.0,2197936000.0,206565000.0,1991371000.0,2317153000.0,1523061000.0,2698162000.0,3.04,3.04,
AEM,quarterly,2025-09-30,3059529000.0,1269268000.0,1790261000.0,145257000.0,1645004000.0,1575568000.0,1054958000.0,2029669000.0,2.1,2.1,
AEM,quarterly,2025-06-30,2816101000.0,1166143000.0,1649958000.0,139906000.0,1510052000.0,1616619000.0,1068711000.0,2021004000.0,2.12,2.13,
AEP,annual,2025-12-31,21876000000.0,8530000000.0,13346000000.0,7961000000.0,5385000000.0,3724000000.0,3580000000.0,9239000000.0,6.66,6.7,
AEP,annual,2024-12-31,19721000000.0,7261000000.0,12460000000.0,8013000000.0,4447000000.0,2843000000.0,2967000000.0,8099000000.0,5.58,5.6,
AEP,annual,2023-12-31,18982000000.0,7854000000.0,11128000000.0,7393000000.0,3735000000.0,2209000000.0,2208000000.0,7203000000.0,4.24,4.26,
AEP,annual,2022-12-31,19639500000.0,8347300000.0,11292200000.0,7513700000.0,3778500000.0,2420400000.0,2307200000.0,7102200000.0,4.49,4.51,
AEP,quarterly,2026-06-30,5445000000.0,2047000000.0,3398000000.0,2151000000.0,1247000000.0,770000000.0,713000000.0,2265000000.0,1.3,1.31,
AEP,quarterly,2026-03-31,6020000000.0,2529000000.0,3491000000.0,2100000000.0,1391000000.0,922000000.0,874000000.0,2381000000.0,1.6,1.61,
AEP,quarterly,2025-12-31,5315300000.0,2041200000.0,3274100000.0,2093800000.0,1180300000.0,699800000.0,582000000.0,2155800000.0,,,
AEP,quarterly,2025-09-30,6010400000.0,2385300000.0,3625100000.0,2103700000.0,1521400000.0,1117900000.0,972000000.0,2506000000.0,1.81,1.82,
AEP,quarterly,2025-06-30,5087000000.0,1931000000.0,3156000000.0,1757000000.0,1399000000.0,1017000000.0,1226000000.0,2360000000.0,2.29,2.29,
AFL,annual,2025-12-31,17355000000.0,,,12822000000.0,4753000000.0,4533000000.0,3646000000.0,,6.82,6.84,
AFL,annual,2024-12-31,19128000000.0,,,12711000000.0,6614000000.0,6417000000.0,5443000000.0,,9.63,9.68,
AFL,annual,2023-12-31,18841000000.0,,,13579000000.0,5457000000.0,5262000000.0,4659000000.0,,7.78,7.81,
AFL,annual,2022-12-31,19151000000.0,,,14282000000.0,5095000000.0,4869000000.0,4418000000.0,,6.93,6.96,
AFL,quarterly,2026-06-30,4194000000.0,,,3199000000.0,1059000000.0,995000000.0,825000000.0,,1.63,1.64,
AFL,quarterly,2026-03-31,4408000000.0,,,3183000000.0,1285000000.0,1225000000.0,1019000000.0,,1.98,1.99,
AFL,quarterly,2025-12-31,4891000000.0,,,3319000000.0,1633000000.0,1572000000.0,1379000000.0,,2.64,2.65,
AFL,quarterly,2025-09-30,4793000000.0,,,2799000000.0,2051000000.0,1994000000.0,1639000000.0,,3.08,3.09,
AFL,quarterly,2025-06-30,4218000000.0,,,3396000000.0,874000000.0,822000000.0,599000000.0,,1.11,1.12,
AFRM,annual,2026-06-30,4261083000.0,1360732000.0,2900351000.0,2029357000.0,870994000.0,492727000.0,1929793000.0,1250076000.0,,,
AFRM,annual,2025-06-30,3224412000.0,1047572000.0,2176840000.0,1838847000.0,337993000.0,61464000.0,52186000.0,711991000.0,0.15,0.16,
AFRM,annual,2024-06-30,2322999000.0,845106000.0,1477893000.0,1742719000.0,-264826000.0,-515527000.0,-517757000.0,-2230000.0,-1.67,-1.67,
AFRM,annual,2023-06-30,1587985000.0,873161000.0,714824000.0,1696803000.0,-981979000.0,-989245000.0,-985345000.0,-671598000.0,-3.34,-3.34,
AFRM,annual,2022-06-30,,,,,,,,,-2.51,-2.51,
AFRM,quarterly,2026-06-30,1165961000.0,361457000.0,804504000.0,538732000.0,265772000.0,169094000.0,1616613000.0,374951000.0,4.62,4.77,
AFRM,quarterly,2026-03-31,1038765000.0,353910000.0,684855000.0,482665000.0,202190000.0,107376000.0,102900000.0,296201000.0,0.3,0.31,
AFRM,quarterly,2025-12-31,1123020000.0,343453000.0,779567000.0,550223000.0,229344000.0,133238000.0,129586000.0,320548000.0,0.37,0.39,
AFRM,quarterly,2025-09-30,933337000.0,301913000.0,631424000.0,457736000.0,173688000.0,83019000.0,80694000.0,258375000.0,0.23,0.23,
AFRM,quarterly,2025-06-30,876417000.0,282945000.0,593472000.0,429497000.0,163975000.0,71580000.0,69244000.0,241487000.0,0.2,0.21,
AG,annual,2025-12-31,1265157000.0,815112000.0,450045000.0,100114000.0,349931000.0,395026000.0,164923000.0,674624000.0,0.34,0.34,
AG,annual,2024-12-31,563631000.0,471731000.0,91900000.0,86363000.0,5537000.0,-26454000.0,-101885000.0,114475000.0,-0.34,-0.34,
AG,annual,2023-12-31,576385000.0,550743000.0,25642000.0,82299000.0,-56657000.0,-195915000.0,-135112000.0,-54496000.0,-0.48,-0.48,
AG,annual,2022-12-31,626850000.0,610098000.0,16752000.0,68362000.0,-51610000.0,-61404000.0,-114276000.0,88948000.0,-0.43,-0.43,
AG,quarterly,2026-06-30,414239000.0,190623000.0,223616000.0,25040000.0,198576000.0,193960000.0,125893000.0,249506000.0,0.22,0.22,
AG,quarterly,2026-03-31,480938000.0,214342000.0,266596000.0,30618000.0,235978000.0,240989000.0,147486000.0,303972000.0,0.26,0.26,
AG,quarterly,2025-12-31,467716000.0,229908000.0,237808000.0,27548000.0,210260000.0,261640000.0,83133000.0,335652000.0,,,
AG,quarterly,2025-09-30,286723000.0,187642000.0,99081000.0,22210000.0,76871000.0,66318000.0,26978000.0,125841000.0,0.06,0.06,
AG,quarterly,2025-06-30,264726000.0,215375000.0,49351000.0,24421000.0,24930000.0,38018000.0,56579000.0,117090000.0,0.11,0.11,
AI,annual,2026-04-30,250268000.0,172886000.0,77382000.0,565052000.0,-487670000.0,-469547000.0,-470369000.0,-474116000.0,-3.35,-3.35,229087000.0
AI,annual,2025-04-30,389056000.0,153193000.0,235863000.0,560287000.0,-324424000.0,-287726000.0,-288702000.0,-311817000.0,-2.24,-2.24,226391000.0
AI,annual,2024-04-30,310582000.0,132022000.0,178560000.0,496902000.0,-318342000.0,-278904000.0,-279696000.0,-305623000.0,-2.34,-2.34,201365000.0
AI,annual,2023-04-30,266795000.0,86337000.0,180458000.0,470951000.0,-290493000.0,-268164000.0,-268839000.0,-284405000.0,-2.45,-2.45,210660000.0
AI,quarterly,2026-07-31,,,,,,,,,-0.6,-0.6,
AI,quarterly,2026-04-30,51600000.0,40277000.0,11323000.0,121653000.0,-110330000.0,-115458000.0,-115569000.0,-106990000.0,-0.79,-0.79,47261000.0
AI,quarterly,2026-01-31,53260000.0,44025000.0,9235000.0,149643000.0,-140408000.0,-133189000.0,-133363000.0,-137009000.0,-0.94,-0.94,58823000.0
AI,quarterly,2025-10-31,75147000.0,44767000.0,30380000.0,142493000.0,-112113000.0,-104431000.0,-104668000.0,-108713000.0,-0.75,-0.75,58352000.0
AI,quarterly,2025-07-31,70261000.0,43817000.0,26444000.0,151263000.0,-124819000.0,-116469000.0,-116769000.0,-121404000.0,-0.86,-0.86,64651000.0
AIG,annual,2025-12-31,26774000000.0,,,22895000000.0,4275000000.0,3879000000.0,3096000000.0,,5.43,5.48,
AIG,annual,2024-12-31,27270000000.0,,,23404000000.0,4332000000.0,3870000000.0,-1404000000.0,,-2.17,2.352516,
AIG,annual,2023-12-31,27938000000.0,,,25071000000.0,3383000000.0,2867000000.0,3643000000.0,,4.98,5.02,
AIG,annual,2022-12-31,29975000000.0,,,26208000000.0,4375000000.0,3772000000.0,10227000000.0,,12.94,13.1,
AIG,quarterly,2026-06-30,7086000000.0,,,5822000000.0,1364000000.0,1264000000.0,948000000.0,,1.78,1.79,
AIG,quarterly,2026-03-31,6616000000.0,,,5629000000.0,1087000000.0,987000000.0,763000000.0,,1.41,1.42,
AIG,quarterly,2025-12-31,6557000000.0,,,5896000000.0,766000000.0,661000000.0,735000000.0,,,,
AIG,quarterly,2025-09-30,6402000000.0,,,5688000000.0,813000000.0,714000000.0,519000000.0,,0.93,0.94,
AIG,quarterly,2025-06-30,7041000000.0,,,5497000000.0,1644000000.0,1544000000.0,1144000000.0,,1.98,2.0,
AJG,annual,2025-12-31,13942000000.0,8006000000.0,5936000000.0,3380000000.0,2556000000.0,1871000000.0,1494000000.0,3632000000.0,5.74,5.83252,
AJG,annual,2024-12-31,11555000000.0,6676000000.0,4879000000.0,2597000000.0,2282000000.0,1875000000.0,1463000000.0,3099000000.0,6.5,6.6335,
AJG,annual,2023-12-31,10072000000.0,5826000000.0,4246000000.0,2386000000.0,1860000000.0,1185000000.0,970000000.0,2179000000.0,4.42,4.510687,
AJG,annual,2022-12-31,8550600000.0,4953200000.0,3597400000.0,1930500000.0,1666900000.0,1327000000.0,1114200000.0,2183500000.0,5.19,5.297365,
AJG,quarterly,2026-06-30,4003000000.0,2378000000.0,1625000000.0,1037000000.0,588000000.0,414000000.0,324000000.0,940000000.0,1.25,1.262425,
AJG,quarterly,2026-03-31,4758000000.0,2558000000.0,2200000000.0,982000000.0,1218000000.0,1043000000.0,822000000.0,1540000000.0,3.16,3.196963,
AJG,quarterly,2025-12-31,3628200000.0,2251100000.0,1377100000.0,1029000000.0,348100000.0,180000000.0,151100000.0,702700000.0,0.58,0.587775,
AJG,quarterly,2025-09-30,3365600000.0,1971900000.0,1393700000.0,857100000.0,536600000.0,346900000.0,272700000.0,784000000.0,1.04,1.062669,
AJG,quarterly,2025-06-30,3222000000.0,1847000000.0,1375000000.0,749000000.0,626000000.0,473000000.0,368000000.0,861000000.0,1.4,1.427456,
ALAB,annual,2025-12-31,852525000.0,207264000.0,645261000.0,471838000.0,173423000.0,218153000.0,219134000.0,180252000.0,1.22,1.32,303998000.0
ALAB,annual,2024-12-31,396290000.0,93591000.0,302699000.0,418765000.0,-116066000.0,-81778000.0,-83421000.0,-112912000.0,-0.64,-0.64,200830000.0
ALAB,annual,2023-12-31,115794000.0,35967000.0,79827000.0,109324000.0,-29497000.0,-22948000.0,-26257000.0,-27716000.0,-0.172174,-0.172174,73407000.0
ALAB,annual,2022-12-31,79872000.0,21191000.0,58681000.0,118875000.0,-60194000.0,-57581000.0,-58345000.0,-59387000.0,-0.447253,-0.447253,73711000.0
ALAB,quarterly,2026-06-30,392400000.0,104833000.0,287567000.0,198319000.0,89248000.0,102825000.0,153088000.0,93177000.0,0.83,0.89,135898000.0
ALAB,quarterly,2026-03-31,308361000.0,73220000.0,235141000.0,173308000.0,61833000.0,73414000.0,80310000.0,65543000.0,0.44,0.47,125634000.0
ALAB,quarterly,2025-12-31,270583000.0,66108000.0,204475000.0,137517000.0,66958000.0,78915000.0,44982000.0,69804000.0,0.25,0.27,93792000.0
ALAB,quarterly,2025-09-30,230575000.0,54763000.0,175812000.0,120406000.0,55406000.0,66862000.0,91114000.0,56872000.0,0.5,0.54,78928000.0
ALAB,quarterly,2025-06-30,191925000.0,46362000.0,145563000.0,105789000.0,39774000.0,50659000.0,51219000.0,41166000.0,0.29,0.31,66724000.0
ALB,annual,2025-12-31,5142733000.0,4474014000.0,668719000.0,601434000.0,67285000.0,-552073000.0,-510628000.0,314256000.0,-5.76,-5.76,51398000.0
ALB,annual,2024-12-31,5377526000.0,5314987000.0,62539000.0,704768000.0,-642229000.0,-1763825000.0,-1179449000.0,-1009568000.0,-11.2,-11.2,86720000.0
ALB,annual,2023-12-31,9617203000.0,8431294000.0,1185909000.0,995727000.0,190182000.0,246738000.0,1573476000.0,792754000.0,13.36,13.41,85725000.0
ALB,annual,2022-12-31,7320104000.0,4245517000.0,3074587000.0,596126000.0,2478461000.0,2433444000.0,2689816000.0,2857258000.0,22.84,22.97,71981000.0
ALB,quarterly,2026-06-30,1743313000.0,1153012000.0,590301000.0,130020000.0,460281000.0,441649000.0,479959000.0,628374000.0,3.52,3.72,3667000.0
ALB,quarterly,2026-03-31,1428731000.0,927765000.0,500966000.0,146576000.0,354390000.0,254195000.0,319091000.0,445121000.0,2.34,2.35,9170000.0
ALB,quarterly,2025-12-31,1428031000.0,1230097000.0,197934000.0,167681000.0,30253000.0,-284990000.0,-414179000.0,-63504000.0,-3.87,-3.87,12181000.0
ALB,quarterly,2025-09-30,1307829000.0,1190219000.0,117610000.0,151251000.0,-33641000.0,-239146000.0,-160694000.0,-23704000.0,-1.72,-1.72,12674000.0
ALB,quarterly,2025-06-30,1329992000.0,1133116000.0,196876000.0,144901000.0,51975000.0,-8971000.0,22897000.0,209699000.0,-0.16,-0.16,12444000.0
ALEC,annual,2025-12-31,21045000.0,,,177052000.0,-156007000.0,-142761000.0,-142929000.0,-146346000.0,-1.39,-1.39,123065000.0
ALEC,annual,2024-12-31,100558000.0,,,245555000.0,-144997000.0,-118921000.0,-119049000.0,-136156000.0,-1.23,-1.23,185940000.0
ALEC,annual,2023-12-31,97062000.0,,,248802000.0,-151740000.0,-125179000.0,-130391000.0,-142892000.0,-1.56,-1.56,192115000.0
ALEC,annual,2022-12-31,133617000.0,,,271451000.0,-137834000.0,-130056000.0,-133310000.0,-129362000.0,-1.62,-1.62,210418000.0
ALEC,quarterly,2026-06-30,3320000.0,,,27713000.0,-24393000.0,-22860000.0,-22990000.0,-22344000.0,-0.21,-0.21,19460000.0
ALEC,quarterly,2026-03-31,1046000.0,,,25965000.0,-24919000.0,-22930000.0,-22930000.0,-22835000.0,-0.21,-0.21,17857000.0
ALEC,quarterly,2025-12-31,6237000.0,,,45803000.0,-39566000.0,-37099000.0,-37267000.0,-37307000.0,-0.34,-0.34,32463000.0
ALEC,quarterly,2025-09-30,3260000.0,,,40868000.0,-37608000.0,-34667000.0,-34667000.0,-35276000.0,-0.34,-0.34,29350000.0
ALEC,quarterly,2025-06-30,7874000.0,,,42012000.0,-34138000.0,-30524000.0,-30524000.0,-30916000.0,-0.3,-0.3,27611000.0
ALLO,annual,2025-12-31,0.0,,,206933000.0,-206933000.0,-190886000.0,-190886000.0,-177452000.0,-0.87,-0.87,150152000.0
ALLO,annual,2024-12-31,22000.0,,,257504000.0,-257482000.0,-257147000.0,-257590000.0,-243327000.0,-1.32,-1.32,192299000.0
ALLO,annual,2023-12-31,95000.0,,,314587000.0,-314492000.0,-327265000.0,-327265000.0,-313066000.0,-2.09,-2.09,242914000.0
ALLO,annual,2022-12-31,156000.0,,,335692000.0,-335536000.0,-340414000.0,-340414000.0,-321241000.0,-2.32,-2.32,256387000.0
ALLO,quarterly,2026-06-30,4640000.0,,,51560000.0,-46920000.0,-42677000.0,-42677000.0,-39689000.0,-0.13,-0.13,30721000.0
ALLO,quarterly,2026-03-31,0.0,,,46092000.0,-46092000.0,-42607000.0,-42607000.0,-39438000.0,-0.18,-0.18,32003000.0
ALLO,quarterly,2025-12-31,0.0,,,42404000.0,-42404000.0,-38810000.0,-38810000.0,-35440000.0,-0.17,-0.17,28632000.0
ALLO,quarterly,2025-09-30,0.0,,,44901000.0,-44901000.0,-41400000.0,-41400000.0,-37959000.0,-0.19,-0.19,31164000.0
ALLO,quarterly,2025-06-30,0.0,,,54437000.0,-54437000.0,-50943000.0,-50943000.0,-47569000.0,-0.23,-0.23,40156000.0
ALOY,quarterly,2026-06-30,804000.0,329000.0,475000.0,37279000.0,-36804000.0,-36818000.0,-36818000.0,-36899000.0,-0.59,-0.59,34000.0
ALOY,quarterly,2026-03-31,706000.0,299000.0,407000.0,88064000.0,-87657000.0,-106718000.0,-106718000.0,-106623000.0,-1.98,-1.98,34000.0
ALOY,quarterly,2025-06-30,440000.0,219000.0,221000.0,1123000.0,-902000.0,-2200000.0,-2200000.0,-2039000.0,-0.05,-0.05,0.0
ALOY,quarterly,2025-03-31,0.0,0.0,0.0,867000.0,-867000.0,-1742000.0,-1742000.0,-1651000.0,-0.05,-0.05,0.0
ALT,annual,2025-12-31,41000.0,,,94530000.0,-94489000.0,-88774000.0,-88093000.0,-87026000.0,-1.0,-1.0,66432000.0
ALT,annual,2024-12-31,20000.0,,,103192000.0,-103172000.0,-95059000.0,-95059000.0,-94812000.0,-1.34,-1.34,82226000.0
ALT,annual,2023-12-31,426000.0,,,83936000.0,-83510000.0,-88447000.0,-88447000.0,-87935000.0,-1.66,-1.66,65799000.0
ALT,annual,2022-12-31,-68000.0,,,87672000.0,-87740000.0,-84910000.0,-84713000.0,-84409000.0,-1.81,-1.81,70538000.0
ALT,quarterly,2026-06-30,0.0,,,26229000.0,-26229000.0,-22825000.0,-22825000.0,-21705000.0,-0.12,-0.12,18655000.0
ALT,quarterly,2026-03-31,0.0,,,24244000.0,-24244000.0,-22563000.0,-22563000.0,-21472000.0,-0.18,-0.18,16192000.0
ALT,quarterly,2025-12-31,26000.0,,,28919000.0,-28893000.0,-27358000.0,-27358000.0,-26456000.0,-0.27,-0.27,18409000.0
ALT,quarterly,2025-09-30,5000.0,,,20864000.0,-20859000.0,-19014000.0,-19014000.0,-18492000.0,-0.21,-0.21,14960000.0
ALT,quarterly,2025-06-30,5000.0,,,22927000.0,-22922000.0,-22146000.0,-22146000.0,-21852000.0,-0.27,-0.27,17236000.0
AMAT,annual,2025-10-31,28368000000.0,14560000000.0,13808000000.0,5338000000.0,8470000000.0,9271000000.0,6998000000.0,9975000000.0,8.66,8.71,3570000000.0
AMAT,annual,2024-10-31,27176000000.0,14279000000.0,12897000000.0,5030000000.0,7867000000.0,8152000000.0,7177000000.0,8791000000.0,8.61,8.68,3233000000.0
AMAT,annual,2023-10-31,26517000000.0,14133000000.0,12384000000.0,4730000000.0,7654000000.0,7716000000.0,6856000000.0,8469000000.0,8.11,8.16,3102000000.0
AMAT,annual,2022-10-31,25785000000.0,13792000000.0,11993000000.0,4209000000.0,7784000000.0,7599000000.0,6525000000.0,8271000000.0,7.44,7.49,2771000000.0
AMAT,quarterly,2026-07-31,9115000000.0,4529000000.0,4586000000.0,1511000000.0,3075000000.0,2907000000.0,2538000000.0,3226000000.0,3.17,3.2,1100000000.0
AMAT,quarterly,2026-04-30,7910000000.0,3963000000.0,3947000000.0,1424000000.0,2523000000.0,3225000000.0,2806000000.0,3429000000.0,3.51,3.53,1027000000.0
AMAT,quarterly,2026-01-31,7012000000.0,3577000000.0,3435000000.0,1339000000.0,2096000000.0,2328000000.0,2026000000.0,2524000000.0,2.54,2.55,928000000.0
AMAT,quarterly,2025-10-31,6800000000.0,3535000000.0,3265000000.0,1372000000.0,1893000000.0,2267000000.0,1897000000.0,2452000000.0,2.38,2.39,917000000.0
AMAT,quarterly,2025-07-31,7302000000.0,3740000000.0,3562000000.0,1329000000.0,2233000000.0,2563000000.0,1779000000.0,2742000000.0,2.22,2.23,901000000.0
AMD,annual,2025-12-31,34639000000.0,17487000000.0,17152000000.0,13458000000.0,3694000000.0,4140000000.0,4335000000.0,7275000000.0,2.65,2.67,8091000000.0
AMD,annual,2024-12-31,25785000000.0,13060000000.0,12725000000.0,10639000000.0,2086000000.0,1989000000.0,1641000000.0,5145000000.0,1.0,1.01,6456000000.0
AMD,annual,2023-12-31,22680000000.0,12220000000.0,10460000000.0,10059000000.0,401000000.0,492000000.0,854000000.0,4051000000.0,0.53,0.53,5872000000.0
AMD,annual,2022-12-31,23601000000.0,12998000000.0,10603000000.0,9339000000.0,1264000000.0,1184000000.0,1320000000.0,5534000000.0,0.84,0.85,5005000000.0
AMD,quarterly,2026-06-30,11536000000.0,5333000000.0,6203000000.0,4213000000.0,1990000000.0,2551000000.0,2297000000.0,3353000000.0,1.38,1.4,2528000000.0
AMD,quarterly,2026-03-31,10253000000.0,4837000000.0,5416000000.0,3940000000.0,1476000000.0,1604000000.0,1383000000.0,2398000000.0,0.84,0.85,2397000000.0
AMD,quarterly,2025-12-31,10270000000.0,4693000000.0,5577000000.0,3825000000.0,1752000000.0,2074000000.0,1511000000.0,2861000000.0,0.92,0.93,2330000000.0
AMD,quarterly,2025-09-30,9246000000.0,4466000000.0,4780000000.0,3510000000.0,1270000000.0,1315000000.0,1243000000.0,2106000000.0,0.75,0.76,2139000000.0
AMD,quarterly,2025-06-30,7685000000.0,4626000000.0,3059000000.0,3193000000.0,-134000000.0,-74000000.0,872000000.0,721000000.0,0.54,0.54,1894000000.0
AMG,annual,2025-12-31,2074400000.0,1019800000.0,1054600000.0,579300000.0,475300000.0,1186300000.0,716600000.0,1493500000.0,22.74,25.18,
AMG,annual,2024-12-31,2040900000.0,915300000.0,1125600000.0,418900000.0,706700000.0,923200000.0,511600000.0,1098900000.0,15.13,16.45,
AMG,annual,2023-12-31,2057800000.0,907500000.0,1150300000.0,419500000.0,730800000.0,1091400000.0,672900000.0,1276500000.0,17.42,19.18,
AMG,annual,2022-12-31,2329600000.0,1071500000.0,1258100000.0,452900000.0,805200000.0,1746400000.0,1145900000.0,1928200000.0,25.35,29.77,
AMG,quarterly,2026-06-30,640700000.0,316100000.0,324600000.0,116800000.0,207800000.0,307400000.0,185900000.0,357400000.0,6.95,7.05,
AMG,quarterly,2026-03-31,544900000.0,287100000.0,257800000.0,159100000.0,98700000.0,192900000.0,110400000.0,283000000.0,3.84,4.12,
AMG,quarterly,2025-12-31,556600000.0,272200000.0,284400000.0,184600000.0,99800000.0,525500000.0,347600000.0,627000000.0,11.21,12.53,
AMG,quarterly,2025-09-30,528000000.0,253500000.0,274500000.0,109400000.0,165100000.0,362500000.0,212400000.0,404700000.0,6.87,7.47,
AMG,quarterly,2025-06-30,493200000.0,263700000.0,229500000.0,104500000.0,125000000.0,171600000.0,84300000.0,214900000.0,2.8,2.96,
AMGN,annual,2025-12-31,36751000000.0,12037000000.0,24714000000.0,15634000000.0,9080000000.0,8976000000.0,7711000000.0,16898000000.0,14.23,14.33,7272000000.0
AMGN,annual,2024-12-31,33424000000.0,12858000000.0,20566000000.0,13308000000.0,7258000000.0,4609000000.0,4090000000.0,13356000000.0,7.56,7.62,5964000000.0
AMGN,annual,2023-12-31,28190000000.0,8451000000.0,19739000000.0,11842000000.0,7897000000.0,7855000000.0,6717000000.0,14801000000.0,12.49,12.56,4784000000.0
AMGN,annual,2022-12-31,26323000000.0,6406000000.0,19917000000.0,10351000000.0,9566000000.0,7346000000.0,6552000000.0,12169000000.0,12.11,12.18,4434000000.0
AMGN,quarterly,2026-06-30,10054000000.0,2811000000.0,7243000000.0,3729000000.0,3514000000.0,2768000000.0,2375000000.0,4553000000.0,4.37,4.4,1868000000.0
AMGN,quarterly,2026-03-31,8618000000.0,2744000000.0,5874000000.0,3208000000.0,2666000000.0,2084000000.0,1819000000.0,3857000000.0,3.34,3.37,1719000000.0
AMGN,quarterly,2025-12-31,9866000000.0,2976000000.0,6890000000.0,4170000000.0,2720000000.0,1514000000.0,1333000000.0,3299000000.0,2.45,2.47,2142000000.0
AMGN,quarterly,2025-09-30,9557000000.0,3082000000.0,6475000000.0,3949000000.0,2526000000.0,3921000000.0,3216000000.0,5913000000.0,5.93,5.98,1900000000.0
AMGN,quarterly,2025-06-30,9179000000.0,3011000000.0,6168000000.0,3512000000.0,2656000000.0,1568000000.0,1432000000.0,3603000000.0,2.65,2.66,1744000000.0
AMH,annual,2025-12-31,1850234000.0,798762000.0,1051472000.0,587347000.0,464125000.0,513392000.0,452974000.0,1202931000.0,1.18,1.18,
AMH,annual,2024-12-31,1728697000.0,755204000.0,973493000.0,560600000.0,412893000.0,468142000.0,412426000.0,1110503000.0,1.08,1.08,
AMH,annual,2023-12-31,1623605000.0,722822000.0,900783000.0,531165000.0,369618000.0,432142000.0,380168000.0,1028890000.0,1.01,1.01,
AMH,annual,2022-12-31,1490534000.0,664789000.0,825745000.0,494588000.0,331157000.0,310025000.0,273138000.0,871427000.0,0.71,0.72,
AMH,quarterly,2026-06-30,470104000.0,195787000.0,274317000.0,149265000.0,125052000.0,132919000.0,117112000.0,310052000.0,0.31,0.31,
AMH,quarterly,2026-03-31,472024000.0,201993000.0,270031000.0,148676000.0,121355000.0,148844000.0,131254000.0,324410000.0,0.35,0.35,
AMH,quarterly,2025-12-31,454991000.0,187562000.0,267429000.0,148642000.0,118787000.0,144254000.0,127294000.0,315342000.0,0.33,0.33,
AMH,quarterly,2025-09-30,478464000.0,214988000.0,263476000.0,147159000.0,116317000.0,116801000.0,103183000.0,291656000.0,0.27,0.27,
AMH,quarterly,2025-06-30,457503000.0,194501000.0,263002000.0,146947000.0,116055000.0,123624000.0,109039000.0,296866000.0,0.28,0.28,
AMKR,annual,2025-12-31,6707981000.0,5769382000.0,938599000.0,471214000.0,467385000.0,444619000.0,373895000.0,1162071000.0,1.5,1.51,166743000.0
AMKR,annual,2024-12-31,6317692000.0,5384480000.0,933212000.0,494757000.0,438455000.0,431016000.0,354012000.0,1090624000.0,1.43,1.44,162951000.0
AMKR,annual,2023-12-31,6503065000.0,5559912000.0,943153000.0,472866000.0,470287000.0,443841000.0,359813000.0,1134349000.0,1.46,1.46,177473000.0
AMKR,annual,2022-12-31,7091585000.0,5761598000.0,1329987000.0,432801000.0,897186000.0,856932000.0,765823000.0,1528197000.0,3.11,3.13,149429000.0
AMKR,quarterly,2026-06-30,1897965000.0,1579375000.0,318590000.0,118736000.0,199854000.0,203175000.0,173753000.0,399796000.0,0.7,0.7,39832000.0
AMKR,quarterly,2026-03-31,1684701000.0,1445669000.0,239032000.0,138745000.0,100287000.0,96308000.0,83351000.0,284921000.0,0.33,0.34,41758000.0
AMKR,quarterly,2025-12-31,1888046000.0,1573417000.0,314629000.0,129661000.0,184968000.0,181219000.0,171761000.0,367544000.0,0.69,0.69,36731000.0
AMKR,quarterly,2025-09-30,1986968000.0,1702478000.0,284490000.0,125563000.0,158927000.0,154397000.0,126589000.0,339242000.0,0.51,0.51,42352000.0
AMKR,quarterly,2025-06-30,1511392000.0,1329495000.0,181897000.0,89930000.0,91967000.0,83214000.0,54417000.0,258866000.0,0.22,0.22,42008000.0
AMR,annual,2025-12-31,2129481000.0,2104642000.0,24839000.0,86205000.0,-61366000.0,-87459000.0,-61687000.0,95511000.0,-4.75,-4.75,
AMR,annual,2024-12-31,2957285000.0,2625632000.0,331653000.0,103799000.0,227854000.0,210750000.0,187579000.0,388592000.0,14.28,14.41,
AMR,annual,2023-12-31,3471417000.0,2501530000.0,969887000.0,106802000.0,863085000.0,845459000.0,721956000.0,997774000.0,49.3,51.18,
AMR,annual,2022-12-31,4101592000.0,2413087000.0,1688505000.0,107626000.0,1580879000.0,1554750000.0,1448545000.0,1703670000.0,79.49,82.82,
AMR,quarterly,2026-06-30,492856000.0,480583000.0,12273000.0,22773000.0,-10500000.0,-18847000.0,-12252000.0,19035000.0,-0.96,-0.96,
AMR,quarterly,2026-03-31,524987000.0,515191000.0,9796000.0,20228000.0,-10432000.0,-16358000.0,-11032000.0,25285000.0,-0.86,-0.86,
AMR,quarterly,2025-12-31,520472000.0,521768000.0,-1296000.0,20028000.0,-21324000.0,-27028000.0,-17271000.0,16951000.0,-1.34,-1.34,
AMR,quarterly,2025-09-30,526778000.0,506891000.0,19887000.0,22409000.0,-2522000.0,-8845000.0,-5515000.0,37176000.0,-0.42,-0.42,
AMR,quarterly,2025-06-30,550274000.0,526132000.0,24142000.0,21487000.0,2655000.0,-6202000.0,-4954000.0,40738000.0,-0.38,-0.38,
AMS,annual,2025-12-31,28082000.0,23018000.0,5064000.0,7078000.0,-2014000.0,-3220000.0,-1553000.0,4068000.0,-0.23,-0.23,
AMS,annual,2024-12-31,28340000.0,19155000.0,9185000.0,7407000.0,1778000.0,1237000.0,2186000.0,8910000.0,0.33,0.34,
AMS,annual,2023-12-31,21325000.0,11981000.0,9344000.0,7022000.0,2322000.0,696000.0,610000.0,6973000.0,0.1,0.1,
AMS,annual,2022-12-31,19746000.0,11364000.0,8382000.0,5145000.0,3237000.0,2518000.0,1328000.0,8107000.0,0.21,0.21,
AMS,quarterly,2026-06-30,8430000.0,6997000.0,1433000.0,2042000.0,-609000.0,-863000.0,-514000.0,784000.0,-0.07,-0.07,
AMS,quarterly,2026-03-31,7084000.0,5796000.0,1288000.0,1910000.0,-622000.0,-870000.0,-612000.0,726000.0,-0.09,-0.09,
AMS,quarterly,2025-12-31,7728000.0,6822000.0,906000.0,1986000.0,-1080000.0,-1205000.0,-631000.0,419000.0,-0.09,-0.09,
AMS,quarterly,2025-09-30,7171000.0,5585000.0,1586000.0,1538000.0,48000.0,-281000.0,-17000.0,1565000.0,0.0,0.0,
AMS,quarterly,2025-06-30,7071000.0,5441000.0,1630000.0,1746000.0,-116000.0,-499000.0,-280000.0,1437000.0,-0.04,-0.04,
AMT,annual,2025-12-31,10644600000.0,2748100000.0,7896500000.0,2967300000.0,4929200000.0,3044200000.0,2529500000.0,6445200000.0,5.4,5.41,
AMT,annual,2024-12-31,10127200000.0,2574400000.0,7552800000.0,2949800000.0,4603000000.0,3624800000.0,2255000000.0,7154100000.0,4.82,4.83,
AMT,annual,2023-12-31,10012200000.0,2561500000.0,7450700000.0,3913900000.0,3536800000.0,1529300000.0,1483300000.0,6004000000.0,3.18,3.18,
AMT,annual,2022-12-31,9645400000.0,2569200000.0,7076200000.0,4153500000.0,2922700000.0,2086000000.0,1765800000.0,6577100000.0,3.82,3.83,
AMT,quarterly,2026-06-30,2749100000.0,741300000.0,2007800000.0,739000000.0,1268800000.0,1009300000.0,867500000.0,1878200000.0,1.86,1.86,
AMT,quarterly,2026-03-31,2737500000.0,703300000.0,2034200000.0,795000000.0,1239200000.0,1018100000.0,859500000.0,1883600000.0,1.84,1.84,
AMT,quarterly,2025-12-31,2737500000.0,714100000.0,2023400000.0,779300000.0,1244100000.0,964900000.0,820700000.0,1825200000.0,1.75,1.76,
AMT,quarterly,2025-09-30,2717400000.0,710800000.0,2006600000.0,773300000.0,1233300000.0,950000000.0,853300000.0,1820000000.0,1.82,1.82,
AMT,quarterly,2025-06-30,2626900000.0,688700000.0,1938200000.0,740500000.0,1197700000.0,511800000.0,366800000.0,1364700000.0,0.78,0.78,
AMZN,annual,2025-12-31,716924000000.0,356414000000.0,360510000000.0,280535000000.0,79975000000.0,97311000000.0,77670000000.0,165341000000.0,7.17,7.29,
AMZN,annual,2024-12-31,637959000000.0,326288000000.0,311671000000.0,243078000000.0,68593000000.0,68614000000.0,59248000000.0,123815000000.0,5.53,5.66,
AMZN,annual,2023-12-31,574785000000.0,304739000000.0,270046000000.0,233194000000.0,36852000000.0,37557000000.0,30425000000.0,89402000000.0,2.9,2.95,
AMZN,annual,2022-12-31,513983000000.0,288831000000.0,225152000000.0,212904000000.0,12248000000.0,-5936000000.0,-2722000000.0,38352000000.0,-0.27,-0.27,
AMZN,quarterly,2026-06-30,,,,,,,,,5.75,5.82,
AMZN,quarterly,2026-03-31,181519000000.0,87463000000.0,94056000000.0,70204000000.0,23852000000.0,39834000000.0,30255000000.0,59579000000.0,2.78,2.82,
AMZN,quarterly,2025-12-31,213386000000.0,109959000000.0,103427000000.0,78450000000.0,24977000000.0,26605000000.0,21192000000.0,46755000000.0,1.95,1.98,
AMZN,quarterly,2025-09-30,180169000000.0,88670000000.0,91499000000.0,74077000000.0,17422000000.0,28170000000.0,21187000000.0,45504000000.0,1.95,1.98,
AMZN,quarterly,2025-06-30,167702000000.0,80809000000.0,86893000000.0,67722000000.0,19171000000.0,20857000000.0,18164000000.0,36600000000.0,1.68,1.71,
ANET,annual,2025-12-31,9005700000.0,3237000000.0,5768700000.0,1912600000.0,3856100000.0,4249700000.0,3511400000.0,3928700000.0,2.75,2.79,1237300000.0
ANET,annual,2024-12-31,7003100000.0,2511800000.0,4491300000.0,1546700000.0,2944600000.0,3265100000.0,2852100000.0,3006600000.0,2.23,2.27,996700000.0
ANET,annual,2023-12-31,5860200000.0,2229900000.0,3630300000.0,1373000000.0,2257300000.0,2422000000.0,2087300000.0,2327900000.0,1.645,1.6875,854900000.0
ANET,annual,2022-12-31,4381310000.0,1705614000.0,2675696000.0,1148590000.0,1527106000.0,1581796000.0,1352446000.0,1589806000.0,1.0675,1.1025,728394000.0
ANET,quarterly,2026-06-30,3035700000.0,1125400000.0,1910300000.0,532300000.0,1378000000.0,1504300000.0,1212900000.0,1401400000.0,0.95,0.96,348200000.0
ANET,quarterly,2026-03-31,2709000000.0,1032200000.0,1676800000.0,519000000.0,1157800000.0,1271400000.0,1022900000.0,1181100000.0,0.8,0.81,343700000.0
ANET,quarterly,2025-12-31,2487800000.0,924000000.0,1563800000.0,530900000.0,1032900000.0,1137400000.0,955800000.0,1055700000.0,0.75,0.76,348400000.0
ANET,quarterly,2025-09-30,2308300000.0,818100000.0,1490200000.0,512000000.0,978200000.0,1077100000.0,853000000.0,1001400000.0,0.67,0.68,326000000.0
ANET,quarterly,2025-06-30,2204800000.0,766200000.0,1438600000.0,452400000.0,986200000.0,1080200000.0,888800000.0,999000000.0,0.7,0.71,296500000.0
AON,annual,2025-12-31,17181000000.0,8985000000.0,8196000000.0,3487000000.0,4709000000.0,4759000000.0,3695000000.0,6540000000.0,17.02,17.11,
AON,annual,2024-12-31,15698000000.0,8283000000.0,7415000000.0,3191000000.0,4224000000.0,3462000000.0,2654000000.0,4936000000.0,12.49,12.55,
AON,annual,2023-12-31,13376000000.0,6902000000.0,6474000000.0,2554000000.0,3920000000.0,3169000000.0,2564000000.0,3909000000.0,12.51,12.6,
AON,annual,2022-12-31,12479000000.0,6477000000.0,6002000000.0,2333000000.0,3669000000.0,3156000000.0,2589000000.0,3826000000.0,12.14,12.23,
AON,quarterly,2026-06-30,4246000000.0,2271000000.0,1975000000.0,964000000.0,1011000000.0,724000000.0,551000000.0,1126000000.0,2.58,2.58,
AON,quarterly,2026-03-31,5034000000.0,2393000000.0,2641000000.0,834000000.0,1807000000.0,1553000000.0,1212000000.0,1930000000.0,5.63,5.66,
AON,quarterly,2025-12-31,4300000000.0,2117000000.0,2183000000.0,846000000.0,1337000000.0,2209000000.0,1693000000.0,2633000000.0,7.82,7.87,
AON,quarterly,2025-09-30,3997000000.0,2259000000.0,1738000000.0,890000000.0,848000000.0,597000000.0,458000000.0,1043000000.0,2.11,2.12,
AON,quarterly,2025-06-30,4155000000.0,2360000000.0,1795000000.0,842000000.0,953000000.0,703000000.0,579000000.0,1163000000.0,2.66,2.68,
APD,annual,2025-09-30,12037300000.0,8256000000.0,3781300000.0,892300000.0,2889000000.0,-440700000.0,-394500000.0,1337500000.0,-1.77,-1.77,96300000.0
APD,annual,2024-09-30,12100600000.0,8168700000.0,3931900000.0,984400000.0,2947500000.0,4821200000.0,3828200000.0,6491100000.0,17.18,17.21,100200000.0
APD,annual,2023-09-30,12600000000.0,8833000000.0,3767000000.0,1027800000.0,2739200000.0,2882400000.0,2300200000.0,4418200000.0,10.33,10.35,105600000.0
APD,annual,2022-09-30,12698600000.0,9338500000.0,3360100000.0,947600000.0,2412500000.0,2754700000.0,2256100000.0,4220900000.0,10.14,10.16,102900000.0
APD,quarterly,2026-06-30,3161000000.0,2125000000.0,1036000000.0,225700000.0,810300000.0,-1937700000.0,-1440800000.0,-1502900000.0,-6.47,-6.47,21500000.0
APD,quarterly,2026-03-31,3171800000.0,2184400000.0,987400000.0,234700000.0,752700000.0,883500000.0,710400000.0,1308000000.0,3.19,3.19,21600000.0
APD,quarterly,2025-12-31,3102500000.0,2107500000.0,995000000.0,238500000.0,756500000.0,850800000.0,678200000.0,1276000000.0,3.04,3.04,20400000.0
APD,quarterly,2025-09-30,3166900000.0,2145500000.0,1021400000.0,209600000.0,811800000.0,121300000.0,4900000.0,601900000.0,0.02,0.02,27300000.0
APD,quarterly,2025-06-30,3022700000.0,2040100000.0,982600000.0,210200000.0,772400000.0,890800000.0,713800000.0,1353200000.0,3.2,3.2,24100000.0
APH,annual,2025-12-31,23094700000.0,14577000000.0,8517700000.0,2545700000.0,5972000000.0,5600700000.0,4270300000.0,6890900000.0,3.34,3.51,
APH,annual,2024-12-31,15222700000.0,10083000000.0,5139700000.0,1855400000.0,3284300000.0,3011900000.0,2424000000.0,3801400000.0,1.92,2.01,
APH,annual,2023-12-31,12554700000.0,8470600000.0,4084100000.0,1489900000.0,2594200000.0,2454800000.0,1928000000.0,3000700000.0,1.555,1.615,
APH,annual,2022-12-31,12623000000.0,8594800000.0,4028200000.0,1420900000.0,2607300000.0,2467400000.0,1902300000.0,2988700000.0,1.53,1.595,
APH,quarterly,2026-06-30,,,,,,,,,1.37,1.44,
APH,quarterly,2026-03-31,7620100000.0,4819900000.0,2800200000.0,851500000.0,1948700000.0,1645700000.0,933000000.0,2339400000.0,0.72,0.76,
APH,quarterly,2025-12-31,6439000000.0,3977900000.0,2461100000.0,691000000.0,1770100000.0,1648800000.0,1195500000.0,2027500000.0,0.93,0.98,
APH,quarterly,2025-09-30,6194400000.0,3835100000.0,2359300000.0,657000000.0,1702300000.0,1640900000.0,1245700000.0,1949300000.0,0.97,1.02,
APH,quarterly,2025-06-30,5650300000.0,3597000000.0,2053300000.0,622500000.0,1430800000.0,1348100000.0,1091300000.0,1638400000.0,0.86,0.9,
APLD,annual,2026-05-31,611311000.0,453629000.0,157682000.0,332096000.0,-174414000.0,-181532000.0,-244004000.0,-84629000.0,-0.91,-0.91,
APLD,annual,2025-05-31,228569000.0,216759000.0,11810000.0,107877000.0,-96067000.0,-230963000.0,-231065000.0,-100879000.0,,,
APLD,annual,2024-05-31,165575000.0,148340000.0,17235000.0,97776000.0,-80541000.0,-149575000.0,-149274000.0,-42698000.0,-1.31,-1.31,
APLD,annual,2023-05-31,55392000.0,44388000.0,11004000.0,53915000.0,-42911000.0,-45011000.0,-44646000.0,-35391000.0,-0.49,-0.49,
APLD,annual,2022-05-31,,,,,,,,,-0.41,-0.41,
APLD,quarterly,2026-05-31,258749000.0,218231000.0,40518000.0,165282000.0,-124764000.0,-79621000.0,-110162000.0,-35153000.0,-0.39,-0.39,
APLD,quarterly,2026-02-28,126637000.0,72832000.0,53805000.0,79723000.0,-25918000.0,-70558000.0,-99303000.0,-5105000.0,-0.36,-0.36,
APLD,quarterly,2025-11-30,126589000.0,100553000.0,26036000.0,56993000.0,-30957000.0,-26548000.0,-17511000.0,-6477000.0,-0.07,-0.07,
APLD,quarterly,2025-08-31,64216000.0,55606000.0,8610000.0,29152000.0,-20542000.0,-26239000.0,-16926000.0,-18141000.0,-0.07,-0.07,
APLD,quarterly,2025-05-31,-33300000.0,-61111000.0,27811000.0,16213000.0,11598000.0,20177000.0,-52537000.0,29634000.0,-0.24,,
APO,annual,2025-12-31,32049000000.0,1443000000.0,30606000000.0,22348000000.0,8258000000.0,6677000000.0,3492000000.0,8478000000.0,5.54,5.58,
APO,annual,2024-12-31,26114000000.0,1140000000.0,24974000000.0,16675000000.0,8299000000.0,7435000000.0,4577000000.0,8849000000.0,7.33,7.39,
APO,annual,2023-12-31,32644000000.0,1027000000.0,31617000000.0,25471000000.0,6146000000.0,5586000000.0,5047000000.0,6647000000.0,8.49,8.53,
APO,annual,2022-12-31,10968000000.0,927000000.0,10041000000.0,14416000000.0,-4375000000.0,-4246000000.0,-1961000000.0,-3496000000.0,-3.43,-3.43,
APO,quarterly,2026-06-30,11153000000.0,435000000.0,10718000000.0,7868000000.0,2850000000.0,2485000000.0,1361000000.0,3053000000.0,2.15,2.18,
APO,quarterly,2026-03-31,5057000000.0,413000000.0,4644000000.0,3850000000.0,794000000.0,283000000.0,-1906000000.0,815000000.0,-3.27,-3.27,
APO,quarterly,2025-12-31,9864000000.0,411000000.0,9453000000.0,7348000000.0,2105000000.0,1752000000.0,684000000.0,2259000000.0,,,
APO,quarterly,2025-09-30,9823000000.0,376000000.0,9447000000.0,6275000000.0,3172000000.0,2899000000.0,1736000000.0,3393000000.0,2.78,2.82,
APO,quarterly,2025-06-30,6814000000.0,330000000.0,6484000000.0,5036000000.0,1448000000.0,845000000.0,630000000.0,1256000000.0,0.99,1.0,
APTV,annual,2025-12-31,20398000000.0,16500000000.0,3898000000.0,1881000000.0,2017000000.0,919000000.0,165000000.0,2271000000.0,0.75,0.775569,
APTV,annual,2024-12-31,19713000000.0,16002000000.0,3711000000.0,1676000000.0,2035000000.0,2151000000.0,1787000000.0,3452000000.0,6.96,6.97,
APTV,annual,2023-12-31,20051000000.0,16612000000.0,3439000000.0,1669000000.0,1770000000.0,1337000000.0,2938000000.0,2534000000.0,10.39,10.5,
APTV,annual,2022-12-31,17489000000.0,14854000000.0,2635000000.0,1287000000.0,1348000000.0,990000000.0,594000000.0,1971000000.0,1.96,1.96,
APTV,quarterly,2026-06-30,3274000000.0,2499000000.0,775000000.0,384000000.0,391000000.0,366000000.0,248000000.0,562000000.0,1.17,1.17,
APTV,quarterly,2026-03-31,5086000000.0,4166000000.0,920000000.0,480000000.0,440000000.0,285000000.0,189000000.0,624000000.0,0.88,0.89,
APTV,quarterly,2025-12-31,5153000000.0,4190000000.0,963000000.0,502000000.0,461000000.0,354000000.0,138000000.0,691000000.0,0.64,0.648658,
APTV,quarterly,2025-09-30,5212000000.0,4194000000.0,1018000000.0,485000000.0,533000000.0,-243000000.0,-355000000.0,209000000.0,-1.63,-1.63,
APTV,quarterly,2025-06-30,3199000000.0,2468000000.0,731000000.0,379000000.0,352000000.0,294000000.0,393000000.0,523000000.0,1.8,1.8,
ARES,annual,2025-12-31,5601482000.0,2565625000.0,3035857000.0,2143141000.0,892716000.0,1286893000.0,527362000.0,2297502000.0,1.7,1.71,
ARES,annual,2024-12-31,3884781000.0,1731747000.0,2153034000.0,1206944000.0,946090000.0,1275352000.0,463742000.0,2412231000.0,2.04,2.04,
ARES,annual,2023-12-31,3631884000.0,1486698000.0,2145186000.0,1311160000.0,834026000.0,1333063000.0,474326000.0,2425651000.0,2.42,2.44,
ARES,annual,2022-12-31,3055443000.0,1498590000.0,1556853000.0,1250495000.0,306358000.0,510806000.0,167541000.0,1334864000.0,0.87,0.87,
ARES,quarterly,2026-06-30,1428610000.0,688660000.0,739950000.0,491317000.0,248633000.0,385942000.0,150635000.0,542292000.0,0.49,0.49,
ARES,quarterly,2026-03-31,1396436000.0,692407000.0,704029000.0,476056000.0,227973000.0,312921000.0,142589000.0,502482000.0,0.46,0.46,
ARES,quarterly,2025-12-31,1504921000.0,604956000.0,899965000.0,643688000.0,256277000.0,206646000.0,54248000.0,392748000.0,0.08,0.08,
ARES,quarterly,2025-09-30,1657628000.0,659835000.0,997793000.0,648381000.0,349412000.0,652271000.0,288882000.0,855289000.0,1.15,1.15,
ARES,quarterly,2025-06-30,1350128000.0,643709000.0,706419000.0,493869000.0,212550000.0,286938000.0,137062000.0,476151000.0,0.46,0.46,
ARM,annual,2026-03-31,4920000000.0,121000000.0,4799000000.0,3891000000.0,908000000.0,1157000000.0,904000000.0,1157000000.0,0.85,0.85,2776000000.0
ARM,annual,2025-03-31,4007000000.0,121000000.0,3886000000.0,3055000000.0,831000000.0,720000000.0,792000000.0,1014000000.0,0.61,0.62,2071000000.0
ARM,annual,2024-03-31,3233000000.0,154000000.0,3079000000.0,2962000000.0,117000000.0,212000000.0,306000000.0,279000000.0,0.29,0.3,1979000000.0
ARM,annual,2023-03-31,2679000000.0,106000000.0,2573000000.0,1895000000.0,678000000.0,671000000.0,524000000.0,848000000.0,0.510694,0.510694,1133000000.0
ARM,quarterly,2026-06-30,1289000000.0,36000000.0,1253000000.0,1155000000.0,98000000.0,253000000.0,270000000.0,173000000.0,0.25,0.25,838000000.0
ARM,quarterly,2026-03-31,1490000000.0,32000000.0,1458000000.0,1018000000.0,440000000.0,481000000.0,313000000.0,511000000.0,0.29,0.29,698000000.0
ARM,quarterly,2025-12-31,1242000000.0,30000000.0,1212000000.0,1021000000.0,191000000.0,228000000.0,223000000.0,254000000.0,0.21,0.21,737000000.0
ARM,quarterly,2025-09-30,1135000000.0,29000000.0,1106000000.0,943000000.0,163000000.0,302000000.0,238000000.0,218000000.0,0.22,0.22,691000000.0
ARM,quarterly,2025-06-30,1053000000.0,30000000.0,1023000000.0,909000000.0,114000000.0,146000000.0,130000000.0,174000000.0,0.12,0.12,650000000.0
ARVN,annual,2025-12-31,262600000.0,,,381100000.0,-118500000.0,-80500000.0,-80800000.0,-113300000.0,-1.14,-1.14,285200000.0
ARVN,annual,2024-12-31,263400000.0,,,513600000.0,-250200000.0,-198300000.0,-198900000.0,-243600000.0,-2.77,-2.77,348200000.0
ARVN,annual,2023-12-31,78500000.0,,,480000000.0,-401500000.0,-363900000.0,-367300000.0,-394800000.0,-6.62,-6.62,379700000.0
ARVN,annual,2022-12-31,131400000.0,,,394600000.0,-263200000.0,-251000000.0,-282500000.0,-255000000.0,-5.31,-5.31,315000000.0
ARVN,quarterly,2026-06-30,249700000.0,,,85600000.0,164100000.0,169600000.0,169400000.0,165300000.0,2.58,2.61,52600000.0
ARVN,quarterly,2026-03-31,15600000.0,,,79400000.0,-63800000.0,-57500000.0,-57600000.0,-62700000.0,-0.9,-0.9,60300000.0
ARVN,quarterly,2025-12-31,9500000.0,,,84100000.0,-74600000.0,-67200000.0,-67400000.0,-73400000.0,-1.1,-1.1,61100000.0
ARVN,quarterly,2025-09-30,41900000.0,,,85700000.0,-43800000.0,-34800000.0,-35100000.0,-42500000.0,-0.48,-0.48,64700000.0
ARVN,quarterly,2025-06-30,22400000.0,,,93900000.0,-71500000.0,-61500000.0,-61200000.0,-70100000.0,-0.84,-0.84,68600000.0
ASML,annual,2025-12-31,32667300000.0,15409300000.0,17258000000.0,5956600000.0,11301400000.0,11406100000.0,9609400000.0,12550300000.0,24.71,24.73,4698800000.0
ASML,annual,2024-12-31,28262900000.0,13770900000.0,14492000000.0,5469400000.0,9022600000.0,9042400000.0,7571600000.0,10123600000.0,19.24,19.25,4303700000.0
ASML,annual,2023-12-31,27558500000.0,13422400000.0,14136100000.0,5093800000.0,9042300000.0,9083500000.0,7839000000.0,9976000000.0,20.59,20.61,3980600000.0
ASML,annual,2022-12-31,21173400000.0,10473300000.0,10700100000.0,4199400000.0,6500700000.0,6456100000.0,5624200000.0,7100500000.0,16.07,16.08,3253500000.0
ASML,quarterly,2026-06-30,9326500000.0,4291100000.0,5035400000.0,1579300000.0,3456100000.0,3486100000.0,2917600000.0,3456100000.0,7.58,7.59,1276600000.0
ASML,quarterly,2026-03-31,8766900000.0,4121900000.0,4645000000.0,1487200000.0,3157800000.0,3198700000.0,2756700000.0,3157800000.0,7.15,7.15,1184900000.0
ASML,quarterly,2025-12-31,9718100000.0,4649500000.0,5068600000.0,1637500000.0,3431100000.0,3442300000.0,2839600000.0,3686300000.0,7.34,7.35,1262300000.0
ASML,quarterly,2025-09-30,7516000000.0,3635700000.0,3880300000.0,1411900000.0,2468400000.0,2487800000.0,2124500000.0,2743000000.0,5.48,5.49,1108700000.0
ASML,quarterly,2025-06-30,7691700000.0,3562200000.0,4129500000.0,1465400000.0,2664100000.0,2688900000.0,2290300000.0,2919000000.0,5.9,5.9,1166700000.0
ASPI,annual,2025-12-31,23849000.0,20444000.0,3405000.0,60596000.0,-57191000.0,-159561000.0,-175092000.0,-157074000.0,-2.11,-2.11,12358000.0
ASPI,annual,2024-12-31,4144000.0,2545000.0,1599000.0,27953000.0,-26354000.0,-32312000.0,-32334000.0,-31582000.0,-0.63,-0.63,3139000.0
ASPI,annual,2023-12-31,433026.0,294056.0,138970.0,16180969.0,-16041999.0,-16300259.0,-16286234.0,-16144279.0,-0.49,-0.49,764581.0
ASPI,annual,2022-12-31,0.0,0.0,0.0,5099048.0,-5099048.0,-4945139.0,-4945139.0,-4945139.0,-0.18,-0.18,1273536.0
ASPI,quarterly,2026-06-30,5123000.0,3643000.0,1480000.0,35675000.0,-34195000.0,-34090000.0,-33585000.0,-31114000.0,-0.27,-0.27,6824000.0
ASPI,quarterly,2026-03-31,4180000.0,2514000.0,1666000.0,26554000.0,-24888000.0,-26737000.0,-6878000.0,-21951000.0,-0.06,-0.06,5263000.0
ASPI,quarterly,2025-12-31,16659524.0,14576640.0,2082884.0,24386023.0,-22303139.0,-63146954.0,-78708939.0,-61950239.0,,,6849773.0
ASPI,quarterly,2025-09-30,4889526.0,4466348.0,423178.0,15390117.0,-14966939.0,-12819973.0,-12874007.0,-12377642.0,-0.15,-0.15,3098507.0
ASPI,quarterly,2025-06-30,1198000.0,626000.0,572000.0,12541000.0,-11969000.0,-75062000.0,-75062000.0,-74450000.0,-1.03,-1.03,880000.0
ASTS,annual,2025-12-31,70918000.0,35216000.0,35702000.0,323415000.0,-287713000.0,-457113000.0,-341940000.0,-369931000.0,-1.34,-1.34,170625000.0
ASTS,annual,2024-12-31,4418000.0,0.0,4418000.0,247180000.0,-242762000.0,-525002000.0,-300083000.0,-442981000.0,-1.94,-1.94,122274000.0
ASTS,annual,2023-12-31,0.0,0.0,0.0,222367000.0,-222367000.0,-220996000.0,-87561000.0,-162016000.0,-1.07,-1.07,126297000.0
ASTS,annual,2022-12-31,13825000.0,6714000.0,7111000.0,152875000.0,-145764000.0,-102496000.0,-31640000.0,-97569000.0,-0.58,-0.58,99832000.0
ASTS,quarterly,2026-06-30,31520000.0,23567000.0,7953000.0,179619000.0,-171666000.0,-298806000.0,-230909000.0,-252065000.0,-0.77,-0.77,95054000.0
ASTS,quarterly,2026-03-31,14735000.0,11649000.0,3086000.0,152498000.0,-149412000.0,-248412000.0,-191012000.0,-206519000.0,-0.66,-0.66,91226000.0
ASTS,quarterly,2025-12-31,54305000.0,29413000.0,24892000.0,97169000.0,-72277000.0,-95039000.0,-73966000.0,-61189000.0,-0.26,-0.26,55221000.0
ASTS,quarterly,2025-09-30,14739000.0,5511000.0,9228000.0,88904000.0,-79676000.0,-163453000.0,-122874000.0,-143192000.0,-0.45,-0.45,46366000.0
ASTS,quarterly,2025-06-30,1156000.0,0.0,1156000.0,73953000.0,-72797000.0,-135161000.0,-99394000.0,-117784000.0,-0.41,-0.41,34991000.0
ASX,annual,2025-12-31,645387710000.0,531194836000.0,114192874000.0,62657942000.0,51534932000.0,51303096000.0,40015755000.0,126221333000.0,17.78,18.74,32851461000.0
ASX,annual,2024-12-31,595409585000.0,498477841000.0,96931744000.0,56524379000.0,40407365000.0,41733373000.0,32378936000.0,108296428000.0,,15.04,28830313000.0
ASX,annual,2023-12-31,581914471000.0,490157339000.0,91757132000.0,49874729000.0,41882403000.0,42611823000.0,35457908000.0,106952596000.0,,14.78,25499408000.0
ASX,annual,2022-12-31,670872643000.0,535942631000.0,134930012000.0,53385021000.0,81544991000.0,81763628000.0,61501545000.0,141204651000.0,,28.78,24369907000.0
ASX,quarterly,2026-06-30,191064000000.0,150914000000.0,40150000000.0,19016000000.0,21134000000.0,25700000000.0,21068000000.0,47553000000.0,9.22,9.6,10229000000.0
ASX,quarterly,2026-03-31,173662152000.0,138812313000.0,34849839000.0,17318046000.0,17531793000.0,18200253000.0,14147537000.0,38895425000.0,6.16,6.48,9209763000.0
ASX,quarterly,2025-12-31,177915710000.0,143179836000.0,34735874000.0,16265942000.0,18469932000.0,18262096000.0,14070755000.0,39679333000.0,6.48,6.74,8960461000.0
ASX,quarterly,2025-09-30,168569000000.0,139692000000.0,28877000000.0,15676000000.0,13201000000.0,13976000000.0,10870000000.0,32396000000.0,4.82,5.0,8308000000.0
ASX,quarterly,2025-06-30,150750000000.0,125063000000.0,25687000000.0,15494000000.0,10193000000.0,9255000000.0,7521000000.0,26989000000.0,3.4,3.48,8004000000.0
ATO,annual,2025-09-30,4702755000.0,1968996000.0,2733759000.0,1173788000.0,1559971000.0,1478034000.0,1198754000.0,2384457000.0,7.46,7.54,
ATO,annual,2024-09-30,4165187000.0,1752830000.0,2412357000.0,1056995000.0,1355362000.0,1235776000.0,1042895000.0,2096380000.0,6.83,6.83,
ATO,annual,2023-09-30,4275357000.0,2217079000.0,2058278000.0,991131000.0,1067147000.0,999641000.0,885862000.0,1741249000.0,6.1,6.1,
ATO,annual,2022-09-30,4201662000.0,2392817000.0,1808845000.0,887863000.0,920982000.0,851908000.0,774398000.0,1490374000.0,5.6,5.61,
ATO,quarterly,2026-06-30,879059000.0,231375000.0,647684000.0,327270000.0,320414000.0,303283000.0,242689000.0,537948000.0,1.43,1.44,
ATO,quarterly,2026-03-31,1962402000.0,863108000.0,1099294000.0,334490000.0,764804000.0,733589000.0,581899000.0,978007000.0,3.47,3.49,
ATO,quarterly,2025-12-31,1342585000.0,525809000.0,816776000.0,302012000.0,514764000.0,503582000.0,402964000.0,731640000.0,2.44,2.48,
ATO,quarterly,2025-09-30,737480000.0,239435000.0,498045000.0,278560000.0,219485000.0,213118000.0,174891000.0,425996000.0,,,
ATO,quarterly,2025-06-30,838774000.0,275940000.0,562834000.0,310767000.0,252067000.0,230630000.0,186429000.0,457953000.0,1.16,1.17,
AU,annual,2025-12-31,9893000000.0,5022000000.0,4871000000.0,602000000.0,4269000000.0,4276000000.0,2636000000.0,5778000000.0,5.19,5.19,
AU,annual,2024-12-31,5793000000.0,3726000000.0,2067000000.0,514000000.0,1553000000.0,1672000000.0,1004000000.0,2585000000.0,2.33,2.33,
AU,annual,2023-12-31,4582000000.0,3555000000.0,1027000000.0,453000000.0,574000000.0,63000000.0,-235000000.0,872000000.0,-0.56,-0.56,
AU,annual,2022-12-31,4501000000.0,3372000000.0,1129000000.0,296000000.0,833000000.0,472000000.0,233000000.0,1250000000.0,0.71,0.71,
AU,quarterly,2026-06-30,3104000000.0,1401000000.0,1703000000.0,120000000.0,1583000000.0,1660000000.0,1002000000.0,1698000000.0,1.96,1.97,
AU,quarterly,2026-03-31,3236000000.0,1293000000.0,1943000000.0,129000000.0,1814000000.0,1949000000.0,1281000000.0,2039000000.0,2.51,2.52,
AU,quarterly,2025-12-31,3068000000.0,1425000000.0,1643000000.0,146000000.0,1497000000.0,1444000000.0,855000000.0,1493000000.0,1.68,1.68,
AU,quarterly,2025-09-30,2417000000.0,1225000000.0,1192000000.0,166000000.0,1026000000.0,1057000000.0,669000000.0,1138000000.0,1.31,1.32,
AU,quarterly,2025-06-30,2445000000.0,1248000000.0,1197000000.0,198000000.0,999000000.0,1046000000.0,669000000.0,1090000000.0,1.32,1.32,
AVAV,annual,2026-04-30,1976845000.0,1476203000.0,500642000.0,570929000.0,-70287000.0,-305622000.0,-265122000.0,-34972000.0,-5.4,-5.4,127678000.0
AVAV,annual,2025-04-30,820627000.0,501991000.0,318636000.0,259482000.0,59154000.0,39664000.0,43619000.0,82850000.0,1.55,1.56,100729000.0
AVAV,annual,2024-04-30,716720000.0,432789000.0,283931000.0,212107000.0,71824000.0,63231000.0,59666000.0,103200000.0,2.18,2.19,97687000.0
AVAV,annual,2023-04-30,540536000.0,367022000.0,173514000.0,196160000.0,-22646000.0,-188377000.0,-176212000.0,-79010000.0,-7.04,-7.04,64255000.0
AVAV,quarterly,2026-04-30,641616000.0,438991000.0,202625000.0,145684000.0,56941000.0,-24950000.0,-24098000.0,-110704000.0,1.25,1.26,31459000.0
AVAV,quarterly,2026-01-31,408045000.0,309251000.0,98794000.0,126526000.0,-27732000.0,-265144000.0,-243823000.0,26901000.0,-3.15,-3.15,27112000.0
AVAV,quarterly,2025-10-31,472508000.0,368403000.0,104105000.0,134329000.0,-30224000.0,-20604000.0,-17103000.0,27849000.0,-0.34,-0.34,35993000.0
AVAV,quarterly,2025-07-31,454676000.0,359558000.0,95118000.0,164390000.0,-69272000.0,-84326000.0,-67370000.0,23343000.0,,,33114000.0
AVAV,quarterly,2025-04-30,275050000.0,174718000.0,100332000.0,68156000.0,32176000.0,13105000.0,16664000.0,27970000.0,,0.59,24902000.0
AVGO,annual,2025-10-31,63887000000.0,20593000000.0,43294000000.0,17219000000.0,26075000000.0,22729000000.0,23126000000.0,34714000000.0,4.77,4.91,10977000000.0
AVGO,annual,2024-10-31,51574000000.0,19065000000.0,32509000000.0,17513000000.0,14996000000.0,9916000000.0,5895000000.0,23879000000.0,1.23,1.27,9310000000.0
AVGO,annual,2023-10-31,35819000000.0,11129000000.0,24690000000.0,8239000000.0,16451000000.0,15097000000.0,14082000000.0,20554000000.0,3.298,3.393,5253000000.0
AVGO,annual,2022-10-31,33203000000.0,11108000000.0,22095000000.0,7813000000.0,14282000000.0,12434000000.0,11495000000.0,19155000000.0,2.653,2.744,4919000000.0
AVGO,quarterly,2026-07-31,,,,,,,,,2.68,2.75,
AVGO,quarterly,2026-04-30,22187000000.0,6772000000.0,15415000000.0,4556000000.0,10859000000.0,10130000000.0,9310000000.0,13071000000.0,1.91,1.96,2995000000.0
AVGO,quarterly,2026-01-31,19311000000.0,6154000000.0,13157000000.0,4491000000.0,8666000000.0,8195000000.0,7349000000.0,11149000000.0,1.5,1.55,2965000000.0
AVGO,quarterly,2025-10-31,18015000000.0,5766000000.0,12249000000.0,4595000000.0,7654000000.0,6869000000.0,8518000000.0,9863000000.0,1.74,1.8,2981000000.0
AVGO,quarterly,2025-07-31,15952000000.0,5249000000.0,10703000000.0,4629000000.0,6074000000.0,5285000000.0,4140000000.0,8294000000.0,0.85,0.88,3050000000.0
AWK,annual,2025-12-31,5140000000.0,2019000000.0,3121000000.0,1242000000.0,1879000000.0,1422000000.0,1111000000.0,2931000000.0,5.69,5.69,
AWK,annual,2024-12-31,4684000000.0,1858000000.0,2826000000.0,1108000000.0,1718000000.0,1359000000.0,1051000000.0,2670000000.0,5.39,5.39,
AWK,annual,2023-12-31,4234000000.0,1720000000.0,2514000000.0,1010000000.0,1504000000.0,1196000000.0,944000000.0,2360000000.0,4.9,4.9,
AWK,annual,2022-12-31,3792000000.0,1589000000.0,2203000000.0,930000000.0,1273000000.0,1008000000.0,820000000.0,2090000000.0,4.51,4.51,
AWK,quarterly,2026-06-30,1355000000.0,481000000.0,874000000.0,332000000.0,542000000.0,405000000.0,315000000.0,812000000.0,1.61,1.61,
AWK,quarterly,2026-03-31,1207000000.0,493000000.0,714000000.0,323000000.0,391000000.0,259000000.0,196000000.0,659000000.0,1.0,1.0,
AWK,quarterly,2025-12-31,1271000000.0,548000000.0,723000000.0,318000000.0,405000000.0,282000000.0,238000000.0,675000000.0,1.22,1.22,
AWK,quarterly,2025-09-30,1451000000.0,523000000.0,928000000.0,314000000.0,614000000.0,494000000.0,379000000.0,878000000.0,1.94,1.94,
AWK,quarterly,2025-06-30,1276000000.0,480000000.0,796000000.0,307000000.0,489000000.0,376000000.0,289000000.0,748000000.0,1.48,1.48,
AWR,annual,2025-12-31,658073000.0,168548000.0,489525000.0,286250000.0,203275000.0,169798000.0,130442000.0,265447000.0,3.37,3.37,
AWR,annual,2024-12-31,595459000.0,143435000.0,452024000.0,267541000.0,184483000.0,149441000.0,119268000.0,244049000.0,3.17,3.17,
AWR,annual,2023-12-31,595699000.0,146154000.0,449545000.0,252905000.0,196640000.0,166520000.0,124921000.0,252536000.0,3.36,3.37,
AWR,annual,2022-12-31,491528000.0,123302000.0,368226000.0,241665000.0,126561000.0,102060000.0,78396000.0,170784000.0,2.11,2.12,
AWR,quarterly,2026-06-30,181290000.0,43726000.0,137564000.0,73593000.0,63971000.0,57753000.0,43274000.0,82982000.0,1.09,1.1,
AWR,quarterly,2026-03-31,169191000.0,40358000.0,128833000.0,77462000.0,51371000.0,39820000.0,29948000.0,64917000.0,0.76,0.76,
AWR,quarterly,2025-12-31,164278000.0,44291000.0,119987000.0,74950000.0,45037000.0,36475000.0,28741000.0,60254000.0,0.74,0.74,
AWR,quarterly,2025-09-30,182716000.0,47573000.0,135143000.0,73410000.0,61733000.0,54092000.0,41167000.0,77981000.0,1.06,1.06,
AWR,quarterly,2025-06-30,163066000.0,43049000.0,120017000.0,69058000.0,50959000.0,43925000.0,33690000.0,67980000.0,0.87,0.87,
AXP,annual,2025-12-31,72230000000.0,,,,,13795000000.0,10833000000.0,,15.38,15.41,
AXP,annual,2024-12-31,65949000000.0,,,,,12895000000.0,10129000000.0,,14.01,14.04,
AXP,annual,2023-12-31,60515000000.0,,,,,10513000000.0,8374000000.0,,11.21,11.23,
AXP,annual,2022-12-31,52862000000.0,,,,,9585000000.0,7514000000.0,,9.85,9.86,
AXP,quarterly,2026-06-30,19637000000.0,,,,,4071000000.0,3110000000.0,,4.53,4.54,
AXP,quarterly,2026-03-31,18908000000.0,,,,,3778000000.0,2971000000.0,,4.28,4.29,
AXP,quarterly,2025-12-31,18981000000.0,,,,,3090000000.0,2462000000.0,,3.53,3.53,
AXP,quarterly,2025-09-30,18426000000.0,,,,,3825000000.0,2902000000.0,,4.14,4.14,
AXP,quarterly,2025-06-30,17856000000.0,,,,,3550000000.0,2885000000.0,,4.08,4.08,
AXTI,annual,2025-12-31,88326000.0,77084000.0,11242000.0,31857000.0,-20615000.0,,-21260000.0,-11179000.0,-0.49,-0.49,9049000.0
AXTI,annual,2024-12-31,99361000.0,75525000.0,23836000.0,36400000.0,-12564000.0,,-11624000.0,-338000.0,-0.27,-0.27,14543000.0
AXTI,annual,2023-12-31,75795000.0,62477000.0,13318000.0,32330000.0,-19012000.0,,-17881000.0,-8784000.0,-0.42,-0.42,12081000.0
AXTI,annual,2022-12-31,141118000.0,88997000.0,52121000.0,37857000.0,14264000.0,,15811000.0,30117000.0,0.37,0.37,13913000.0
AXTI,quarterly,2026-06-30,47589000.0,26223000.0,21366000.0,10943000.0,10423000.0,15132000.0,11128000.0,12929000.0,0.17,0.18,3651000.0
AXTI,quarterly,2026-03-31,26924000.0,18946000.0,7978000.0,9563000.0,-1585000.0,-1055000.0,-1620000.0,850000.0,-0.03,-0.03,3012000.0
AXTI,quarterly,2025-12-31,23041000.0,18215000.0,4826000.0,7298000.0,-2472000.0,-3338000.0,-3548000.0,-628000.0,-0.08,-0.08,2393000.0
AXTI,quarterly,2025-09-30,27955000.0,21731000.0,6224000.0,7347000.0,-1123000.0,-1169000.0,-1906000.0,1532000.0,-0.04,-0.04,1013000.0
AXTI,quarterly,2025-06-30,17974000.0,16541000.0,1433000.0,8178000.0,-6745000.0,-7095000.0,-7008000.0,-4485000.0,-0.16,-0.16,2525000.0
BA,annual,2025-12-31,89463000000.0,85174000000.0,4289000000.0,9705000000.0,-5416000000.0,2635000000.0,2235000000.0,7359000000.0,2.48,2.49,3615000000.0
BA,annual,2024-12-31,66517000000.0,68508000000.0,-1991000000.0,8833000000.0,-10824000000.0,-12210000000.0,-11817000000.0,-7649000000.0,-18.36,-18.36,3812000000.0
BA,annual,2023-12-31,77794000000.0,70070000000.0,7724000000.0,8545000000.0,-821000000.0,-2005000000.0,-2222000000.0,2315000000.0,-3.67,-3.67,3377000000.0
BA,annual,2022-12-31,66608000000.0,63078000000.0,3530000000.0,7039000000.0,-3509000000.0,-5022000000.0,-4935000000.0,-482000000.0,-8.3,-8.3,2852000000.0
BA,quarterly,2026-06-30,,,,,,,,,-0.67,-0.67,
BA,quarterly,2026-03-31,22217000000.0,19671000000.0,2546000000.0,2100000000.0,446000000.0,26000000.0,-4000000.0,1215000000.0,-0.11,-0.11,903000000.0
BA,quarterly,2025-12-31,23948000000.0,22136000000.0,1812000000.0,2627000000.0,-815000000.0,8319000000.0,8220000000.0,9514000000.0,10.23,10.59,964000000.0
BA,quarterly,2025-09-30,23270000000.0,25645000000.0,-2375000000.0,2419000000.0,-4794000000.0,-5199000000.0,-5337000000.0,-4014000000.0,-7.14,-7.14,897000000.0
BA,quarterly,2025-06-30,22749000000.0,20314000000.0,2435000000.0,2703000000.0,-268000000.0,-561000000.0,-611000000.0,609000000.0,-0.92,-0.92,910000000.0
BABA,annual,2026-03-31,1023670000000.0,616136000000.0,407534000000.0,347869000000.0,59665000000.0,129387000000.0,103592000000.0,186298000000.0,44.0,45.6,66533000000.0
BABA,annual,2025-03-31,996347000000.0,598285000000.0,398062000000.0,250986000000.0,147076000000.0,155455000000.0,130109000000.0,207510000000.0,53.6,55.12,57151000000.0
BABA,annual,2024-03-31,941168000000.0,586323000000.0,354845000000.0,230974000000.0,123871000000.0,101596000000.0,80009000000.0,164011000000.0,31.28,31.6,52256000000.0
BABA,annual,2023-03-31,868687000000.0,549695000000.0,318992000000.0,215927000000.0,103065000000.0,89185000000.0,72783000000.0,153112000000.0,27.44,27.68,56744000000.0
BABA,quarterly,2026-06-30,268953000000.0,166096000000.0,102857000000.0,83238000000.0,19619000000.0,22308000000.0,10614000000.0,25325000000.0,3.68,4.48,22529000000.0
BABA,quarterly,2026-03-31,243380000000.0,159392000000.0,83988000000.0,84836000000.0,-848000000.0,31357000000.0,25541000000.0,36203000000.0,10.4,10.96,18957000000.0
BABA,quarterly,2025-12-31,284843000000.0,169534000000.0,115309000000.0,95149000000.0,20160000000.0,23875000000.0,16383000000.0,27273000000.0,5.92,7.04,15480000000.0
BABA,quarterly,2025-09-30,247795000000.0,150781000000.0,97014000000.0,91649000000.0,5365000000.0,23921000000.0,21019000000.0,27264000000.0,8.72,9.04,17095000000.0
BABA,quarterly,2025-06-30,247652000000.0,136429000000.0,111223000000.0,76235000000.0,34988000000.0,50234000000.0,40649000000.0,53519000000.0,18.0,18.56,15001000000.0
BAC,annual,2025-12-31,113097000000.0,,,,,37695000000.0,30509000000.0,,3.81,3.86,
BAC,annual,2024-12-31,105856000000.0,,,,,33223000000.0,26973000000.0,,3.21,3.25,
BAC,annual,2023-12-31,102769000000.0,,,,,32530000000.0,26305000000.0,,3.08,3.1,
BAC,annual,2022-12-31,94950000000.0,,,,,30969000000.0,27528000000.0,,3.19,3.21,
BAC,quarterly,2026-06-30,,,,,,,,,1.21,1.22,
BAC,quarterly,2026-03-31,30272000000.0,,,,,10404000000.0,8584000000.0,,1.11,1.12,
BAC,quarterly,2025-12-31,31180000000.0,,,,,12435000000.0,7528000000.0,,0.98,0.99,
BAC,quarterly,2025-09-30,28088000000.0,,,,,9456000000.0,8469000000.0,,1.06,1.08,
BAC,quarterly,2025-06-30,27443000000.0,,,,,8668000000.0,7170000000.0,,0.89,0.9,
BBY,annual,2026-01-31,41691000000.0,32318000000.0,9373000000.0,7623000000.0,1750000000.0,1404000000.0,1069000000.0,2282000000.0,5.04,5.06,
BBY,annual,2025-01-31,41528000000.0,32143000000.0,9385000000.0,7651000000.0,1734000000.0,1295000000.0,927000000.0,2212000000.0,4.28,4.31,
BBY,annual,2024-01-31,43452000000.0,33849000000.0,9603000000.0,7876000000.0,1727000000.0,1621000000.0,1241000000.0,2596000000.0,5.68,5.7,
BBY,annual,2023-01-31,46298000000.0,36386000000.0,9912000000.0,7970000000.0,1942000000.0,1788000000.0,1419000000.0,2741000000.0,6.29,6.31,
BBY,quarterly,2026-07-31,,,,,,,,,1.48,1.49,
BBY,quarterly,2026-04-30,8936000000.0,6834000000.0,2102000000.0,1741000000.0,361000000.0,378000000.0,276000000.0,583000000.0,1.31,1.31,
BBY,quarterly,2026-01-31,13814000000.0,10932000000.0,2882000000.0,2189000000.0,693000000.0,724000000.0,541000000.0,938000000.0,2.56,2.58,
BBY,quarterly,2025-10-31,9672000000.0,7424000000.0,2248000000.0,1884000000.0,364000000.0,205000000.0,140000000.0,423000000.0,0.66,0.67,
BBY,quarterly,2025-07-31,9438000000.0,7244000000.0,2194000000.0,1829000000.0,365000000.0,253000000.0,186000000.0,476000000.0,0.87,0.88,
BC,annual,2025-12-31,5362800000.0,4030600000.0,1332200000.0,1019800000.0,312400000.0,-135700000.0,-137300000.0,268500000.0,-2.08,-2.08,168700000.0
BC,annual,2024-12-31,5237100000.0,3886300000.0,1350800000.0,917500000.0,433300000.0,203300000.0,130100000.0,618700000.0,1.93,1.94,169600000.0
BC,annual,2023-12-31,6401400000.0,4614400000.0,1787000000.0,997400000.0,789600000.0,628900000.0,420400000.0,1014200000.0,5.96,5.99,185200000.0
BC,annual,2022-12-31,6812200000.0,4865000000.0,1947200000.0,974300000.0,972900000.0,853600000.0,677000000.0,1182900000.0,9.0,9.05,202900000.0
BC,quarterly,2026-06-30,1557800000.0,1120000000.0,437800000.0,301400000.0,136400000.0,106400000.0,109800000.0,204800000.0,1.68,1.68,50400000.0
BC,quarterly,2026-03-31,1378100000.0,1034500000.0,343600000.0,288500000.0,55100000.0,26900000.0,21000000.0,126400000.0,0.32,0.32,46300000.0
BC,quarterly,2025-12-31,1333800000.0,1026000000.0,307800000.0,255700000.0,52100000.0,27200000.0,18700000.0,127800000.0,0.28,0.29,45000000.0
BC,quarterly,2025-09-30,1360200000.0,1009400000.0,350800000.0,259200000.0,91600000.0,-266300000.0,-235500000.0,-165600000.0,-3.59,-3.59,43400000.0
BC,quarterly,2025-06-30,1447000000.0,1077300000.0,369700000.0,258400000.0,111300000.0,75300000.0,59300000.0,178400000.0,0.89,0.89,41800000.0
BE,annual,2025-12-31,2023994000.0,1436594000.0,587400000.0,514598000.0,72802000.0,-84404000.0,-88434000.0,20050000.0,-0.37,-0.37,185993000.0
BE,annual,2024-12-31,1473856000.0,1069208000.0,404648000.0,381739000.0,22909000.0,-26357000.0,-29227000.0,89327000.0,-0.13,-0.13,148629000.0
BE,annual,2023-12-31,1333470000.0,1135676000.0,197794000.0,406701000.0,-208907000.0,-306043000.0,-302116000.0,-135135000.0,-1.42,-1.42,155865000.0
BE,annual,2022-12-31,1199125000.0,1050837000.0,148288000.0,409280000.0,-260992000.0,-313989000.0,-301408000.0,-198888000.0,-1.62,-1.62,150606000.0
BE,quarterly,2026-06-30,1065365000.0,709793000.0,355572000.0,173335000.0,182237000.0,200326000.0,196290000.0,222978000.0,0.62,0.68,58873000.0
BE,quarterly,2026-03-31,751054000.0,525510000.0,225544000.0,153354000.0,72190000.0,74136000.0,70653000.0,96019000.0,0.23,0.25,56849000.0
BE,quarterly,2025-12-31,777683000.0,537788000.0,239895000.0,152366000.0,87529000.0,2378000.0,1092000.0,26209000.0,0.0,0.0,55889000.0
BE,quarterly,2025-09-30,519048000.0,367373000.0,151675000.0,143829000.0,7846000.0,-22624000.0,-23093000.0,4566000.0,-0.1,-0.1,48724000.0
BE,quarterly,2025-06-30,401242000.0,294119000.0,107123000.0,110626000.0,-3503000.0,-41175000.0,-42619000.0,-14139000.0,-0.18,-0.18,40768000.0
BEAM,annual,2025-12-31,139743000.0,,,523436000.0,-383693000.0,-79992000.0,-79992000.0,-361399000.0,-0.81,-0.81,409618000.0
BEAM,annual,2024-12-31,63518000.0,,,479086000.0,-415568000.0,-376703000.0,-376742000.0,-393643000.0,-4.58,-4.58,367561000.0
BEAM,annual,2023-12-31,377709000.0,,,554194000.0,-176485000.0,-131161000.0,-132527000.0,-156473000.0,-1.72,-1.72,437381000.0
BEAM,annual,2022-12-31,60920000.0,,,399399000.0,-338479000.0,-260178000.0,-289088000.0,-315902000.0,-4.13,-4.13,311594000.0
BEAM,quarterly,2026-06-30,490000.0,,,127043000.0,-126553000.0,-123133000.0,-122678000.0,-121143000.0,-1.18,-1.18,95096000.0
BEAM,quarterly,2026-03-31,31738000.0,,,138953000.0,-107215000.0,-94318000.0,-94318000.0,-101610000.0,-0.91,-0.91,104524000.0
BEAM,quarterly,2025-12-31,114109000.0,,,131554000.0,-17445000.0,244297000.0,244297000.0,-11777000.0,2.33,2.37,99275000.0
BEAM,quarterly,2025-09-30,9698000.0,,,136509000.0,-126811000.0,-112728000.0,-112728000.0,-121251000.0,-1.1,-1.1,109769000.0
BEAM,quarterly,2025-06-30,8466000.0,,,128617000.0,-120151000.0,-102138000.0,-102138000.0,-114613000.0,-1.0,-1.0,101758000.0
BEN,annual,2025-09-30,8770700000.0,1724000000.0,7046700000.0,5946900000.0,1099800000.0,786800000.0,524900000.0,1413500000.0,0.91,0.91,
BEN,annual,2024-09-30,8478000000.0,1686600000.0,6791400000.0,5633500000.0,1157900000.0,823200000.0,464800000.0,1375100000.0,0.85,0.85,
BEN,annual,2023-09-30,7849400000.0,1499500000.0,6349900000.0,4913000000.0,1436900000.0,1338000000.0,882800000.0,1907100000.0,1.72,1.72,
BEN,annual,2022-09-30,8275300000.0,1426400000.0,6848900000.0,4903600000.0,1945300000.0,1729400000.0,1291900000.0,2205400000.0,2.53,2.53,
BEN,quarterly,2026-03-31,2294900000.0,457700000.0,1837200000.0,1471800000.0,365400000.0,445700000.0,268200000.0,545600000.0,0.49,0.49,
BEN,quarterly,2025-12-31,2327100000.0,428500000.0,1898600000.0,1530100000.0,368500000.0,451800000.0,255500000.0,556100000.0,0.46,0.46,
BEN,quarterly,2025-09-30,2343700000.0,426300000.0,1917400000.0,1576500000.0,340900000.0,254300000.0,117600000.0,379800000.0,0.21,0.21,
BEN,quarterly,2025-06-30,2064000000.0,428200000.0,1635800000.0,1431700000.0,204100000.0,176600000.0,92300000.0,348100000.0,0.15,0.15,
BEN,quarterly,2025-03-31,2111400000.0,445900000.0,1665500000.0,1444600000.0,220900000.0,42700000.0,151400000.0,206500000.0,0.26,0.26,
BF.B,annual,2026-04-30,3928000000.0,1550000000.0,2378000000.0,1226000000.0,1152000000.0,885000000.0,715000000.0,1080000000.0,1.53,1.53,
BF.B,annual,2025-04-30,3975000000.0,1632000000.0,2343000000.0,1129000000.0,1214000000.0,1081000000.0,869000000.0,1290000000.0,1.84,1.84,
BF.B,annual,2024-04-30,4178000000.0,1652000000.0,2526000000.0,1372000000.0,1154000000.0,1298000000.0,1024000000.0,1512000000.0,2.14,2.15,
BF.B,annual,2023-04-30,4228000000.0,1734000000.0,2494000000.0,1367000000.0,1127000000.0,1017000000.0,783000000.0,1187000000.0,1.63,1.63,
BF.B,quarterly,2026-07-31,,,,,,,,,0.38,0.38,
BF.B,quarterly,2026-04-30,912000000.0,341000000.0,571000000.0,343000000.0,228000000.0,71000000.0,54000000.0,121000000.0,0.12,0.12,
BF.B,quarterly,2026-01-31,1056000000.0,416000000.0,640000000.0,297000000.0,343000000.0,315000000.0,267000000.0,365000000.0,0.58,0.58,
BF.B,quarterly,2025-10-31,1036000000.0,421000000.0,615000000.0,306000000.0,309000000.0,279000000.0,224000000.0,327000000.0,0.47,0.47,
BF.B,quarterly,2025-07-31,924000000.0,372000000.0,552000000.0,280000000.0,272000000.0,220000000.0,170000000.0,267000000.0,0.36,0.36,
BG,annual,2025-12-31,70329000000.0,66920000000.0,3409000000.0,2113000000.0,1296000000.0,1134000000.0,816000000.0,2465000000.0,4.219046,4.219046,
BG,annual,2024-12-31,53108000000.0,49715000000.0,3393000000.0,1776000000.0,1617000000.0,1524000000.0,1137000000.0,2463000000.0,7.99,8.48734,
BG,annual,2023-12-31,59540000000.0,54695000000.0,4845000000.0,1715000000.0,3130000000.0,3051000000.0,2243000000.0,4018000000.0,14.87,15.07,
BG,annual,2022-12-31,67232000000.0,63550000000.0,3682000000.0,1369000000.0,2313000000.0,2066000000.0,1610000000.0,2877000000.0,10.51,10.739925,
BG,quarterly,2026-06-30,24041000000.0,22360000000.0,1681000000.0,606000000.0,1075000000.0,943000000.0,678000000.0,1396000000.0,3.47,3.529287,
BG,quarterly,2026-03-31,21861000000.0,21095000000.0,766000000.0,531000000.0,235000000.0,61000000.0,68000000.0,480000000.0,0.35,0.350488,
BG,quarterly,2025-12-31,23762000000.0,22751000000.0,1011000000.0,637000000.0,374000000.0,86000000.0,95000000.0,528000000.0,0.49,0.491188,
BG,quarterly,2025-09-30,22155000000.0,21092000000.0,1063000000.0,678000000.0,385000000.0,270000000.0,166000000.0,713000000.0,0.84,0.85827,
BG,quarterly,2025-06-30,12769000000.0,12031000000.0,738000000.0,418000000.0,320000000.0,494000000.0,354000000.0,716000000.0,2.61,2.633248,
BIDU,annual,2025-12-31,129079000000.0,72436000000.0,56643000000.0,46276000000.0,10367000000.0,6716000000.0,5589000000.0,30851000000.0,11.76,13.68,20433000000.0
BIDU,annual,2024-12-31,133125000000.0,66102000000.0,67023000000.0,45753000000.0,21270000000.0,28622000000.0,23760000000.0,51967000000.0,65.92,66.48,22133000000.0
BIDU,annual,2023-12-31,134598000000.0,65031000000.0,69567000000.0,47711000000.0,21856000000.0,25198000000.0,20315000000.0,49903000000.0,55.12,55.84,24192000000.0
BIDU,annual,2022-12-31,123675000000.0,63935000000.0,59740000000.0,43829000000.0,15911000000.0,10112000000.0,7559000000.0,33109000000.0,19.84,20.0,23315000000.0
BIDU,quarterly,2026-06-30,31325000000.0,19098000000.0,12227000000.0,9203000000.0,3024000000.0,3208000000.0,2319000000.0,3816000000.0,5.76,6.08,4607000000.0
BIDU,quarterly,2026-03-31,32075000000.0,19589000000.0,12486000000.0,9293000000.0,3193000000.0,3819000000.0,3445000000.0,4455000000.0,8.8,9.36,4381000000.0
BIDU,quarterly,2025-12-31,32740000000.0,18277000000.0,14463000000.0,12980000000.0,1483000000.0,2726000000.0,1782000000.0,3377000000.0,3.68,4.48,5591000000.0
BIDU,quarterly,2025-09-30,31174000000.0,18315000000.0,12859000000.0,11760000000.0,1099000000.0,-13145000000.0,-11232000000.0,-12514000000.0,-33.84,-33.84,5179000000.0
BIDU,quarterly,2025-06-30,32713000000.0,18357000000.0,14356000000.0,11079000000.0,3277000000.0,8140000000.0,7322000000.0,8841000000.0,20.32,20.88,5119000000.0
BIIB,annual,2025-12-31,9890600000.0,2404200000.0,7486400000.0,5017400000.0,2469000000.0,1556500000.0,1292900000.0,2603900000.0,8.79,8.83,1778600000.0
BIIB,annual,2024-12-31,9675900000.0,2310400000.0,7365500000.0,5085100000.0,2280400000.0,1906000000.0,1632200000.0,2829500000.0,11.18,11.21,1980300000.0
BIIB,annual,2023-12-31,9835600000.0,2533400000.0,7302200000.0,5454500000.0,1847700000.0,1296800000.0,1161100000.0,2038500000.0,7.97,8.02,2445400000.0
BIIB,annual,2022-12-31,10173400000.0,2278300000.0,7895100000.0,4993200000.0,2901900000.0,3591800000.0,3046900000.0,4356800000.0,20.87,20.96,2231100000.0
BIIB,quarterly,2026-06-30,2736000000.0,776900000.0,1959100000.0,1476300000.0,482800000.0,132400000.0,97500000.0,450800000.0,0.66,0.66,529600000.0
BIIB,quarterly,2026-03-31,2477800000.0,661000000.0,1816800000.0,1357000000.0,459800000.0,377700000.0,319500000.0,649700000.0,2.15,2.17,539000000.0
BIIB,quarterly,2025-12-31,2279400000.0,495500000.0,1783900000.0,1398400000.0,385500000.0,-56000000.0,-48900000.0,211700000.0,-0.33,-0.33,509400000.0
BIIB,quarterly,2025-09-30,2534700000.0,674400000.0,1860300000.0,1253800000.0,606500000.0,557300000.0,466500000.0,826900000.0,3.17,3.18,436100000.0
BIIB,quarterly,2025-06-30,2645500000.0,605000000.0,2040500000.0,1188700000.0,851800000.0,744000000.0,634800000.0,1010900000.0,4.33,4.33,399000000.0
BJ,annual,2026-01-31,21457274000.0,17457652000.0,3999622000.0,3153577000.0,846045000.0,774211000.0,578377000.0,1104280000.0,4.38,4.41,
BJ,annual,2025-01-31,20501804000.0,16737378000.0,3764426000.0,2963883000.0,800543000.0,720847000.0,534417000.0,1032464000.0,4.0,4.04,
BJ,annual,2024-01-31,19968689000.0,16326129000.0,3642560000.0,2822513000.0,820047000.0,735892000.0,523741000.0,1025937000.0,3.88,3.94,
BJ,annual,2023-01-31,19315165000.0,15883677000.0,3431488000.0,2668569000.0,762919000.0,690524000.0,513177000.0,933260000.0,3.76,3.83,
BJ,quarterly,2026-07-31,6226579000.0,5116580000.0,1109999000.0,851206000.0,258793000.0,239274000.0,173867000.0,331240000.0,1.36,1.37,
BJ,quarterly,2026-04-30,5661500000.0,4633599000.0,1027901000.0,806010000.0,221891000.0,195546000.0,142726000.0,284365000.0,1.1,1.11,
BJ,quarterly,2026-01-31,5575388000.0,4565777000.0,1009611000.0,818188000.0,191423000.0,167486000.0,125854000.0,251838000.0,0.96,0.97,
BJ,quarterly,2025-10-31,5348163000.0,4333826000.0,1014337000.0,788151000.0,226186000.0,208042000.0,152050000.0,290669000.0,1.15,1.16,
BJ,quarterly,2025-07-31,5380240000.0,4374065000.0,1006175000.0,786358000.0,219817000.0,206137000.0,150705000.0,288463000.0,1.14,1.14,
BKR,annual,2025-12-31,27733000000.0,21189000000.0,6544000000.0,2987000000.0,3557000000.0,2877000000.0,2588000000.0,4287000000.0,2.6,2.62,600000000.0
BKR,annual,2024-12-31,27829000000.0,21346000000.0,6483000000.0,3101000000.0,3382000000.0,3265000000.0,2979000000.0,4599000000.0,2.98,3.0,643000000.0
BKR,annual,2023-12-31,25506000000.0,19604000000.0,5902000000.0,3262000000.0,2640000000.0,2655000000.0,1943000000.0,3958000000.0,1.91,1.93,651000000.0
BKR,annual,2022-12-31,21156000000.0,16756000000.0,4400000000.0,2510000000.0,1890000000.0,22000000.0,-601000000.0,1335000000.0,-0.61,-0.61,
BKR,quarterly,2026-06-30,6742000000.0,5165000000.0,1577000000.0,712000000.0,865000000.0,892000000.0,681000000.0,1291000000.0,0.68,0.69,143000000.0
BKR,quarterly,2026-03-31,6587000000.0,5083000000.0,1504000000.0,695000000.0,809000000.0,1274000000.0,930000000.0,1714000000.0,0.93,0.94,133000000.0
BKR,quarterly,2025-12-31,7386000000.0,5633000000.0,1753000000.0,783000000.0,970000000.0,528000000.0,876000000.0,916000000.0,0.88,0.89,147000000.0
BKR,quarterly,2025-09-30,7010000000.0,5309000000.0,1701000000.0,753000000.0,948000000.0,821000000.0,609000000.0,1159000000.0,0.61,0.62,146000000.0
BKR,quarterly,2025-06-30,6910000000.0,5295000000.0,1615000000.0,728000000.0,887000000.0,967000000.0,701000000.0,1315000000.0,0.71,0.71,161000000.0
BLK,annual,2025-12-31,24216000000.0,12906000000.0,11310000000.0,3401000000.0,7909000000.0,7619000000.0,5553000000.0,9359000000.0,35.31,35.83,
BLK,annual,2024-12-31,20407000000.0,10321000000.0,10086000000.0,2548000000.0,7538000000.0,8295000000.0,6369000000.0,9362000000.0,42.01,42.45,
BLK,annual,2023-12-31,17859000000.0,9277000000.0,8582000000.0,2243000000.0,6339000000.0,7155000000.0,5502000000.0,7874000000.0,36.51,36.85,
BLK,annual,2022-12-31,17873000000.0,9189000000.0,8684000000.0,2208000000.0,6476000000.0,6290000000.0,5178000000.0,6920000000.0,33.97,34.31,
BLK,quarterly,2026-06-30,7084000000.0,3616000000.0,3468000000.0,996000000.0,2472000000.0,2719000000.0,1914000000.0,3238000000.0,12.19,12.34,
BLK,quarterly,2026-03-31,6698000000.0,3482000000.0,3216000000.0,955000000.0,2261000000.0,2842000000.0,2212000000.0,3356000000.0,14.06,14.24,
BLK,quarterly,2025-12-31,7008000000.0,3810000000.0,3198000000.0,970000000.0,2228000000.0,1607000000.0,1127000000.0,2116000000.0,7.16,7.27,
BLK,quarterly,2025-09-30,6509000000.0,3519000000.0,2990000000.0,945000000.0,2045000000.0,1997000000.0,1323000000.0,2478000000.0,8.43,8.54,
BLK,quarterly,2025-06-30,5423000000.0,2827000000.0,2596000000.0,746000000.0,1850000000.0,2252000000.0,1593000000.0,2642000000.0,10.19,10.29,
BMY,annual,2025-12-31,48195000000.0,13936000000.0,34259000000.0,20535000000.0,13724000000.0,9328000000.0,7054000000.0,15230000000.0,3.46,3.47,9951000000.0
BMY,annual,2024-12-31,48300000000.0,13968000000.0,34332000000.0,28445000000.0,5887000000.0,-8379000000.0,-8948000000.0,3168000000.0,-4.41,-4.41,11159000000.0
BMY,annual,2023-12-31,45006000000.0,10693000000.0,34313000000.0,26118000000.0,8195000000.0,8440000000.0,8025000000.0,19366000000.0,3.86,3.88,9299000000.0
BMY,annual,2022-12-31,46159000000.0,10137000000.0,36022000000.0,26918000000.0,9104000000.0,7713000000.0,6327000000.0,19221000000.0,2.95,2.97,9509000000.0
BMY,quarterly,2026-06-30,12973000000.0,3726000000.0,9247000000.0,5222000000.0,4025000000.0,4086000000.0,3317000000.0,5087000000.0,1.62,1.62,2959000000.0
BMY,quarterly,2026-03-31,11489000000.0,3421000000.0,8068000000.0,4703000000.0,3365000000.0,3240000000.0,2677000000.0,4245000000.0,1.31,1.31,2649000000.0
BMY,quarterly,2025-12-31,12503000000.0,4097000000.0,8406000000.0,5593000000.0,2813000000.0,1470000000.0,1087000000.0,2879000000.0,0.53,0.53,2586000000.0
BMY,quarterly,2025-09-30,12222000000.0,3435000000.0,8787000000.0,5148000000.0,3639000000.0,3114000000.0,2201000000.0,4605000000.0,1.08,1.08,2528000000.0
BMY,quarterly,2025-06-30,12269000000.0,3372000000.0,8897000000.0,5123000000.0,3774000000.0,1773000000.0,1310000000.0,3269000000.0,0.64,0.64,2580000000.0
BRO,annual,2025-12-31,5763000000.0,2935000000.0,2828000000.0,1326000000.0,1502000000.0,1371000000.0,1054000000.0,2044000000.0,3.16,3.37,
BRO,annual,2024-12-31,4705000000.0,2406000000.0,2299000000.0,932000000.0,1367000000.0,1303000000.0,993000000.0,1726000000.0,3.46,3.48,
BRO,annual,2023-12-31,4199000000.0,2187000000.0,2012000000.0,856000000.0,1156000000.0,1146000000.0,871000000.0,1542000000.0,3.05,3.07,
BRO,annual,2022-12-31,3563000000.0,1817000000.0,1746000000.0,783000000.0,963000000.0,876000000.0,672000000.0,1210000000.0,2.37,2.38,
BRO,quarterly,2026-06-30,1654000000.0,838000000.0,816000000.0,399000000.0,417000000.0,383000000.0,288000000.0,615000000.0,0.84,0.86,
BRO,quarterly,2026-03-31,1880000000.0,907000000.0,973000000.0,422000000.0,551000000.0,533000000.0,426000000.0,771000000.0,1.06,1.27,
BRO,quarterly,2025-12-31,1580000000.0,819000000.0,761000000.0,421000000.0,340000000.0,321000000.0,264000000.0,564000000.0,0.59,0.78,
BRO,quarterly,2025-09-30,1550000000.0,793000000.0,757000000.0,383000000.0,374000000.0,311000000.0,227000000.0,518000000.0,0.68,0.68,
BRO,quarterly,2025-06-30,1249000000.0,640000000.0,609000000.0,272000000.0,337000000.0,311000000.0,231000000.0,426000000.0,0.78,0.79,
BSX,annual,2025-12-31,20074000000.0,6221000000.0,13853000000.0,9882000000.0,3971000000.0,3385000000.0,2898000000.0,5102000000.0,1.94,1.96,2052000000.0
BSX,annual,2024-12-31,16747000000.0,5257000000.0,11490000000.0,8488000000.0,3002000000.0,2282000000.0,1854000000.0,3856000000.0,1.25,1.26,1615000000.0
BSX,annual,2023-12-31,14240000000.0,4345000000.0,9895000000.0,7478000000.0,2417000000.0,1985000000.0,1593000000.0,3446000000.0,1.07,1.08,1414000000.0
BSX,annual,2022-12-31,12682000000.0,3956000000.0,8727000000.0,6693000000.0,2034000000.0,1141000000.0,698000000.0,2747000000.0,0.45,0.45,1323000000.0
BSX,quarterly,2026-06-30,,,,,,,,,0.61,0.62,
BSX,quarterly,2026-03-31,5203000000.0,1590000000.0,3613000000.0,2541000000.0,1072000000.0,1162000000.0,1341000000.0,1603000000.0,0.9,0.9,516000000.0
BSX,quarterly,2025-12-31,5286000000.0,1608000000.0,3678000000.0,2637000000.0,1041000000.0,700000000.0,672000000.0,1155000000.0,0.45,0.45,569000000.0
BSX,quarterly,2025-09-30,5065000000.0,1523000000.0,3542000000.0,2492000000.0,1050000000.0,939000000.0,755000000.0,1368000000.0,0.51,0.51,514000000.0
BSX,quarterly,2025-06-30,5061000000.0,1637000000.0,3424000000.0,2481000000.0,943000000.0,941000000.0,797000000.0,1367000000.0,0.53,0.54,526000000.0
BTU,annual,2025-12-31,3861500000.0,3334900000.0,526600000.0,531600000.0,-5000000.0,-33500000.0,-52900000.0,389300000.0,-0.435033,-0.435033,
BTU,annual,2024-12-31,4236700000.0,3420900000.0,815800000.0,486600000.0,329200000.0,516100000.0,370900000.0,900600000.0,2.7,3.055189,
BTU,annual,2023-12-31,4946700000.0,3385100000.0,1561600000.0,505500000.0,1056100000.0,1124800000.0,759600000.0,1502400000.0,5.0,5.902098,
BTU,annual,2022-12-31,4981900000.0,3290800000.0,1691100000.0,455800000.0,1235300000.0,1278600000.0,1297100000.0,1719200000.0,8.31,9.013899,
BTU,quarterly,2026-06-30,1003200000.0,953900000.0,49300000.0,144600000.0,-95300000.0,-122900000.0,-90600000.0,-4100000.0,-0.743635,-0.743635,
BTU,quarterly,2026-03-31,973300000.0,864700000.0,108600000.0,154700000.0,-46100000.0,-41400000.0,-32400000.0,77400000.0,-0.27,-0.265936,
BTU,quarterly,2025-12-31,1022300000.0,878400000.0,143900000.0,130300000.0,13600000.0,21600000.0,10400000.0,130500000.0,0.085526,0.085526,
BTU,quarterly,2025-09-30,1012100000.0,896900000.0,115200000.0,141300000.0,-26100000.0,-70000000.0,-70100000.0,38600000.0,-0.58,-0.57648,
BTU,quarterly,2025-06-30,890100000.0,789400000.0,100700000.0,130700000.0,-30000000.0,-28300000.0,-27600000.0,74800000.0,-0.23,-0.226974,
BWXT,annual,2025-12-31,3198425000.0,2465566000.0,732859000.0,408283000.0,324576000.0,398120000.0,328945000.0,551513000.0,3.58,3.59,13867000.0
BWXT,annual,2024-12-31,2703654000.0,2048447000.0,655207000.0,326141000.0,329066000.0,348720000.0,281941000.0,474057000.0,3.07,3.08,7478000.0
BWXT,annual,2023-12-31,2496309000.0,1875716000.0,620593000.0,287307000.0,333286000.0,321400000.0,245849000.0,447002000.0,2.68,2.68,7613000.0
BWXT,annual,2022-12-31,2232834000.0,1680899000.0,551935000.0,243817000.0,308118000.0,314377000.0,238191000.0,424629000.0,2.6,2.6,9535000.0
BWXT,quarterly,2026-06-30,901625000.0,699320000.0,202305000.0,112599000.0,89706000.0,113594000.0,89014000.0,150239000.0,0.97,0.97,4167000.0
BWXT,quarterly,2026-03-31,860217000.0,662849000.0,197368000.0,112117000.0,85251000.0,107316000.0,91068000.0,141062000.0,0.99,0.99,4100000.0
BWXT,quarterly,2025-12-31,885842000.0,698567000.0,187275000.0,114336000.0,72939000.0,100976000.0,92989000.0,140986000.0,1.01,1.02,3810000.0
BWXT,quarterly,2025-09-30,866286000.0,677292000.0,188994000.0,96860000.0,92134000.0,107568000.0,82106000.0,150045000.0,0.89,0.9,3479000.0
BWXT,quarterly,2025-06-30,764039000.0,572642000.0,191397000.0,107505000.0,83892000.0,97759000.0,78388000.0,136759000.0,0.85,0.86,4565000.0
BX,annual,2025-12-31,12410012000.0,,,5238366000.0,,7171646000.0,3019214000.0,,3.87,3.87,
BX,annual,2024-12-31,10930540000.0,,,4471060000.0,,6459480000.0,2776508000.0,,3.62,3.62,
BX,annual,2023-12-31,7006649000.0,,,4048935000.0,,2957714000.0,1390880000.0,,1.84,1.84,
BX,annual,2022-12-31,7132632000.0,,,3670843000.0,,3461789000.0,1747631000.0,,2.36,2.36,
BX,quarterly,2026-06-30,4187932000.0,,,1379480000.0,,2808452000.0,1229189000.0,,1.54,1.54,
BX,quarterly,2026-03-31,3002779000.0,,,1547722000.0,,1455057000.0,649729000.0,,0.83,0.83,
BX,quarterly,2025-12-31,3736455000.0,,,1379619000.0,,2356836000.0,1015201000.0,,1.3,1.3,
BX,quarterly,2025-09-30,2685881000.0,,,1239299000.0,,1446582000.0,624917000.0,,0.8,0.8,
BX,quarterly,2025-06-30,3161236000.0,,,1245609000.0,,1915627000.0,764244000.0,,0.98,0.98,
BXP,annual,2025-12-31,3482279000.0,1370668000.0,2111611000.0,1097260000.0,1014351000.0,383995000.0,276800000.0,1949485000.0,1.74,1.75,
BXP,annual,2024-12-31,3407719000.0,1322126000.0,2085593000.0,1063662000.0,1021931000.0,84188000.0,14272000.0,1618758000.0,0.09,0.09,
BXP,annual,2023-12-31,3273569000.0,1216172000.0,2057397000.0,1018742000.0,1038655000.0,291424000.0,190215000.0,1703749000.0,1.20864,1.21308,
BXP,annual,2022-12-31,3108581000.0,1135548000.0,1973033000.0,911603000.0,1061430000.0,1020584000.0,848947000.0,2209925000.0,5.4,5.416737,
BXP,quarterly,2026-06-30,895699000.0,345510000.0,550189000.0,291322000.0,258867000.0,102464000.0,68564000.0,492946000.0,0.43,0.43,
BXP,quarterly,2026-03-31,872148000.0,352064000.0,520084000.0,292178000.0,227906000.0,133006000.0,101576000.0,513066000.0,0.64,0.64,
BXP,quarterly,2025-12-31,877097000.0,348734000.0,528363000.0,273775000.0,254588000.0,294789000.0,248350000.0,689416000.0,1.56,1.56,
BXP,quarterly,2025-09-30,871510000.0,341364000.0,530146000.0,276156000.0,253990000.0,-116840000.0,-121712000.0,283616000.0,-0.77,-0.77,
BXP,quarterly,2025-06-30,868457000.0,341427000.0,527030000.0,270439000.0,256591000.0,119141000.0,88977000.0,505829000.0,0.56,0.56,
C,annual,2025-12-31,85213000000.0,,,,,19828000000.0,14306000000.0,,6.99,7.107533,
C,annual,2024-12-31,80672000000.0,,,,,17046000000.0,12682000000.0,,5.94,6.026086,
C,annual,2023-12-31,78090000000.0,,,,,12910000000.0,9228000000.0,,4.04,4.067147,
C,annual,2022-12-31,74480000000.0,,,,,18807000000.0,14845000000.0,,7.0,7.037551,
C,quarterly,2026-06-30,24765000000.0,,,,,8029000000.0,5831000000.0,,3.15,3.201834,
C,quarterly,2026-03-31,24663000000.0,,,,,7517000000.0,5785000000.0,,3.06,3.123381,
C,quarterly,2025-12-31,19670000000.0,,,,,3811000000.0,2471000000.0,,1.19,1.212207,
C,quarterly,2025-09-30,22095000000.0,,,,,5350000000.0,3752000000.0,,1.86,1.8887,
C,quarterly,2025-06-30,21661000000.0,,,,,5219000000.0,4019000000.0,,1.96,1.984482,
CAG,annual,2026-05-31,11281600000.0,8583200000.0,2698400000.0,1439400000.0,1259000000.0,-1824400000.0,-1916200000.0,-1038300000.0,-4.0,-4.0,
CAG,annual,2025-05-31,11612800000.0,8609300000.0,3003500000.0,1537300000.0,1466200000.0,1156200000.0,1152400000.0,1965600000.0,2.4,2.4,
CAG,annual,2024-05-31,12050900000.0,8717500000.0,3333400000.0,1487500000.0,1845900000.0,610200000.0,347200000.0,1447300000.0,0.72,0.73,
CAG,annual,2023-05-31,12277000000.0,9012200000.0,3264800000.0,1431900000.0,1832900000.0,901900000.0,683600000.0,1685300000.0,1.42,1.43,
CAG,quarterly,2026-05-31,2882100000.0,2178000000.0,704100000.0,401100000.0,303000000.0,-1687800000.0,-1616900000.0,-1485200000.0,-3.37,-3.37,
CAG,quarterly,2026-02-28,2787800000.0,2130100000.0,657700000.0,377600000.0,280100000.0,229600000.0,199800000.0,424600000.0,0.42,0.42,
CAG,quarterly,2025-11-30,2979100000.0,2283100000.0,696000000.0,325100000.0,370900000.0,-655300000.0,-663600000.0,-458500000.0,-1.39,-1.39,
CAG,quarterly,2025-08-31,2632600000.0,1992000000.0,640600000.0,335600000.0,305000000.0,289100000.0,164500000.0,480800000.0,0.34,0.34,
CAG,quarterly,2025-05-31,2781800000.0,2074600000.0,707200000.0,333000000.0,374200000.0,293200000.0,256000000.0,490900000.0,0.53,0.53,
CAH,annual,2026-06-30,254248000000.0,244474000000.0,9774000000.0,6601000000.0,3173000000.0,2174000000.0,1714000000.0,3478000000.0,7.23,7.27,
CAH,annual,2025-06-30,222578000000.0,214410000000.0,8168000000.0,5846000000.0,2322000000.0,2101000000.0,1561000000.0,3106000000.0,6.45,6.48,
CAH,annual,2024-06-30,226827000000.0,219413000000.0,7414000000.0,5284000000.0,2130000000.0,1201000000.0,852000000.0,1962000000.0,3.45,3.48,
CAH,annual,2023-06-30,204979000000.0,198105000000.0,6874000000.0,5085000000.0,1789000000.0,663000000.0,330000000.0,1439000000.0,1.0,1.0,
CAH,quarterly,2026-06-30,63672000000.0,61112000000.0,2560000000.0,1746000000.0,814000000.0,554000000.0,398000000.0,874000000.0,1.7,1.7,
CAH,quarterly,2026-03-31,60940000000.0,58442000000.0,2498000000.0,1656000000.0,842000000.0,392000000.0,399000000.0,741000000.0,1.69,1.69,
CAH,quarterly,2025-12-31,65627000000.0,63230000000.0,2397000000.0,1634000000.0,763000000.0,630000000.0,467000000.0,952000000.0,1.97,1.98,
CAH,quarterly,2025-09-30,64009000000.0,61690000000.0,2319000000.0,1565000000.0,754000000.0,598000000.0,450000000.0,911000000.0,1.88,1.89,
CAH,quarterly,2025-06-30,60159000000.0,57957000000.0,2202000000.0,1617000000.0,585000000.0,384000000.0,239000000.0,667000000.0,1.0,1.01,
CAMT,annual,2025-12-31,496072000.0,245755000.0,250317000.0,122114000.0,128203000.0,52335000.0,50722000.0,65770000.0,1.04,1.11,48345000.0
CAMT,annual,2024-12-31,429234000.0,219283000.0,209951000.0,101882000.0,108069000.0,131238000.0,118515000.0,142998000.0,2.42,2.62,38287000.0
CAMT,annual,2023-12-31,315375000.0,167742000.0,147633000.0,82221000.0,65412000.0,87630000.0,78632000.0,94508000.0,1.61,1.76,31470000.0
CAMT,annual,2022-12-31,320909000.0,161053000.0,159856000.0,78358000.0,81498000.0,88188000.0,79949000.0,93376000.0,1.66,1.81,28859000.0
CAMT,quarterly,2026-06-30,133243000.0,66541000.0,66702000.0,39475000.0,27227000.0,34204000.0,23305000.0,27227000.0,0.46,0.5,16684000.0
CAMT,quarterly,2026-03-31,121659000.0,60730000.0,60929000.0,33663000.0,27266000.0,35415000.0,31645000.0,27266000.0,0.63,0.68,14323000.0
CAMT,quarterly,2025-12-31,128124000.0,64024000.0,64100000.0,32416000.0,31684000.0,39847000.0,35897000.0,-42528000.0,0.71,0.78,13056000.0
CAMT,quarterly,2025-09-30,125993000.0,62951000.0,63042000.0,31197000.0,31845000.0,-62561000.0,-53181000.0,31845000.0,-1.16,-1.16,13453000.0
CAMT,quarterly,2025-06-30,123317000.0,60706000.0,62611000.0,30637000.0,31974000.0,36916000.0,33695000.0,31974000.0,0.69,0.74,11474000.0
CARR,annual,2025-12-31,21747000000.0,16123000000.0,5624000000.0,3717000000.0,1907000000.0,1798000000.0,1484000000.0,3530000000.0,1.72,1.74,625000000.0
CARR,annual,2024-12-31,22486000000.0,16505000000.0,5981000000.0,3883000000.0,2098000000.0,2274000000.0,5604000000.0,4086000000.0,6.15,6.24,686000000.0
CARR,annual,2023-12-31,18951000000.0,13789000000.0,5162000000.0,3100000000.0,2062000000.0,1999000000.0,1349000000.0,2796000000.0,1.58,1.61,493000000.0
CARR,annual,2022-12-31,17288000000.0,12991000000.0,4297000000.0,2393000000.0,1904000000.0,3823000000.0,3534000000.0,2232000000.0,4.1,4.19,416000000.0
CARR,quarterly,2026-06-30,6351000000.0,4623000000.0,1728000000.0,958000000.0,770000000.0,721000000.0,501000000.0,1161000000.0,0.6,0.61,148000000.0
CARR,quarterly,2026-03-31,5341000000.0,4097000000.0,1244000000.0,1004000000.0,240000000.0,170000000.0,238000000.0,596000000.0,0.28,0.29,143000000.0
CARR,quarterly,2025-12-31,4837000000.0,3876000000.0,961000000.0,907000000.0,54000000.0,5000000.0,53000000.0,449000000.0,0.06,0.06,160000000.0
CARR,quarterly,2025-09-30,5579000000.0,4130000000.0,1449000000.0,954000000.0,495000000.0,433000000.0,428000000.0,874000000.0,0.5,0.5,151000000.0
CARR,quarterly,2025-06-30,6113000000.0,4344000000.0,1769000000.0,974000000.0,795000000.0,812000000.0,591000000.0,1244000000.0,0.68,0.69,161000000.0
CAT,annual,2025-12-31,67589000000.0,46111000000.0,21478000000.0,10327000000.0,11151000000.0,11541000000.0,8884000000.0,14305000000.0,18.81,18.9,2148000000.0
CAT,annual,2024-12-31,64809000000.0,41485000000.0,23324000000.0,10252000000.0,13072000000.0,13373000000.0,10792000000.0,16038000000.0,22.05,22.17,2107000000.0
CAT,annual,2023-12-31,67060000000.0,43797000000.0,23263000000.0,10297000000.0,12966000000.0,13050000000.0,10335000000.0,15705000000.0,20.12,20.24,2108000000.0
CAT,annual,2022-12-31,59427000000.0,41915000000.0,17512000000.0,8683000000.0,8829000000.0,8752000000.0,6705000000.0,11414000000.0,12.64,12.72,1814000000.0
CAT,quarterly,2026-06-30,20543000000.0,13143000000.0,7400000000.0,3105000000.0,4295000000.0,4558000000.0,3593000000.0,5309000000.0,,,616000000.0
CAT,quarterly,2026-03-31,17415000000.0,11651000000.0,5764000000.0,2679000000.0,3085000000.0,3211000000.0,2549000000.0,3940000000.0,5.47,5.5,537000000.0
CAT,quarterly,2025-12-31,19133000000.0,13658000000.0,5475000000.0,2815000000.0,2660000000.0,3026000000.0,2402000000.0,3751000000.0,5.12,5.15,562000000.0
CAT,quarterly,2025-09-30,17638000000.0,12019000000.0,5619000000.0,2567000000.0,3052000000.0,3127000000.0,2300000000.0,3830000000.0,4.88,4.91,555000000.0
CAT,quarterly,2025-06-30,16569000000.0,11143000000.0,5426000000.0,2566000000.0,2860000000.0,2818000000.0,2179000000.0,3498000000.0,4.62,4.64,551000000.0
CB,annual,2025-12-31,59783000000.0,,,46739000000.0,13808000000.0,13044000000.0,10310000000.0,,25.678705,25.678705,
CB,annual,2024-12-31,56010000000.0,,,44555000000.0,12196000000.0,11455000000.0,9272000000.0,,22.51,22.697674,
CB,annual,2023-12-31,49826000000.0,,,40300000000.0,10198000000.0,9526000000.0,9028000000.0,,21.8,21.976631,
CB,annual,2022-12-31,43055000000.0,,,36570000000.0,7055000000.0,6485000000.0,5246000000.0,,12.55,12.81492,
CB,quarterly,2026-06-30,15959000000.0,,,12335000000.0,3824000000.0,3624000000.0,2854000000.0,,7.3,7.37,
CB,quarterly,2026-03-31,14815000000.0,,,11822000000.0,3191000000.0,2993000000.0,2320000000.0,,5.88,5.94,
CB,quarterly,2025-12-31,15303000000.0,,,11533000000.0,3975000000.0,3770000000.0,3210000000.0,,8.095839,8.095839,
CB,quarterly,2025-09-30,16200000000.0,,,12306000000.0,4091000000.0,3894000000.0,2801000000.0,,6.99,7.103288,
CB,quarterly,2025-06-30,14881000000.0,,,11165000000.0,3897000000.0,3716000000.0,2968000000.0,,7.35,7.444926,
CBOE,annual,2025-12-31,4714200000.0,2785900000.0,1928300000.0,414200000.0,1514100000.0,1566600000.0,1100000000.0,1741300000.0,10.42,10.46,
CBOE,annual,2024-12-31,4094500000.0,2484500000.0,1610000000.0,429300000.0,1180700000.0,1083800000.0,764900000.0,1268300000.0,7.21,7.24,
CBOE,annual,2023-12-31,3773500000.0,2281300000.0,1492200000.0,426900000.0,1065300000.0,1047600000.0,761400000.0,1268000000.0,7.13,7.16,
CBOE,annual,2022-12-31,3958500000.0,2579800000.0,1378700000.0,408300000.0,970400000.0,432900000.0,235000000.0,659700000.0,2.19,2.2,
CBOE,quarterly,2026-06-30,1442800000.0,865900000.0,576900000.0,100900000.0,476000000.0,494700000.0,353100000.0,536000000.0,3.35,3.36,
CBOE,quarterly,2026-03-31,1272800000.0,671800000.0,601000000.0,95400000.0,505600000.0,515500000.0,385700000.0,558300000.0,3.66,3.67,
CBOE,quarterly,2025-12-31,1204000000.0,660400000.0,543600000.0,114800000.0,428800000.0,451700000.0,313500000.0,496300000.0,2.97,2.98,
CBOE,quarterly,2025-09-30,1141700000.0,665400000.0,476300000.0,101300000.0,375000000.0,430100000.0,300800000.0,474300000.0,2.85,2.86,
CBOE,quarterly,2025-06-30,1173500000.0,714100000.0,459400000.0,103200000.0,356200000.0,334600000.0,235100000.0,377400000.0,,,
CBRE,annual,2025-12-31,40550000000.0,32984000000.0,7566000000.0,6272000000.0,1294000000.0,1594000000.0,1157000000.0,2023000000.0,3.85,3.88,
CBRE,annual,2024-12-31,35767000000.0,28811000000.0,6956000000.0,5685000000.0,1271000000.0,1218000000.0,968000000.0,1945000000.0,3.14,3.16,
CBRE,annual,2023-12-31,31949000000.0,25675000000.0,6274000000.0,5184000000.0,1090000000.0,1277000000.0,986000000.0,1712000000.0,3.15,3.2,
CBRE,annual,2022-12-31,30828000000.0,24239000000.0,6589000000.0,5262000000.0,1327000000.0,1658000000.0,1407000000.0,1940000000.0,4.29,4.36,
CBRE,quarterly,2026-06-30,11226000000.0,9140000000.0,2086000000.0,1726000000.0,360000000.0,315000000.0,204000000.0,651000000.0,0.69,0.7,
CBRE,quarterly,2026-03-31,10527000000.0,8675000000.0,1852000000.0,1642000000.0,210000000.0,454000000.0,318000000.0,392000000.0,1.07,1.08,
CBRE,quarterly,2025-12-31,11629000000.0,9473000000.0,2156000000.0,1938000000.0,218000000.0,564000000.0,416000000.0,407000000.0,1.39,1.4,
CBRE,quarterly,2025-09-30,10258000000.0,8304000000.0,1954000000.0,1509000000.0,445000000.0,487000000.0,363000000.0,747000000.0,1.21,1.22,
CBRE,quarterly,2025-06-30,9717000000.0,7942000000.0,1775000000.0,1420000000.0,355000000.0,301000000.0,215000000.0,603000000.0,0.72,0.72,
CCI,annual,2025-12-31,4264000000.0,1105000000.0,3159000000.0,1073000000.0,2086000000.0,1119000000.0,444000000.0,2750000000.0,1.01,1.02,
CCI,annual,2024-12-31,4460000000.0,1090000000.0,3370000000.0,1171000000.0,2199000000.0,1180000000.0,-3903000000.0,2816000000.0,-8.98,-8.98,
CCI,annual,2023-12-31,4734000000.0,1265000000.0,3469000000.0,1289000000.0,2180000000.0,1258000000.0,1502000000.0,2865000000.0,3.46,3.46,
CCI,annual,2022-12-31,6986000000.0,2068000000.0,4918000000.0,2485000000.0,2433000000.0,1691000000.0,1675000000.0,4071000000.0,3.86,3.87,
CCI,quarterly,2026-06-30,1008000000.0,268000000.0,740000000.0,268000000.0,472000000.0,303000000.0,94000000.0,675000000.0,0.22,0.22,
CCI,quarterly,2026-03-31,1010000000.0,266000000.0,744000000.0,262000000.0,482000000.0,225000000.0,151000000.0,632000000.0,0.34,0.34,
CCI,quarterly,2025-12-31,1071000000.0,280000000.0,791000000.0,264000000.0,527000000.0,280000000.0,294000000.0,689000000.0,0.67,0.67,
CCI,quarterly,2025-09-30,1072000000.0,280000000.0,792000000.0,264000000.0,528000000.0,281000000.0,323000000.0,688000000.0,0.74,0.74,
CCI,quarterly,2025-06-30,1060000000.0,278000000.0,782000000.0,274000000.0,508000000.0,269000000.0,291000000.0,679000000.0,0.67,0.67,
CCJ,annual,2025-12-31,3481933000.0,2511660000.0,970273000.0,349014000.0,621259000.0,777261000.0,589577000.0,1166074000.0,1.35,1.35,38467000.0
CCJ,annual,2024-12-31,3135772000.0,2353190000.0,782582000.0,271426000.0,511156000.0,256716000.0,171853000.0,665582000.0,0.39,0.4,36540000.0
CCJ,annual,2023-12-31,2587758000.0,2026092000.0,561666000.0,276617000.0,285049000.0,487153000.0,360847000.0,799522000.0,0.83,0.83,21036000.0
CCJ,annual,2022-12-31,1868003000.0,1634712000.0,233291000.0,217726000.0,15565000.0,84795000.0,89382000.0,331209000.0,0.22,0.22,12175000.0
CCJ,quarterly,2026-03-31,845365000.0,543781000.0,301584000.0,137436000.0,164148000.0,162902000.0,130751000.0,252753000.0,0.3,0.3,13903000.0
CCJ,quarterly,2025-12-31,1200930000.0,928133000.0,272797000.0,68475000.0,204322000.0,246425000.0,199066000.0,387775000.0,,,14911000.0
CCJ,quarterly,2025-09-30,614555000.0,444305000.0,170250000.0,87739000.0,82511000.0,15709000.0,-141000.0,87802000.0,-0.000324,-0.000324,10282000.0
CCJ,quarterly,2025-06-30,877016000.0,619926000.0,257090000.0,100830000.0,156260000.0,391970000.0,320888000.0,491126000.0,0.74,0.74,-708000.0
CCJ,quarterly,2025-03-31,789432000.0,519295000.0,270137000.0,82109000.0,188028000.0,123157000.0,69764000.0,209232000.0,0.16,0.16,13982000.0
CCL,annual,2025-11-30,26621000000.0,15947000000.0,10674000000.0,6192000000.0,4482000000.0,2772000000.0,2760000000.0,6911000000.0,2.02,2.1,
CCL,annual,2024-11-30,25021000000.0,15638000000.0,9383000000.0,5809000000.0,3574000000.0,1915000000.0,1916000000.0,6227000000.0,1.44,1.5,
CCL,annual,2023-11-30,21593000000.0,14317000000.0,7276000000.0,5320000000.0,1956000000.0,-62000000.0,-74000000.0,4374000000.0,-0.06,-0.06,
CCL,annual,2022-11-30,12169000000.0,11757000000.0,412000000.0,4790000000.0,-4378000000.0,-6080000000.0,-6093000000.0,-2196000000.0,-5.16,-5.16,
CCL,quarterly,2026-05-31,6663000000.0,4225000000.0,2438000000.0,1586000000.0,852000000.0,555000000.0,537000000.0,1563000000.0,0.39,0.39,
CCL,quarterly,2026-02-28,6165000000.0,3939000000.0,2226000000.0,1620000000.0,606000000.0,280000000.0,258000000.0,1267000000.0,0.19,0.19,
CCL,quarterly,2025-11-30,6330000000.0,3909000000.0,2421000000.0,1686000000.0,735000000.0,404000000.0,422000000.0,1445000000.0,0.31,0.32,
CCL,quarterly,2025-08-31,8153000000.0,4385000000.0,3768000000.0,1496000000.0,2272000000.0,1857000000.0,1852000000.0,2892000000.0,1.33,1.41,
CCL,quarterly,2025-05-31,6328000000.0,3886000000.0,2442000000.0,1508000000.0,934000000.0,585000000.0,565000000.0,1618000000.0,0.42,0.43,
CDE,annual,2025-12-31,2070126000.0,1149536000.0,920590000.0,143789000.0,776801000.0,682538000.0,585872000.0,962255000.0,0.95,0.96,
CDE,annual,2024-12-31,1054006000.0,731166000.0,322840000.0,107385000.0,215455000.0,126350000.0,58900000.0,300240000.0,0.15,0.15,
CDE,annual,2023-12-31,821206000.0,732718000.0,88488000.0,72567000.0,15921000.0,-68456000.0,-103612000.0,57756000.0,-0.3,-0.3,54636000.0
CDE,annual,2022-12-31,785636000.0,718156000.0,67480000.0,66084000.0,1396000.0,-63449000.0,-78107000.0,69986000.0,-0.28,-0.28,40647000.0
CDE,annual,2021-12-31,,,,,,,,,,,44567000.0
CDE,quarterly,2026-06-30,1085592000.0,805732000.0,279860000.0,62877000.0,216983000.0,215091000.0,121853000.0,481665000.0,0.12,0.12,
CDE,quarterly,2026-03-31,856192000.0,429834000.0,426358000.0,52200000.0,374158000.0,348715000.0,246761000.0,454141000.0,0.35,0.36,
CDE,quarterly,2025-12-31,674847000.0,289636000.0,385211000.0,19098000.0,366113000.0,327508000.0,214969000.0,406550000.0,,,
CDE,quarterly,2025-09-30,554567000.0,321666000.0,232901000.0,44959000.0,187942000.0,169943000.0,266824000.0,248565000.0,0.41,0.42,
CDE,quarterly,2025-06-30,480650000.0,290875000.0,189775000.0,41406000.0,148369000.0,133321000.0,70726000.0,202412000.0,0.11,0.11,
CDNS,annual,2025-12-31,5296759000.0,722249000.0,4574510000.0,2924729000.0,1649781000.0,1522043000.0,1108888000.0,1872428000.0,4.06,4.09,1768772000.0
CDNS,annual,2024-12-31,4641264000.0,647502000.0,3993762000.0,2610912000.0,1382850000.0,1395819000.0,1055484000.0,1666833000.0,3.85,3.89,1549093000.0
CDNS,annual,2023-12-31,4089986000.0,435041000.0,3654945000.0,2392707000.0,1262238000.0,1281926000.0,1041144000.0,1463854000.0,3.82,3.86,1441796000.0
CDNS,annual,2022-12-31,3561718000.0,371623000.0,3190095000.0,2116354000.0,1073741000.0,1045363000.0,848952000.0,1203727000.0,3.09,3.13,1251544000.0
CDNS,quarterly,2026-06-30,1584451000.0,239318000.0,1345133000.0,895170000.0,449963000.0,510234000.0,367076000.0,663681000.0,1.33,1.34,531273000.0
CDNS,quarterly,2026-03-31,1474220000.0,214535000.0,1259685000.0,828349000.0,431336000.0,428103000.0,335660000.0,544088000.0,1.23,1.23,508437000.0
CDNS,quarterly,2025-12-31,1440114000.0,188726000.0,1251388000.0,786163000.0,465225000.0,492961000.0,388136000.0,591274000.0,1.42,1.43,464582000.0
CDNS,quarterly,2025-09-30,1338838000.0,182193000.0,1156645000.0,703859000.0,452786000.0,392783000.0,287122000.0,477568000.0,1.05,1.06,423031000.0
CDNS,quarterly,2025-06-30,1275441000.0,184167000.0,1091274000.0,720885000.0,370389000.0,280607000.0,160051000.0,367306000.0,0.59,0.59,442057000.0
CEG,annual,2025-12-31,25533000000.0,20840000000.0,4693000000.0,495000000.0,4198000000.0,3511000000.0,2319000000.0,5959000000.0,7.4,7.4,
CEG,annual,2024-12-31,23568000000.0,17578000000.0,5990000000.0,1142000000.0,4848000000.0,4516000000.0,3749000000.0,7029000000.0,11.89,11.91,
CEG,annual,2023-12-31,24918000000.0,21686000000.0,3232000000.0,846000000.0,2386000000.0,2447000000.0,1623000000.0,4761000000.0,5.01,5.02,
CEG,annual,2022-12-31,24440000000.0,22303000000.0,2137000000.0,2545000000.0,-408000000.0,-542000000.0,-160000000.0,1558000000.0,-0.489297,-0.489297,
CEG,quarterly,2026-06-30,7504000000.0,6276000000.0,1228000000.0,1275000000.0,-47000000.0,900000000.0,513000000.0,1878000000.0,1.42,1.42,
CEG,quarterly,2026-03-31,11122000000.0,8132000000.0,2990000000.0,724000000.0,2266000000.0,2125000000.0,1590000000.0,3050000000.0,4.49,4.49,
CEG,quarterly,2025-12-31,6074000000.0,5084000000.0,990000000.0,184000000.0,806000000.0,692000000.0,432000000.0,1287000000.0,1.38,1.38,
CEG,quarterly,2025-09-30,6570000000.0,5078000000.0,1492000000.0,33000000.0,1459000000.0,1395000000.0,930000000.0,2014000000.0,2.97,2.98,
CEG,quarterly,2025-06-30,6101000000.0,4749000000.0,1352000000.0,850000000.0,502000000.0,1273000000.0,839000000.0,1881000000.0,2.67,2.67,
CELH,annual,2025-12-31,2515269000.0,1247936000.0,1267333000.0,798810000.0,468523000.0,125033000.0,107999000.0,203461000.0,0.25,0.25,
CELH,annual,2024-12-31,1355630000.0,675423000.0,680207000.0,524479000.0,155728000.0,195050000.0,145074000.0,202324000.0,0.45,0.46,
CELH,annual,2023-12-31,1318014000.0,684875000.0,633139000.0,366773000.0,266366000.0,291749000.0,226801000.0,294975000.0,0.77,0.79,
CELH,annual,2022-12-31,653604000.0,382735000.0,270869000.0,428670000.0,-157801000.0,-152664000.0,-187282000.0,-155884000.0,-0.88,-0.88,
CELH,quarterly,2026-06-30,817925000.0,424237000.0,393688000.0,237573000.0,156115000.0,69530000.0,55293000.0,91200000.0,0.14,0.14,
CELH,quarterly,2026-03-31,782615000.0,404548000.0,378067000.0,234647000.0,143420000.0,137536000.0,110099000.0,158513000.0,0.33,0.33,
CELH,quarterly,2025-12-31,721628000.0,379798000.0,341830000.0,235011000.0,106819000.0,22606000.0,24739000.0,44195000.0,0.04,0.04,
CELH,quarterly,2025-09-30,725106000.0,352827000.0,372279000.0,205571000.0,166708000.0,-88031000.0,-61014000.0,-61002000.0,-0.27,-0.27,
CELH,quarterly,2025-06-30,739259000.0,358408000.0,380851000.0,237886000.0,142965000.0,129465000.0,99855000.0,156664000.0,0.33,0.33,
CENX,annual,2025-12-31,2527900000.0,2271500000.0,256400000.0,98300000.0,158100000.0,2700000.0,41800000.0,142200000.0,0.42,0.42,
CENX,annual,2024-12-31,2220300000.0,2048300000.0,172000000.0,63600000.0,108400000.0,309800000.0,336800000.0,439600000.0,3.29,3.46,
CENX,annual,2023-12-31,2185400000.0,2097800000.0,87600000.0,60100000.0,27500000.0,-71100000.0,-43100000.0,43400000.0,-0.47,-0.47,
CENX,annual,2022-12-31,2777300000.0,2730600000.0,46700000.0,37500000.0,9200000.0,33400000.0,-14100000.0,136100000.0,-0.15,-0.15,
CENX,quarterly,2026-06-30,752100000.0,524200000.0,227900000.0,16300000.0,211600000.0,256900000.0,249300000.0,283900000.0,2.39,2.52,
CENX,quarterly,2026-03-31,649200000.0,530400000.0,118800000.0,32700000.0,86100000.0,328800000.0,337500000.0,362000000.0,3.23,3.41,
CENX,quarterly,2025-12-31,633700000.0,551400000.0,82300000.0,49300000.0,33000000.0,-23700000.0,1800000.0,17700000.0,0.02,0.02,
CENX,quarterly,2025-09-30,632200000.0,554900000.0,77300000.0,19000000.0,58300000.0,9500000.0,14900000.0,36800000.0,0.15,0.15,
CENX,quarterly,2025-06-30,628100000.0,594500000.0,33600000.0,15500000.0,18100000.0,-13000000.0,-4600000.0,22000000.0,-0.05,-0.05,
CF,annual,2025-12-31,7084000000.0,4360000000.0,2724000000.0,349000000.0,2375000000.0,2239000000.0,1455000000.0,3282000000.0,8.97,8.98,
CF,annual,2024-12-31,5936000000.0,3880000000.0,2056000000.0,345000000.0,1711000000.0,1762000000.0,1218000000.0,2826000000.0,6.74,6.75,
CF,annual,2023-12-31,6631000000.0,4086000000.0,2545000000.0,293000000.0,2252000000.0,2248000000.0,1525000000.0,3261000000.0,7.87,7.89,
CF,annual,2022-12-31,11186000000.0,5325000000.0,5861000000.0,290000000.0,5571000000.0,5095000000.0,3346000000.0,6281000000.0,16.38,16.45,
CF,quarterly,2026-06-30,2222000000.0,1077000000.0,1145000000.0,42000000.0,1103000000.0,1093000000.0,727000000.0,1356000000.0,4.73,4.74,
CF,quarterly,2026-03-31,1986000000.0,1240000000.0,746000000.0,59000000.0,687000000.0,844000000.0,615000000.0,1109000000.0,3.98,3.99,
CF,quarterly,2025-12-31,1872000000.0,1107000000.0,765000000.0,84000000.0,681000000.0,602000000.0,404000000.0,869000000.0,2.59,2.6,
CF,quarterly,2025-09-30,1659000000.0,1027000000.0,632000000.0,58000000.0,574000000.0,565000000.0,353000000.0,819000000.0,2.19,2.19,
CF,quarterly,2025-06-30,1890000000.0,1135000000.0,755000000.0,110000000.0,645000000.0,635000000.0,386000000.0,901000000.0,2.37,2.37,
CHD,annual,2025-12-31,6203200000.0,3428400000.0,2774800000.0,1697200000.0,1077600000.0,956900000.0,736800000.0,1299500000.0,3.02,3.04,
CHD,annual,2024-12-31,6107100000.0,3317000000.0,2790100000.0,1625900000.0,1164200000.0,756300000.0,585300000.0,1090400000.0,2.37,2.39,
CHD,annual,2023-12-31,5867900000.0,3279400000.0,2588500000.0,1531100000.0,1057400000.0,967400000.0,755600000.0,1303500000.0,3.05,3.09,
CHD,annual,2022-12-31,5375600000.0,3125600000.0,2250000000.0,1241200000.0,1008800000.0,523300000.0,413900000.0,831900000.0,1.68,1.7,
CHD,quarterly,2026-06-30,,,,,,,,,0.85,0.86,
CHD,quarterly,2026-03-31,1469300000.0,787900000.0,681400000.0,390400000.0,291000000.0,272600000.0,216300000.0,359500000.0,0.91,0.91,
CHD,quarterly,2025-12-31,1644200000.0,890400000.0,753800000.0,487800000.0,266000000.0,188100000.0,143500000.0,278500000.0,0.6,0.6,
CHD,quarterly,2025-09-30,1585600000.0,871200000.0,714400000.0,459800000.0,254600000.0,236200000.0,182200000.0,324100000.0,0.75,0.75,
CHD,quarterly,2025-06-30,1506300000.0,859300000.0,647000000.0,385300000.0,261700000.0,250500000.0,191000000.0,330600000.0,0.78,0.78,
CHEF,annual,2025-12-31,4149537000.0,3145447000.0,1004090000.0,850984000.0,153106000.0,103542000.0,72361000.0,223236000.0,1.68,1.87,
CHEF,annual,2024-12-31,3794212000.0,2880065000.0,914147000.0,785940000.0,128207000.0,79532000.0,55479000.0,193141000.0,1.32,1.46,
CHEF,annual,2023-12-31,3433763000.0,2619289000.0,814474000.0,713531000.0,100943000.0,55469000.0,34590000.0,156549000.0,0.88,0.92,
CHEF,annual,2022-12-31,2613399000.0,1994763000.0,618636000.0,532898000.0,85738000.0,41889000.0,27750000.0,123983000.0,0.73,0.75,
CHEF,quarterly,2026-06-30,1168613000.0,875726000.0,292887000.0,234258000.0,58629000.0,49218000.0,33767000.0,79521000.0,0.76,0.87,
CHEF,quarterly,2026-03-31,1059010000.0,801642000.0,257368000.0,224234000.0,33134000.0,22738000.0,17367000.0,53573000.0,0.4,0.45,
CHEF,quarterly,2025-12-31,1142564000.0,865999000.0,276565000.0,225346000.0,51219000.0,33158000.0,21684000.0,64117000.0,0.5,0.56,
CHEF,quarterly,2025-09-30,1021319000.0,774128000.0,247191000.0,208255000.0,38936000.0,28401000.0,19148000.0,58733000.0,0.44,0.5,
CHEF,quarterly,2025-06-30,1034906000.0,780567000.0,254339000.0,214123000.0,40216000.0,29501000.0,21241000.0,59313000.0,0.49,0.55,
CHTR,annual,2025-12-31,54774000000.0,23806000000.0,30968000000.0,17644000000.0,13324000000.0,7458000000.0,4987000000.0,21211000000.0,36.21,36.9,
CHTR,annual,2024-12-31,55085000000.0,24349000000.0,30736000000.0,17491000000.0,13245000000.0,7502000000.0,5083000000.0,21404000000.0,34.97,35.53,
CHTR,annual,2023-12-31,54607000000.0,24700000000.0,29907000000.0,17401000000.0,12506000000.0,6854000000.0,4557000000.0,20738000000.0,29.99,30.54,
CHTR,annual,2022-12-31,54022000000.0,24511000000.0,29511000000.0,17268000000.0,12243000000.0,7462000000.0,5055000000.0,20921000000.0,30.74,31.3,
CHTR,quarterly,2026-06-30,13526000000.0,5970000000.0,7556000000.0,4442000000.0,3114000000.0,1999000000.0,1292000000.0,5472000000.0,10.66,10.76,
CHTR,quarterly,2026-03-31,13597000000.0,5877000000.0,7720000000.0,4497000000.0,3223000000.0,1828000000.0,1163000000.0,5295000000.0,9.17,9.27,
CHTR,quarterly,2025-12-31,13601000000.0,5852000000.0,7749000000.0,4395000000.0,3354000000.0,1961000000.0,1332000000.0,5425000000.0,10.34,10.47,
CHTR,quarterly,2025-09-30,13672000000.0,6003000000.0,7669000000.0,4419000000.0,3250000000.0,1734000000.0,1137000000.0,5162000000.0,8.34,8.5,
CHTR,quarterly,2025-06-30,13766000000.0,5973000000.0,7793000000.0,4433000000.0,3360000000.0,1909000000.0,1301000000.0,5348000000.0,9.18,9.41,
CHWY,annual,2026-01-31,12601500000.0,8847600000.0,3753900000.0,3499600000.0,254300000.0,263300000.0,222800000.0,397200000.0,0.52,0.54,
CHWY,annual,2025-01-31,11861300000.0,8393600000.0,3467700000.0,3355100000.0,112600000.0,151700000.0,392700000.0,271800000.0,0.91,0.93,
CHWY,annual,2024-01-31,11147700000.0,7986200000.0,3161500000.0,3185100000.0,-23600000.0,48300000.0,39600000.0,161600000.0,0.09,0.09,
CHWY,annual,2023-01-31,10119000000.0,7284505000.0,2834495000.0,2778074000.0,56421000.0,52545000.0,49899000.0,138560000.0,0.12,0.12,
CHWY,quarterly,2026-04-30,3357200000.0,2345800000.0,1011400000.0,882900000.0,128500000.0,131300000.0,94800000.0,169500000.0,0.23,0.23,
CHWY,quarterly,2026-01-31,3264700000.0,2305000000.0,959700000.0,917200000.0,42500000.0,42100000.0,39200000.0,77100000.0,0.09,0.09,
CHWY,quarterly,2025-10-31,3116600000.0,2188400000.0,928200000.0,863000000.0,65200000.0,69300000.0,59200000.0,103500000.0,0.14,0.14,
CHWY,quarterly,2025-07-31,3104200000.0,2162000000.0,942200000.0,872500000.0,69700000.0,74000000.0,62000000.0,107500000.0,0.14,0.15,
CHWY,quarterly,2025-04-30,3116000000.0,2192200000.0,923800000.0,846900000.0,76900000.0,77900000.0,62400000.0,109200000.0,0.15,0.15,
CI,annual,2025-12-31,273854000000.0,249340000000.0,24514000000.0,16360000000.0,8154000000.0,7781000000.0,5957000000.0,11964000000.0,22.18,22.33,
CI,annual,2024-12-31,246148000000.0,221157000000.0,24991000000.0,16547000000.0,8444000000.0,5269000000.0,3434000000.0,9479000000.0,12.12,12.542505,
CI,annual,2023-12-31,194099000000.0,170088000000.0,24011000000.0,16641000000.0,7370000000.0,5513000000.0,5164000000.0,9994000000.0,17.39,17.654459,
CI,annual,2022-12-31,179363000000.0,157018000000.0,22345000000.0,15050000000.0,7295000000.0,8397000000.0,6704000000.0,12562000000.0,21.3,22.325195,
CI,quarterly,2026-06-30,71396000000.0,65133000000.0,6263000000.0,3859000000.0,2404000000.0,2257000000.0,1660000000.0,3268000000.0,6.29,6.31,
CI,quarterly,2026-03-31,68292000000.0,62024000000.0,6268000000.0,4112000000.0,2156000000.0,2270000000.0,1654000000.0,3277000000.0,6.26,6.3,
CI,quarterly,2025-12-31,72133000000.0,66055000000.0,6078000000.0,4072000000.0,2006000000.0,1817000000.0,1234000000.0,2901000000.0,4.64,4.683752,
CI,quarterly,2025-09-30,69515000000.0,63372000000.0,6143000000.0,3798000000.0,2345000000.0,2295000000.0,1868000000.0,3339000000.0,6.98,7.02,
CI,quarterly,2025-06-30,66942000000.0,61017000000.0,5925000000.0,3855000000.0,2070000000.0,2021000000.0,1532000000.0,3040000000.0,5.71,5.76,
CIEN,annual,2025-10-31,4769507000.0,2764590000.0,2004917000.0,1694125000.0,310792000.0,156287000.0,123338000.0,388389000.0,0.85,0.87,848329000.0
CIEN,annual,2024-10-31,4014955000.0,2295365000.0,1719590000.0,1528381000.0,191209000.0,119850000.0,83956000.0,351932000.0,0.58,0.58,767497000.0
CIEN,annual,2023-10-31,4386549000.0,2507698000.0,1878851000.0,1493998000.0,384853000.0,323653000.0,254827000.0,558907000.0,1.71,1.71,750559000.0
CIEN,annual,2022-10-31,3632661000.0,2072317000.0,1560344000.0,1303114000.0,257230000.0,182505000.0,152902000.0,375674000.0,1.0,1.01,624656000.0
CIEN,quarterly,2026-04-30,1570739000.0,879185000.0,691554000.0,452878000.0,238676000.0,231060000.0,218220000.0,298346000.0,1.49,1.54,237905000.0
CIEN,quarterly,2026-01-31,1427042000.0,801522000.0,625520000.0,434304000.0,191216000.0,181115000.0,150283000.0,246199000.0,1.03,1.06,221458000.0
CIEN,quarterly,2025-10-31,1351984000.0,774805000.0,577179000.0,458689000.0,118490000.0,2858000.0,19489000.0,62172000.0,0.13,0.14,228900000.0
CIEN,quarterly,2025-07-31,1219385000.0,716306000.0,503079000.0,427774000.0,75305000.0,65819000.0,50308000.0,124310000.0,0.35,0.35,211898000.0
CIEN,quarterly,2025-04-30,1125878000.0,673040000.0,452838000.0,418048000.0,34790000.0,19016000.0,8969000.0,76439000.0,0.06,0.06,214868000.0
CL,annual,2025-12-31,20382000000.0,8131000000.0,12251000000.0,8018000000.0,4233000000.0,3059000000.0,2132000000.0,3956000000.0,2.63,2.64,
CL,annual,2024-12-31,20101000000.0,7940000000.0,12161000000.0,7831000000.0,4330000000.0,3956000000.0,2889000000.0,4853000000.0,3.51,3.53,
CL,annual,2023-12-31,19457000000.0,8131000000.0,11326000000.0,7241000000.0,4085000000.0,3392000000.0,2300000000.0,4246000000.0,2.77,2.78,
CL,annual,2022-12-31,17967000000.0,7719000000.0,10248000000.0,6631000000.0,3617000000.0,2660000000.0,1785000000.0,3372000000.0,2.13,2.13,
CL,quarterly,2026-06-30,5361000000.0,2065000000.0,3296000000.0,2280000000.0,1016000000.0,950000000.0,693000000.0,1167000000.0,0.86,0.87,
CL,quarterly,2026-03-31,5324000000.0,2098000000.0,3226000000.0,2262000000.0,964000000.0,892000000.0,646000000.0,1110000000.0,0.8,0.81,
CL,quarterly,2025-12-31,5230000000.0,2084000000.0,3146000000.0,2127000000.0,1019000000.0,108000000.0,-37000000.0,345000000.0,-0.05,-0.05,
CL,quarterly,2025-09-30,5131000000.0,2082000000.0,3049000000.0,1990000000.0,1059000000.0,992000000.0,735000000.0,1217000000.0,0.91,0.91,
CL,quarterly,2025-06-30,5110000000.0,2041000000.0,3069000000.0,1989000000.0,1080000000.0,1007000000.0,743000000.0,1229000000.0,0.91,0.92,
CLF,annual,2025-12-31,18610000000.0,19470000000.0,-860000000.0,593000000.0,-1453000000.0,-2004000000.0,-1478000000.0,-175000000.0,-2.91,-2.91,
CLF,annual,2024-12-31,19185000000.0,19122000000.0,63000000.0,574000000.0,-511000000.0,-950000000.0,-760000000.0,371000000.0,-1.57,-1.57,
CLF,annual,2023-12-31,21996000000.0,20623000000.0,1373000000.0,577000000.0,796000000.0,579000000.0,385000000.0,1841000000.0,0.78,0.78,
CLF,annual,2022-12-31,22989000000.0,20471000000.0,2518000000.0,546000000.0,1972000000.0,1796000000.0,1335000000.0,3106000000.0,2.55,2.57,
CLF,quarterly,2026-06-30,5226000000.0,5094000000.0,132000000.0,178000000.0,-46000000.0,-152000000.0,-145000000.0,266000000.0,-0.25,-0.25,
CLF,quarterly,2026-03-31,4922000000.0,5004000000.0,-82000000.0,131000000.0,-213000000.0,-307000000.0,-237000000.0,100000000.0,-0.42,-0.42,
CLF,quarterly,2025-12-31,4313000000.0,4519000000.0,-206000000.0,131000000.0,-337000000.0,-439000000.0,-243000000.0,-15000000.0,-0.44,-0.44,
CLF,quarterly,2025-09-30,4734000000.0,4780000000.0,-46000000.0,155000000.0,-201000000.0,-309000000.0,-251000000.0,132000000.0,-0.51,-0.51,
CLF,quarterly,2025-06-30,4934000000.0,5146000000.0,-212000000.0,164000000.0,-376000000.0,-621000000.0,-486000000.0,-79000000.0,-0.98,-0.98,
CLH,annual,2025-12-31,6030837000.0,4144599000.0,1886238000.0,1212866000.0,673372000.0,527967000.0,390974000.0,1142826000.0,7.28,7.31,
CLH,annual,2024-12-31,5889952000.0,4065713000.0,1824239000.0,1154007000.0,670232000.0,533443000.0,402299000.0,1088766000.0,7.42,7.46,
CLH,annual,2023-12-31,5409152000.0,3746124000.0,1663028000.0,1050589000.0,612439000.0,503279000.0,377856000.0,989565000.0,6.95,6.99,
CLH,annual,2022-12-31,5166605000.0,3543930000.0,1622675000.0,987928000.0,634747000.0,537998000.0,411744000.0,997862000.0,7.56,7.59,
CLH,quarterly,2026-06-30,1735005000.0,1126225000.0,608780000.0,339883000.0,268897000.0,232119000.0,170464000.0,394762000.0,3.22,3.23,
CLH,quarterly,2026-03-31,1459537000.0,1014120000.0,445417000.0,326482000.0,118935000.0,84350000.0,63201000.0,240416000.0,1.19,1.2,
CLH,quarterly,2025-12-31,1499696000.0,1040728000.0,458968000.0,300522000.0,158446000.0,119942000.0,86590000.0,265712000.0,1.62,1.63,
CLH,quarterly,2025-09-30,1549337000.0,1048490000.0,500847000.0,307838000.0,193009000.0,160826000.0,118799000.0,317752000.0,2.21,2.22,
CLH,quarterly,2025-06-30,1549854000.0,1033497000.0,516357000.0,306059000.0,210298000.0,172589000.0,126905000.0,331066000.0,2.36,2.37,
CMCSA,annual,2025-12-31,123707000000.0,34951000000.0,88756000000.0,68086000000.0,20670000000.0,25766000000.0,19998000000.0,46386000000.0,5.39,5.548507,
CMCSA,annual,2024-12-31,123731000000.0,37026000000.0,86705000000.0,63407000000.0,23298000000.0,18673000000.0,16192000000.0,37609000000.0,4.14,4.274837,
CMCSA,annual,2023-12-31,121572000000.0,36762000000.0,84810000000.0,61497000000.0,23313000000.0,20478000000.0,15388000000.0,38901000000.0,3.71,3.867534,
CMCSA,annual,2022-12-31,121427000000.0,38213000000.0,83214000000.0,60590000000.0,22624000000.0,9284000000.0,5370000000.0,27001000000.0,1.21,1.272476,
CMCSA,quarterly,2026-06-30,29940000000.0,8389000000.0,21551000000.0,16391000000.0,5160000000.0,4612000000.0,3526000000.0,9352000000.0,0.99,0.99,
CMCSA,quarterly,2026-03-31,31457000000.0,10884000000.0,20573000000.0,16438000000.0,4135000000.0,2733000000.0,2174000000.0,7693000000.0,0.6,0.6,
CMCSA,quarterly,2025-12-31,32310000000.0,10305000000.0,22005000000.0,18519000000.0,3486000000.0,2159000000.0,2168000000.0,7473000000.0,0.6,0.601518,
CMCSA,quarterly,2025-09-30,31198000000.0,8655000000.0,22543000000.0,17010000000.0,5533000000.0,4468000000.0,3332000000.0,9616000000.0,0.9,0.911749,
CMCSA,quarterly,2025-06-30,30313000000.0,7576000000.0,22737000000.0,16744000000.0,5993000000.0,14647000000.0,11123000000.0,19906000000.0,2.98,3.007882,
CME,annual,2025-12-31,6520600000.0,907000000.0,5613600000.0,1384100000.0,4229500000.0,5330500000.0,4072200000.0,5834800000.0,11.16,11.18,
CME,annual,2024-12-31,6130100000.0,850300000.0,5279800000.0,1348300000.0,3931500000.0,4541400000.0,3525800000.0,5039100000.0,9.67,9.69,
CME,annual,2023-12-31,5578900000.0,828600000.0,4750300000.0,1314600000.0,3435700000.0,4153600000.0,3226200000.0,4665600000.0,8.86,8.87,
CME,annual,2022-12-31,5019400000.0,753100000.0,4266300000.0,1250400000.0,3015900000.0,3490300000.0,2691000000.0,4015600000.0,7.4,7.41,
CME,quarterly,2026-06-30,1706200000.0,233500000.0,1472700000.0,365600000.0,1107100000.0,1327700000.0,1041800000.0,1455500000.0,2.88,2.89,
CME,quarterly,2026-03-31,1880100000.0,223000000.0,1657100000.0,347400000.0,1309700000.0,1510900000.0,1154300000.0,1637800000.0,3.18,3.25,
CME,quarterly,2025-12-31,1648700000.0,241100000.0,1407600000.0,388000000.0,1019600000.0,1578400000.0,1182900000.0,1704500000.0,3.24,3.25,
CME,quarterly,2025-09-30,1537600000.0,237600000.0,1300000000.0,327400000.0,972600000.0,1177000000.0,908000000.0,1303600000.0,2.49,2.49,
CME,quarterly,2025-06-30,1692000000.0,221600000.0,1470400000.0,341100000.0,1129300000.0,1330300000.0,1025100000.0,1457700000.0,2.81,2.81,
CMG,annual,2025-12-31,11925601000.0,8899394000.0,3026207000.0,1013399000.0,2012808000.0,2009519000.0,1535761000.0,2374190000.0,1.14,1.15,
CMG,annual,2024-12-31,11313853000.0,8296161000.0,3017692000.0,1032513000.0,1985179000.0,2010230000.0,1534110000.0,2320209000.0,1.11,1.12,
CMG,annual,2023-12-31,9871649000.0,7285557000.0,2586092000.0,952978000.0,1633114000.0,1620506000.0,1228737000.0,1952508000.0,0.8868,0.8918,
CMG,annual,2022-12-31,8634652000.0,6572533000.0,2062119000.0,851017000.0,1211102000.0,1181531000.0,899101000.0,1497928000.0,0.6408,0.6456,
CMG,quarterly,2026-06-30,3348562000.0,2503997000.0,844565000.0,288798000.0,555767000.0,533272000.0,403547000.0,654094000.0,0.32,0.32,
CMG,quarterly,2026-03-31,3088242000.0,2369281000.0,718961000.0,300438000.0,418523000.0,405805000.0,302824000.0,515241000.0,0.23,0.23,
CMG,quarterly,2025-12-31,2983511000.0,2284739000.0,698772000.0,253043000.0,445729000.0,433643000.0,330932000.0,538431000.0,0.25,0.25,
CMG,quarterly,2025-09-30,3003444000.0,2267861000.0,735583000.0,237266000.0,498317000.0,496961000.0,382103000.0,588841000.0,0.29,0.29,
CMG,quarterly,2025-06-30,3063393000.0,2225163000.0,838230000.0,263096000.0,575134000.0,577412000.0,436127000.0,666079000.0,0.32,0.32,
CMI,annual,2025-12-31,33670000000.0,25154000000.0,8516000000.0,4651000000.0,3865000000.0,3963000000.0,2843000000.0,5397000000.0,20.5,20.62,1396000000.0
CMI,annual,2024-12-31,34102000000.0,25663000000.0,8439000000.0,5067000000.0,3372000000.0,4903000000.0,3946000000.0,6338000000.0,28.37,28.55,1463000000.0
CMI,annual,2023-12-31,34065000000.0,25816000000.0,8249000000.0,6971000000.0,1278000000.0,1626000000.0,735000000.0,3025000000.0,5.15,5.19,1500000000.0
CMI,annual,2022-12-31,28074000000.0,21355000000.0,6719000000.0,4139000000.0,2580000000.0,2819000000.0,2151000000.0,3802000000.0,15.12,15.2,1278000000.0
CMI,quarterly,2026-03-31,8398000000.0,6155000000.0,2243000000.0,1243000000.0,1000000000.0,934000000.0,654000000.0,1292000000.0,4.71,4.73,358000000.0
CMI,quarterly,2025-12-31,8536000000.0,6585000000.0,1951000000.0,1170000000.0,781000000.0,791000000.0,593000000.0,1153000000.0,4.27,4.29,350000000.0
CMI,quarterly,2025-09-30,8317000000.0,6188000000.0,2129000000.0,1167000000.0,962000000.0,830000000.0,536000000.0,1190000000.0,3.86,3.88,345000000.0
CMI,quarterly,2025-06-30,8643000000.0,6362000000.0,2281000000.0,1173000000.0,1108000000.0,1225000000.0,890000000.0,1591000000.0,6.43,6.46,357000000.0
CMI,quarterly,2025-03-31,8174000000.0,6019000000.0,2155000000.0,1152000000.0,1003000000.0,1117000000.0,824000000.0,1463000000.0,5.96,5.99,344000000.0
CNC,annual,2025-12-31,194777000000.0,180910000000.0,13867000000.0,14179000000.0,-312000000.0,-6728000000.0,-6674000000.0,-4775000000.0,-13.53,-13.53,
CNC,annual,2024-12-31,163071000000.0,146242000000.0,16829000000.0,13641000000.0,3188000000.0,4257000000.0,3305000000.0,6200000000.0,6.31,6.33,
CNC,annual,2023-12-31,153999000000.0,136684000000.0,17315000000.0,13856000000.0,3459000000.0,3598000000.0,2702000000.0,5616000000.0,4.95,4.97,
CNC,annual,2022-12-31,144547000000.0,127891000000.0,16656000000.0,13020000000.0,3636000000.0,1962000000.0,1202000000.0,4058000000.0,2.07,2.09,
CNC,quarterly,2026-06-30,53579000000.0,48978000000.0,4601000000.0,3403000000.0,1198000000.0,1486000000.0,1091000000.0,1939000000.0,2.19,2.21,
CNC,quarterly,2026-03-31,49944000000.0,44386000000.0,5558000000.0,3697000000.0,1861000000.0,2099000000.0,1541000000.0,2563000000.0,3.11,3.13,
CNC,quarterly,2025-12-31,49725000000.0,47258000000.0,2467000000.0,3699000000.0,-1232000000.0,-1543000000.0,-1101000000.0,-1046000000.0,-2.24,-2.24,
CNC,quarterly,2025-09-30,49690000000.0,46439000000.0,3251000000.0,3462000000.0,-211000000.0,-6674000000.0,-6631000000.0,-6187000000.0,-13.5,-13.5,
CNC,quarterly,2025-06-30,48742000000.0,45795000000.0,2947000000.0,3350000000.0,-403000000.0,-257000000.0,-253000000.0,228000000.0,-0.51,-0.51,
CNR,annual,2025-12-31,4164775000.0,4165884000.0,-1109000.0,214856000.0,-215965000.0,-233703000.0,-153216000.0,427488000.0,-2.98,-2.98,
CNR,annual,2024-12-31,2164406000.0,1654958000.0,509448000.0,115224000.0,394224000.0,330647000.0,286405000.0,576365000.0,9.61,9.65,
CNR,annual,2023-12-31,2506635000.0,1618940000.0,887695000.0,84359000.0,803336000.0,777872000.0,655892000.0,1048514000.0,19.79,19.91,
CNR,annual,2022-12-31,2280018000.0,409319000.0,1870699000.0,1065918000.0,804781000.0,568437000.0,466979000.0,847955000.0,13.07,13.41,
CNR,quarterly,2026-06-30,1141014000.0,1055751000.0,85263000.0,-70495000.0,155758000.0,142970000.0,126467000.0,321372000.0,2.51,2.51,
CNR,quarterly,2026-03-31,1084278000.0,1025480000.0,58798000.0,36079000.0,22719000.0,20617000.0,21044000.0,178104000.0,0.41,0.41,
CNR,quarterly,2025-12-31,1042465000.0,1113717000.0,-71252000.0,59740000.0,-130992000.0,-109370000.0,-78981000.0,81320000.0,-1.54,-1.54,
CNR,quarterly,2025-09-30,1002543000.0,978478000.0,24065000.0,35875000.0,-11810000.0,-21400000.0,31598000.0,140212000.0,0.61,0.61,
CNR,quarterly,2025-06-30,1102361000.0,1081837000.0,20524000.0,39777000.0,-19253000.0,-29440000.0,-36556000.0,149874000.0,-0.7,-0.7,
COF,annual,2025-12-31,53434000000.0,,,,,2281000000.0,2453000000.0,,4.03,4.03,
COF,annual,2024-12-31,39112000000.0,,,,,5910000000.0,4750000000.0,,11.59,11.61,
COF,annual,2023-12-31,36787000000.0,,,,,6045000000.0,4887000000.0,,11.95,11.98,
COF,annual,2022-12-31,34250000000.0,,,,,9240000000.0,7360000000.0,,17.91,17.98,
COF,quarterly,2026-06-30,15850000000.0,,,,,3818000000.0,3020000000.0,,4.73,4.73,
COF,quarterly,2026-03-31,15231000000.0,,,,,2699000000.0,2174000000.0,,3.34,3.34,
COF,quarterly,2025-12-31,15393000000.0,,,,,2099000000.0,2134000000.0,,3.26,3.26,
COF,quarterly,2025-09-30,15464000000.0,,,,,4382000000.0,3192000000.0,,4.83,4.83,
COF,quarterly,2025-06-30,12492000000.0,,,,,-5929000000.0,-4277000000.0,,-8.58,-8.58,
COHR,annual,2026-06-30,7118181000.0,4449141000.0,2669040000.0,1767518000.0,901522000.0,847733000.0,804998000.0,1559895000.0,4.12,4.34,722952000.0
COHR,annual,2025-06-30,5810115000.0,3766793000.0,2043322000.0,1508375000.0,534947000.0,94181000.0,49364000.0,891030000.0,-0.52,-0.52,581924000.0
COHR,annual,2024-06-30,4707688000.0,3251724000.0,1455964000.0,1332789000.0,123175000.0,-147647000.0,-156154000.0,700589000.0,-1.84,-1.84,478788000.0
COHR,annual,2023-06-30,5160100000.0,3541817000.0,1618283000.0,1536302000.0,81981000.0,-355558000.0,-259458000.0,613001000.0,-2.93,-2.93,499603000.0
COHR,quarterly,2026-06-30,2045533000.0,1258458000.0,787075000.0,482737000.0,304338000.0,278512000.0,240530000.0,460132000.0,1.19,1.23,216382000.0
COHR,quarterly,2026-03-31,1805641000.0,1125696000.0,679945000.0,453624000.0,226321000.0,184347000.0,191402000.0,361783000.0,0.97,1.01,185985000.0
COHR,quarterly,2025-12-31,1685629000.0,1062809000.0,622820000.0,424196000.0,198624000.0,167988000.0,146717000.0,339944000.0,0.76,0.87,165708000.0
COHR,quarterly,2025-09-30,1581378000.0,1002178000.0,579200000.0,406961000.0,172239000.0,216886000.0,226349000.0,398036000.0,1.19,1.24,154877000.0
COHR,quarterly,2025-06-30,1529436000.0,983287000.0,546149000.0,401171000.0,144978000.0,-63416000.0,-95619000.0,126452000.0,-0.83,-0.83,155739000.0
COIN,annual,2025-12-31,7181325000.0,1821220000.0,5360105000.0,3903960000.0,1456145000.0,1522065000.0,1260327000.0,1795906000.0,4.45,4.85,1670605000.0
COIN,annual,2024-12-31,6564028000.0,1655297000.0,4908731000.0,2673296000.0,2235435000.0,2942644000.0,2579066000.0,3150807000.0,9.48,10.42,1468252000.0
COIN,annual,2023-12-31,3108383000.0,1135550000.0,1972833000.0,2026576000.0,-53743000.0,-76845000.0,94871000.0,145563000.0,0.37,0.4,1324541000.0
COIN,annual,2022-12-31,3194208000.0,629880000.0,2564328000.0,4511622000.0,-1947294000.0,-3064582000.0,-2624949000.0,-2821612000.0,-11.83,-11.81,2326354000.0
COIN,quarterly,2026-06-30,1220068000.0,391453000.0,828615000.0,857976000.0,-29361000.0,-395411000.0,-359468000.0,-308492000.0,-1.36,-1.36,472848000.0
COIN,quarterly,2026-03-31,1412982000.0,428598000.0,984384000.0,970654000.0,13730000.0,-464705000.0,-394117000.0,-374130000.0,-1.49,-1.49,525648000.0
COIN,quarterly,2025-12-31,1781129000.0,417864000.0,1363265000.0,1058731000.0,304534000.0,-886307000.0,-666733000.0,-792598000.0,-2.49,-2.49,497330000.0
COIN,quarterly,2025-09-30,1868693000.0,474496000.0,1394197000.0,949405000.0,444792000.0,502143000.0,432552000.0,573995000.0,1.5,1.65,430585000.0
COIN,quarterly,2025-06-30,1497208000.0,425332000.0,1071876000.0,1105228000.0,-33352000.0,1823773000.0,1428900000.0,1878209000.0,5.14,5.6,387322000.0
COMP,annual,2025-12-31,6961600000.0,5679700000.0,1281900000.0,1310100000.0,-28200000.0,-66900000.0,-58500000.0,54800000.0,-0.1,-0.1,245800000.0
COMP,annual,2024-12-31,5629100000.0,4634600000.0,994500000.0,1139600000.0,-145100000.0,-154400000.0,-154400000.0,-65600000.0,-0.31,-0.31,188800000.0
COMP,annual,2023-12-31,4885000000.0,4007000000.0,878000000.0,1162500000.0,-284500000.0,-317200000.0,-321300000.0,-216400000.0,-0.69,-0.69,184500000.0
COMP,annual,2022-12-31,6018000000.0,4936100000.0,1081900000.0,1622200000.0,-540300000.0,-590200000.0,-601500000.0,-500300000.0,-1.4,-1.4,360300000.0
COMP,quarterly,2026-06-30,4306000000.0,3254000000.0,1052000000.0,892000000.0,160000000.0,87000000.0,92000000.0,281000000.0,0.11,0.12,109000000.0
COMP,quarterly,2026-03-31,2704000000.0,2008000000.0,696000000.0,858000000.0,-162000000.0,-384000000.0,22000000.0,-184000000.0,0.03,0.03,119000000.0
COMP,quarterly,2025-12-31,1699800000.0,1384500000.0,315300000.0,343700000.0,-28400000.0,-41900000.0,-42600000.0,-13100000.0,-0.07,-0.07,65100000.0
COMP,quarterly,2025-09-30,1846000000.0,1503400000.0,342600000.0,340000000.0,2600000.0,-7800000.0,-4600000.0,22100000.0,-0.01,-0.01,67400000.0
COMP,quarterly,2025-06-30,2060000000.0,1686000000.0,374000000.0,332000000.0,42000000.0,37000000.0,39000000.0,69000000.0,0.07,0.07,63000000.0
COP,annual,2025-12-31,58944000000.0,44156000000.0,14788000000.0,3446000000.0,11342000000.0,12656000000.0,7988000000.0,25570000000.0,6.35,6.36,
COP,annual,2024-12-31,54745000000.0,38362000000.0,16383000000.0,3600000000.0,12783000000.0,13672000000.0,9245000000.0,24425000000.0,7.81,7.82,
COP,annual,2023-12-31,56141000000.0,37938000000.0,18203000000.0,3177000000.0,15026000000.0,16288000000.0,10957000000.0,25783000000.0,9.06,9.08,
COP,annual,2022-12-31,78494000000.0,48481000000.0,30013000000.0,4551000000.0,25462000000.0,28228000000.0,18680000000.0,37127000000.0,14.57,14.62,
COP,quarterly,2026-06-30,19161000000.0,12126000000.0,7035000000.0,1056000000.0,5979000000.0,6082000000.0,3931000000.0,9346000000.0,3.23,3.23,
COP,quarterly,2026-03-31,15761000000.0,11465000000.0,4296000000.0,909000000.0,3387000000.0,3363000000.0,2183000000.0,6564000000.0,1.78,1.78,
COP,quarterly,2025-12-31,13392000000.0,10815000000.0,2577000000.0,817000000.0,1760000000.0,2245000000.0,1442000000.0,5666000000.0,1.17,1.17,
COP,quarterly,2025-09-30,15031000000.0,11406000000.0,3625000000.0,867000000.0,2758000000.0,2928000000.0,1726000000.0,6211000000.0,1.38,1.38,
COP,quarterly,2025-06-30,14004000000.0,10495000000.0,3509000000.0,903000000.0,2606000000.0,3017000000.0,1971000000.0,6182000000.0,1.56,1.56,
COR,annual,2025-09-30,321332819000.0,309854280000.0,11478539000.0,7544917000.0,3933622000.0,2258336000.0,1554169000.0,3746505000.0,7.96,8.02,
COR,annual,2024-09-30,293958599000.0,284048570000.0,9910029000.0,6753080000.0,3156949000.0,2003975000.0,1509120000.0,3371499000.0,7.53,7.6,
COR,annual,2023-09-30,262173411000.0,253213918000.0,8959493000.0,6273888000.0,2685605000.0,2160836000.0,1745293000.0,3370615000.0,8.53,8.62,
COR,annual,2022-09-30,238587006000.0,230290639000.0,8296367000.0,5542857000.0,2753510000.0,2183057000.0,1698820000.0,3103565000.0,8.04,8.15,
COR,quarterly,2026-06-30,84754837000.0,81147602000.0,3607235000.0,2401964000.0,1205271000.0,996394000.0,763518000.0,1428345000.0,3.94,3.95,
COR,quarterly,2026-03-31,78355916000.0,74767577000.0,3588339000.0,2226851000.0,1361488000.0,2088572000.0,1641332000.0,2505890000.0,8.4,8.44,
COR,quarterly,2025-12-31,85932016000.0,82859945000.0,3072071000.0,2055690000.0,1016381000.0,708640000.0,559647000.0,1066274000.0,2.87,2.88,
COR,quarterly,2025-09-30,83728554000.0,80774977000.0,2953577000.0,2007636000.0,945941000.0,-187044000.0,-339704000.0,186312000.0,-1.75,-1.75,
COR,quarterly,2025-06-30,80663532000.0,77756417000.0,2907115000.0,1926876000.0,980239000.0,896277000.0,687402000.0,1272146000.0,3.52,3.55,
COST,annual,2025-08-31,275235000000.0,239886000000.0,35349000000.0,24966000000.0,10383000000.0,10818000000.0,8099000000.0,13398000000.0,18.21,18.24,
COST,annual,2024-08-31,254453000000.0,222358000000.0,32095000000.0,22810000000.0,9285000000.0,9740000000.0,7367000000.0,12146000000.0,16.56,16.59,
COST,annual,2023-08-31,242290000000.0,212586000000.0,29704000000.0,21590000000.0,8114000000.0,8487000000.0,6292000000.0,10724000000.0,14.16,14.18,
COST,annual,2022-08-31,226954000000.0,199382000000.0,27572000000.0,19779000000.0,7793000000.0,7840000000.0,5844000000.0,9898000000.0,13.14,13.17,
COST,quarterly,2026-05-31,70527000000.0,61519000000.0,9008000000.0,6193000000.0,2815000000.0,2938000000.0,2192000000.0,3567000000.0,4.93,4.94,
COST,quarterly,2026-02-28,69597000000.0,60719000000.0,8878000000.0,6272000000.0,2606000000.0,2721000000.0,2035000000.0,3351000000.0,4.58,4.58,
COST,quarterly,2025-11-30,67307000000.0,58510000000.0,8797000000.0,6334000000.0,2463000000.0,2583000000.0,2001000000.0,3215000000.0,4.5,4.51,
COST,quarterly,2025-08-31,86156000000.0,75037000000.0,11119000000.0,7778000000.0,3341000000.0,3510000000.0,2610000000.0,4330000000.0,5.87,5.88,
COST,quarterly,2025-05-31,63205000000.0,54996000000.0,8209000000.0,5679000000.0,2530000000.0,2580000000.0,1903000000.0,3167000000.0,4.28,4.29,
CRCL,annual,2025-12-31,2746642000.0,2508529000.0,238113000.0,329255000.0,-91142000.0,-102893000.0,-69508000.0,-25040000.0,-0.44,-0.44,
CRCL,annual,2024-12-31,1676253000.0,1280774000.0,395479000.0,232572000.0,162907000.0,221574000.0,155667000.0,274334000.0,0.081374,0.081374,
CRCL,annual,2023-12-31,1450466000.0,1023779000.0,426687000.0,192281000.0,234406000.0,318949000.0,267562000.0,355748000.0,0.227097,0.227097,
CRCL,annual,2022-12-31,772052000.0,522315000.0,249737000.0,186223000.0,63514000.0,-758509000.0,-768847000.0,-742548000.0,-3.888014,-3.888014,
CRCL,quarterly,2026-06-30,701315000.0,546469000.0,154846000.0,121185000.0,33661000.0,52306000.0,48221000.0,82266000.0,0.18,0.19,
CRCL,quarterly,2026-03-31,694133000.0,544908000.0,149225000.0,103367000.0,45858000.0,56685000.0,55253000.0,83490000.0,0.21,0.23,
CRCL,quarterly,2025-12-31,770232000.0,598021000.0,172211000.0,115637000.0,56574000.0,140182000.0,133416000.0,165911000.0,0.43,0.56,
CRCL,quarterly,2025-09-30,739759000.0,576907000.0,162852000.0,83503000.0,79349000.0,153091000.0,214385000.0,176447000.0,0.64,0.93,
CRCL,quarterly,2025-06-30,658078000.0,910334000.0,-252256000.0,74019000.0,-326275000.0,-486003000.0,-482100000.0,-471450000.0,-4.48,-4.48,
CRDO,annual,2026-04-30,1335116000.0,426767000.0,908349000.0,463344000.0,445005000.0,475435000.0,472279000.0,480042000.0,2.51,2.65,279381000.0
CRDO,annual,2025-04-30,436775000.0,153866000.0,282909000.0,245785000.0,37124000.0,54870000.0,52183000.0,59062000.0,0.29,0.31,146867000.0
CRDO,annual,2024-04-30,192970000.0,73539000.0,119431000.0,156489000.0,-37058000.0,-22745000.0,-28369000.0,-23287000.0,-0.18,-0.18,96296000.0
CRDO,annual,2023-04-30,184194000.0,78000000.0,106194000.0,125022000.0,-18828000.0,-17914000.0,-16547000.0,-9314000.0,-0.11,-0.11,76774000.0
CRDO,quarterly,2026-04-30,437003000.0,138936000.0,298067000.0,142222000.0,155845000.0,167981000.0,169102000.0,172099000.0,,,90534000.0
CRDO,quarterly,2026-01-31,407012000.0,128144000.0,278868000.0,129246000.0,149622000.0,159081000.0,157142000.0,156378000.0,0.82,0.86,78483000.0
CRDO,quarterly,2025-10-31,268027000.0,86981000.0,181046000.0,102250000.0,78796000.0,83685000.0,82636000.0,85363000.0,0.44,0.47,57916000.0
CRDO,quarterly,2025-07-31,223074000.0,72706000.0,150368000.0,89626000.0,60742000.0,64688000.0,63399000.0,66202000.0,0.34,0.37,52448000.0
CRDO,quarterly,2025-04-30,170025000.0,55837000.0,114188000.0,79527000.0,34661000.0,37609000.0,36588000.0,42318000.0,0.2,0.21,47582000.0
CRH,annual,2025-12-31,37447000000.0,23919000000.0,13528000000.0,8205000000.0,5323000000.0,4805000000.0,3730000000.0,7771000000.0,5.51,5.54,
CRH,annual,2024-12-31,35572000000.0,22871000000.0,12701000000.0,7779000000.0,4922000000.0,4714000000.0,3458000000.0,7124000000.0,5.02,5.06,
CRH,annual,2023-12-31,34949000000.0,22986000000.0,11963000000.0,7476000000.0,4487000000.0,4014000000.0,3154000000.0,6023000000.0,4.33,4.36,
CRH,annual,2022-12-31,32723000000.0,21908000000.0,10815000000.0,7056000000.0,3759000000.0,3461000000.0,3862000000.0,5382000000.0,5.03,5.07,
CRH,quarterly,2026-06-30,10777000000.0,6483000000.0,4294000000.0,2267000000.0,2027000000.0,2163000000.0,1479000000.0,2931000000.0,2.21,2.22,
CRH,quarterly,2026-03-31,7370000000.0,5325000000.0,2045000000.0,2057000000.0,-12000000.0,-224000000.0,-176000000.0,555000000.0,-0.27,-0.27,
CRH,quarterly,2025-12-31,9416000000.0,6060000000.0,3356000000.0,1914000000.0,1442000000.0,1274000000.0,1022000000.0,2044000000.0,1.52,1.53,
CRH,quarterly,2025-09-30,11069000000.0,6760000000.0,4309000000.0,2338000000.0,1971000000.0,1921000000.0,1496000000.0,2731000000.0,2.21,2.23,
CRH,quarterly,2025-06-30,10206000000.0,6180000000.0,4026000000.0,2120000000.0,1906000000.0,1756000000.0,1313000000.0,2484000000.0,1.94,1.95,
CRM,annual,2026-01-31,41525000000.0,9270000000.0,32255000000.0,23338000000.0,8917000000.0,9520000000.0,7457000000.0,12548000000.0,7.8,7.85,5993000000.0
CRM,annual,2025-01-31,37895000000.0,8643000000.0,29252000000.0,21586000000.0,7666000000.0,7438000000.0,6197000000.0,11143000000.0,6.36,6.44,5493000000.0
CRM,annual,2024-01-31,34857000000.0,8541000000.0,26316000000.0,20317000000.0,5999000000.0,4950000000.0,4136000000.0,9958000000.0,4.2,4.25,4906000000.0
CRM,annual,2023-01-31,31352000000.0,8360000000.0,22992000000.0,21134000000.0,1858000000.0,660000000.0,208000000.0,5644000000.0,0.21,0.21,5055000000.0
CRM,quarterly,2026-07-31,11345000000.0,2649000000.0,8696000000.0,6271000000.0,2425000000.0,4552000000.0,3526000000.0,5991000000.0,4.29,4.3,1687000000.0
CRM,quarterly,2026-04-30,11133000000.0,5140000000.0,8563000000.0,6136000000.0,2427000000.0,2721000000.0,2107000000.0,4023000000.0,2.42,2.43,1627000000.0
CRM,quarterly,2026-01-31,11201000000.0,2508000000.0,8693000000.0,6538000000.0,2155000000.0,2628000000.0,1943000000.0,3275000000.0,2.07,2.08,1619000000.0
CRM,quarterly,2025-10-31,10259000000.0,2255000000.0,8004000000.0,5556000000.0,2448000000.0,2512000000.0,2086000000.0,3299000000.0,2.19,2.2,1433000000.0
CRM,quarterly,2025-07-31,10236000000.0,2242000000.0,7994000000.0,5658000000.0,2336000000.0,2406000000.0,1887000000.0,3290000000.0,1.96,1.97,1481000000.0
CRSP,annual,2025-12-31,0.0,213480000.0,-213480000.0,451091000.0,-664571000.0,-577965000.0,-581599000.0,-645092000.0,-6.47,-6.47,381059000.0
CRSP,annual,2024-12-31,35000000.0,120667000.0,-85667000.0,380899000.0,-466566000.0,-362665000.0,-366252000.0,-447307000.0,-4.34,-4.34,310236000.0
CRSP,annual,2023-12-31,370000000.0,130250000.0,239750000.0,462288000.0,-222538000.0,-150722000.0,-153610000.0,-202701000.0,-1.94,-1.94,387332000.0
CRSP,annual,2022-12-31,436000.0,110250000.0,-109814000.0,563347000.0,-673161000.0,-650500000.0,-650175000.0,-648989000.0,-8.36,-8.36,461645000.0
CRSP,quarterly,2026-06-30,10000000.0,40272000.0,-30272000.0,86997000.0,-117269000.0,-90194000.0,-91154000.0,-112989000.0,-0.94,-0.94,69625000.0
CRSP,quarterly,2026-03-31,1000000.0,45949000.0,-44949000.0,85299000.0,-130248000.0,-122092000.0,-122931000.0,-125929000.0,-1.28,-1.28,68574000.0
CRSP,quarterly,2025-12-31,0.0,53703000.0,-53703000.0,101061000.0,-154764000.0,-129999000.0,-130613000.0,-149103000.0,-1.37,-1.37,83526000.0
CRSP,quarterly,2025-09-30,0.0,57115000.0,-57115000.0,74944000.0,-132059000.0,-105822000.0,-106441000.0,-127626000.0,-1.17,-1.17,58902000.0
CRSP,quarterly,2025-06-30,0.0,45153000.0,-45153000.0,184171000.0,-229324000.0,-207257000.0,-208549000.0,-224675000.0,-2.4,-2.4,166147000.0
CRVS,annual,2025-12-31,0.0,,,42971000.0,-42971000.0,-15283000.0,-15283000.0,-42866000.0,-0.53,-0.19,33719000.0
CRVS,annual,2024-12-31,0.0,,,27548000.0,-27548000.0,-62293000.0,-62293000.0,-27463000.0,-1.02,-1.02,19385000.0
CRVS,annual,2023-12-31,0.0,,,23407000.0,-23407000.0,-27029000.0,-27029000.0,-23256000.0,-0.56,-0.56,16526000.0
CRVS,annual,2022-12-31,0.0,,,32565000.0,-32565000.0,-41307000.0,-41307000.0,-32198000.0,-0.89,-0.89,24468000.0
CRVS,quarterly,2026-06-30,0.0,,,19297000.0,-19297000.0,-17959000.0,-17959000.0,-19263000.0,-0.19,-0.19,15964000.0
CRVS,quarterly,2026-03-31,0.0,,,14877000.0,-14877000.0,-13692000.0,-13692000.0,-14848000.0,-0.15,-0.15,11175000.0
CRVS,quarterly,2025-12-31,0.0,,,12217000.0,-12217000.0,-12321000.0,-12321000.0,-12191000.0,-0.15,-0.15,9939000.0
CRVS,quarterly,2025-09-30,0.0,,,10572000.0,-10572000.0,-10157000.0,-10157000.0,-10544000.0,-0.12,-0.12,8454000.0
CRVS,quarterly,2025-06-30,0.0,,,10260000.0,-10260000.0,-7998000.0,-7998000.0,-10231000.0,-0.1,-0.1,7873000.0
CRWD,annual,2026-01-31,4812005000.0,1218929000.0,3593076000.0,3886368000.0,-293292000.0,-126989000.0,-162502000.0,182483000.0,-0.1625,-0.1625,1384770000.0
CRWD,annual,2025-01-31,3953624000.0,990172000.0,2963452000.0,3079852000.0,-116400000.0,58564000.0,-15241000.0,298831000.0,-0.02,-0.02,1075587000.0
CRWD,annual,2024-01-31,3055555000.0,758929000.0,2296626000.0,2315767000.0,-19141000.0,105671000.0,72181000.0,276681000.0,0.0925,0.0925,780319000.0
CRWD,annual,2023-01-31,2241236000.0,601231000.0,1640005000.0,1830117000.0,-190112000.0,-159883000.0,-183245000.0,-40754000.0,-0.1975,-0.1975,608364000.0
CRWD,quarterly,2026-07-31,1470897000.0,374002000.0,1096895000.0,1130127000.0,-33232000.0,3933000.0,5306000.0,105340000.0,0.01,0.01,444200000.0
CRWD,quarterly,2026-04-30,1385629000.0,342277000.0,1043352000.0,1073952000.0,-30600000.0,39063000.0,27774000.0,133106000.0,0.0275,0.0275,408326000.0
CRWD,quarterly,2026-01-31,1305375000.0,311698000.0,993677000.0,979891000.0,13786000.0,57840000.0,59377000.0,142899000.0,0.0375,0.0375,356409000.0
CRWD,quarterly,2025-10-31,1234244000.0,307805000.0,926439000.0,995882000.0,-69443000.0,-23268000.0,-33997000.0,55512000.0,-0.035,-0.035,347564000.0
CRWD,quarterly,2025-07-31,1168952000.0,308551000.0,860401000.0,965858000.0,-105457000.0,-64152000.0,-70153000.0,10709000.0,-0.0775,-0.0775,342533000.0
CRWV,annual,2025-12-31,5131000000.0,1453000000.0,3678000000.0,3724000000.0,-46000000.0,-1215000000.0,-1167000000.0,2468000000.0,-2.81,-2.75,
CRWV,annual,2024-12-31,1915000000.0,493000000.0,1422000000.0,1098000000.0,324000000.0,-744000000.0,-863000000.0,480000000.0,-2.018966,-2.018966,
CRWV,annual,2023-12-31,229000000.0,69000000.0,160000000.0,174000000.0,-14000000.0,-558000000.0,-594000000.0,-427000000.0,-1.471291,-1.471291,
CRWV,annual,2022-12-31,15830000.0,12122000.0,3708000.0,26588000.0,-22880000.0,-35016000.0,-31055000.0,-13877000.0,-0.076921,-0.076921,
CRWV,quarterly,2026-06-30,2575000000.0,879000000.0,1696000000.0,1745000000.0,-49000000.0,-564000000.0,-626000000.0,1469000000.0,-1.14,-1.14,
CRWV,quarterly,2026-03-31,2078000000.0,716000000.0,1362000000.0,1506000000.0,-144000000.0,-656000000.0,-740000000.0,1027000000.0,-1.4,-1.4,
CRWV,quarterly,2025-12-31,1571904000.0,509115000.0,1062789000.0,1152378000.0,-89589000.0,-466857000.0,-451726000.0,741330000.0,-0.89,-0.89,
CRWV,quarterly,2025-09-30,1364676000.0,368824000.0,995852000.0,944002000.0,51850000.0,-236804000.0,-110124000.0,704208000.0,-0.22,-0.22,
CRWV,quarterly,2025-06-30,1212000000.0,313000000.0,899000000.0,880000000.0,19000000.0,-242000000.0,-290000000.0,585000000.0,-0.6,-0.6,
CSCO,annual,2026-07-31,63325000000.0,22465000000.0,40860000000.0,24799000000.0,16061000000.0,16009000000.0,13267000000.0,20019000000.0,,,9563000000.0
CSCO,annual,2025-07-31,56654000000.0,19864000000.0,36790000000.0,24286000000.0,12504000000.0,11100000000.0,10180000000.0,15504000000.0,2.55,2.56,9300000000.0
CSCO,annual,2024-07-31,53803000000.0,18975000000.0,34828000000.0,21858000000.0,12970000000.0,12234000000.0,10320000000.0,15747000000.0,2.54,2.55,7983000000.0
CSCO,annual,2023-07-31,56998000000.0,21245000000.0,35753000000.0,20191000000.0,15562000000.0,15318000000.0,12613000000.0,17471000000.0,3.07,3.08,7551000000.0
CSCO,annual,2022-07-31,,,,,,,,,2.82,2.83,
CSCO,quarterly,2026-07-31,17252000000.0,6189000000.0,11063000000.0,6288000000.0,4775000000.0,4933000000.0,3859000000.0,5944000000.0,0.97,0.98,2431000000.0
CSCO,quarterly,2026-04-30,15841000000.0,5761000000.0,10080000000.0,6121000000.0,3959000000.0,4039000000.0,3373000000.0,5053000000.0,0.85,0.85,2377000000.0
CSCO,quarterly,2026-01-31,15349000000.0,5377000000.0,9972000000.0,6155000000.0,3817000000.0,3646000000.0,3175000000.0,4675000000.0,0.8,0.8,2355000000.0
CSCO,quarterly,2025-10-31,14883000000.0,5138000000.0,9745000000.0,6235000000.0,3510000000.0,3391000000.0,2860000000.0,4347000000.0,0.72,0.72,2400000000.0
CSCO,quarterly,2025-07-31,14673000000.0,5393000000.0,9280000000.0,6158000000.0,3122000000.0,2999000000.0,2550000000.0,4002000000.0,0.71,0.71,2380000000.0
CSX,annual,2025-12-31,14092000000.0,9407000000.0,4685000000.0,-33000000.0,4718000000.0,3769000000.0,2889000000.0,6293000000.0,1.54,1.553442,
CSX,annual,2024-12-31,14540000000.0,9187000000.0,5353000000.0,-50000000.0,5403000000.0,4555000000.0,3470000000.0,7045000000.0,1.79,1.826134,
CSX,annual,2023-12-31,14657000000.0,9158000000.0,5499000000.0,-29000000.0,5528000000.0,4829000000.0,3668000000.0,7245000000.0,1.85,1.89693,
CSX,annual,2022-12-31,14853000000.0,9137000000.0,5716000000.0,-79000000.0,5795000000.0,5345000000.0,4114000000.0,7589000000.0,1.95,2.016457,
CSX,quarterly,2026-06-30,3935000000.0,2429000000.0,1506000000.0,2429000000.0,1506000000.0,1320000000.0,1002000000.0,1942000000.0,0.54,0.54,
CSX,quarterly,2026-03-31,3482000000.0,2229000000.0,1253000000.0,2229000000.0,1253000000.0,1063000000.0,807000000.0,1691000000.0,0.43,0.43,
CSX,quarterly,2025-12-31,3508000000.0,2398000000.0,1110000000.0,2365000000.0,1143000000.0,920000000.0,720000000.0,1537000000.0,0.387151,0.387151,
CSX,quarterly,2025-09-30,3587000000.0,2336000000.0,1251000000.0,2336000000.0,1251000000.0,898000000.0,694000000.0,1532000000.0,0.37,0.37,
CSX,quarterly,2025-06-30,3574000000.0,2291000000.0,1283000000.0,2291000000.0,1283000000.0,1093000000.0,829000000.0,1732000000.0,0.44,0.444676,
CTAS,annual,2026-05-31,11264761000.0,5556968000.0,5707793000.0,3086145000.0,2621648000.0,2505334000.0,1999968000.0,3124465000.0,4.91,4.97,
CTAS,annual,2025-05-31,10340181000.0,5166017000.0,5174164000.0,2814438000.0,2359726000.0,2264202000.0,1812281000.0,2859493000.0,4.4,4.48,
CTAS,annual,2024-05-31,9596615000.0,4910199000.0,4686416000.0,2617783000.0,2068633000.0,1973635000.0,1571592000.0,2531245000.0,3.7875,3.85,
CTAS,annual,2023-05-31,8815769000.0,4642401000.0,4173368000.0,2370704000.0,1802664000.0,1693148000.0,1348010000.0,2223724000.0,3.2475,3.3025,
CTAS,quarterly,2026-05-31,2905203000.0,1424912000.0,1480291000.0,792120000.0,688171000.0,648426000.0,510989000.0,805000000.0,1.26,1.27,
CTAS,quarterly,2026-02-28,2841444000.0,1392988000.0,1448456000.0,788552000.0,659904000.0,632497000.0,502496000.0,789379000.0,1.24,1.25,
CTAS,quarterly,2025-11-30,2799992000.0,1387507000.0,1412485000.0,756771000.0,655714000.0,628504000.0,495343000.0,784081000.0,1.21,1.23,
CTAS,quarterly,2025-08-31,2718122000.0,1351561000.0,1366561000.0,748702000.0,617859000.0,595907000.0,491140000.0,746005000.0,1.2,1.21,
CTAS,quarterly,2025-05-31,2667652000.0,1341663000.0,1325989000.0,728537000.0,597452000.0,575415000.0,448256000.0,721364000.0,1.09,1.11,
CTSH,annual,2025-12-31,21108000000.0,13991000000.0,7117000000.0,3790000000.0,3327000000.0,3479000000.0,2230000000.0,4066000000.0,4.56,4.57,
CTSH,annual,2024-12-31,19736000000.0,12958000000.0,6778000000.0,3752000000.0,3026000000.0,2938000000.0,2240000000.0,3534000000.0,4.51,4.52,
CTSH,annual,2023-12-31,19353000000.0,12664000000.0,6689000000.0,3771000000.0,2918000000.0,2787000000.0,2126000000.0,3383000000.0,4.21,4.21,
CTSH,annual,2022-12-31,19428000000.0,12448000000.0,6980000000.0,4012000000.0,2968000000.0,3016000000.0,2290000000.0,3604000000.0,4.41,4.42,
CTSH,quarterly,2026-06-30,5481000000.0,3652000000.0,1829000000.0,871000000.0,958000000.0,875000000.0,636000000.0,1031000000.0,1.36,1.36,
CTSH,quarterly,2026-03-31,5413000000.0,3638000000.0,1775000000.0,932000000.0,843000000.0,867000000.0,662000000.0,1015000000.0,1.39,1.39,
CTSH,quarterly,2025-12-31,5333000000.0,3534000000.0,1799000000.0,946000000.0,853000000.0,878000000.0,648000000.0,1026000000.0,1.34,1.35,
CTSH,quarterly,2025-09-30,5415000000.0,3581000000.0,1834000000.0,968000000.0,866000000.0,887000000.0,274000000.0,1030000000.0,0.56,0.56,
CTSH,quarterly,2025-06-30,5245000000.0,3479000000.0,1766000000.0,949000000.0,817000000.0,842000000.0,645000000.0,990000000.0,1.31,1.31,
CTVA,annual,2025-12-31,17401000000.0,9172000000.0,8229000000.0,5610000000.0,2619000000.0,1688000000.0,1094000000.0,3071000000.0,1.6,1.6,1474000000.0
CTVA,annual,2024-12-31,16908000000.0,9529000000.0,7379000000.0,5283000000.0,2096000000.0,1275000000.0,907000000.0,2735000000.0,1.3,1.31,1402000000.0
CTVA,annual,2023-12-31,17226000000.0,9920000000.0,7306000000.0,5196000000.0,2110000000.0,1093000000.0,735000000.0,2537000000.0,1.03,1.04,1337000000.0
CTVA,annual,2022-12-31,17455000000.0,10436000000.0,7019000000.0,5091000000.0,1928000000.0,1426000000.0,1147000000.0,2728000000.0,1.58,1.59,1216000000.0
CTVA,quarterly,2026-06-30,,,,,,,,,1.73,1.73,
CTVA,quarterly,2026-03-31,4905000000.0,2372000000.0,2533000000.0,1378000000.0,1155000000.0,858000000.0,720000000.0,1191000000.0,1.07,1.07,341000000.0
CTVA,quarterly,2025-12-31,3910000000.0,2254000000.0,1656000000.0,1414000000.0,242000000.0,-530000000.0,-552000000.0,-178000000.0,-0.82,-0.82,413000000.0
CTVA,quarterly,2025-09-30,2618000000.0,1644000000.0,974000000.0,1244000000.0,-270000000.0,-370000000.0,-320000000.0,-24000000.0,-0.47,-0.47,351000000.0
CTVA,quarterly,2025-06-30,6456000000.0,2932000000.0,3524000000.0,1692000000.0,1832000000.0,1804000000.0,1314000000.0,2157000000.0,1.92,1.92,375000000.0
CVS,annual,2025-12-31,402067000000.0,346705000000.0,55362000000.0,44977000000.0,10385000000.0,2136000000.0,1768000000.0,9861000000.0,1.39,1.4,
CVS,annual,2024-12-31,372809000000.0,321408000000.0,51401000000.0,41706000000.0,9695000000.0,6148000000.0,4614000000.0,13703000000.0,3.66,3.67,
CVS,annual,2023-12-31,357776000000.0,303345000000.0,54431000000.0,39832000000.0,14599000000.0,11173000000.0,8344000000.0,18197000000.0,6.47,6.49,
CVS,annual,2022-12-31,322467000000.0,267965000000.0,54502000000.0,38212000000.0,16290000000.0,5836000000.0,4311000000.0,12347000000.0,3.26,3.29,
CVS,quarterly,2026-06-30,106096000000.0,90347000000.0,15749000000.0,11046000000.0,4703000000.0,3977000000.0,2979000000.0,5860000000.0,,,
CVS,quarterly,2026-03-31,100426000000.0,84802000000.0,15624000000.0,10944000000.0,4680000000.0,3938000000.0,2943000000.0,5827000000.0,2.3,2.31,
CVS,quarterly,2025-12-31,105693000000.0,92126000000.0,13567000000.0,11455000000.0,2112000000.0,1354000000.0,2943000000.0,3288000000.0,2.3,2.32,
CVS,quarterly,2025-09-30,102871000000.0,89065000000.0,13806000000.0,11288000000.0,2518000000.0,-3482000000.0,-3975000000.0,-1564000000.0,-3.13,-3.13,
CVS,quarterly,2025-06-30,98915000000.0,85322000000.0,13593000000.0,11212000000.0,2381000000.0,1647000000.0,1021000000.0,3581000000.0,0.8,0.81,
CVX,annual,2025-12-31,184432000000.0,128346000000.0,56086000000.0,39412000000.0,16674000000.0,19743000000.0,12299000000.0,41417000000.0,6.63,6.65,
CVX,annual,2024-12-31,193414000000.0,136488000000.0,56926000000.0,38009000000.0,18917000000.0,27506000000.0,17661000000.0,45811000000.0,9.72,9.76,
CVX,annual,2023-12-31,196913000000.0,136522000000.0,60391000000.0,34162000000.0,26229000000.0,29584000000.0,21369000000.0,47815000000.0,11.36,11.41,
CVX,annual,2022-12-31,235717000000.0,161735000000.0,73982000000.0,34032000000.0,39950000000.0,49674000000.0,35465000000.0,65485000000.0,18.28,18.36,
CVX,quarterly,2026-06-30,67199000000.0,42689000000.0,24510000000.0,10234000000.0,14276000000.0,16684000000.0,12072000000.0,23034000000.0,6.11,6.13,
CVX,quarterly,2026-03-31,47556000000.0,34073000000.0,13483000000.0,10261000000.0,3222000000.0,3946000000.0,2210000000.0,10183000000.0,1.11,1.12,
CVX,quarterly,2025-12-31,45787000000.0,31232000000.0,14555000000.0,10532000000.0,4023000000.0,4599000000.0,2770000000.0,10924000000.0,1.39,1.39,
CVX,quarterly,2025-09-30,48169000000.0,33179000000.0,14990000000.0,10693000000.0,4297000000.0,5414000000.0,3539000000.0,11810000000.0,1.82,1.83,
CVX,quarterly,2025-06-30,44375000000.0,31202000000.0,13173000000.0,9116000000.0,4057000000.0,4147000000.0,2490000000.0,8653000000.0,1.45,1.45,
CWST,annual,2025-12-31,1836841000.0,1216605000.0,620236000.0,531054000.0,89182000.0,13052000.0,7871000.0,379408000.0,0.12,0.12,
CWST,annual,2024-12-31,1557283000.0,1027336000.0,529947000.0,423922000.0,106025000.0,21048000.0,13536000.0,315406000.0,0.23,0.23,
CWST,annual,2023-12-31,1264542000.0,832038000.0,432504000.0,330422000.0,102082000.0,37045000.0,25399000.0,252366000.0,0.46,0.46,
CWST,annual,2022-12-31,1085089000.0,723117000.0,361972000.0,260529000.0,101443000.0,74966000.0,53079000.0,225039000.0,1.03,1.03,
CWST,quarterly,2026-06-30,543748000.0,364900000.0,178848000.0,151700000.0,27148000.0,3365000.0,3770000.0,109801000.0,0.06,0.06,
CWST,quarterly,2026-03-31,457328000.0,308900000.0,148428000.0,136100000.0,12328000.0,-8824000.0,-5539000.0,84502000.0,-0.09,-0.09,
CWST,quarterly,2025-12-31,469055000.0,312805000.0,156250000.0,135454000.0,20796000.0,-1590000.0,-2511000.0,90876000.0,-0.04,-0.04,
CWST,quarterly,2025-09-30,485351000.0,315300000.0,170051000.0,136100000.0,33951000.0,15890000.0,9984000.0,110664000.0,0.16,0.16,
CWST,quarterly,2025-06-30,465334000.0,308100000.0,157234000.0,131500000.0,25734000.0,6887000.0,5208000.0,99558000.0,0.08,0.08,
CWT,annual,2025-12-31,1000140000.0,356684000.0,643456000.0,460364000.0,183092000.0,146954000.0,128211000.0,360174000.0,2.15,2.15,
CWT,annual,2024-12-31,1036806000.0,343872000.0,692934000.0,430451000.0,262483000.0,232574000.0,190807000.0,424263000.0,3.25,3.26,
CWT,annual,2023-12-31,794632000.0,318774000.0,475858000.0,412225000.0,63633000.0,44595000.0,51911000.0,217538000.0,0.91,0.91,
CWT,annual,2022-12-31,846431000.0,316078000.0,530353000.0,398576000.0,131777000.0,101638000.0,96011000.0,263344000.0,1.77,1.77,
CWT,quarterly,2026-06-30,308596000.0,100993000.0,207603000.0,119374000.0,88229000.0,72041000.0,56465000.0,121835000.0,0.93,0.94,
CWT,quarterly,2026-03-31,214573000.0,76310000.0,138263000.0,116714000.0,21549000.0,4037000.0,4037000.0,62878000.0,0.07,0.07,
CWT,quarterly,2025-12-31,219978000.0,89016000.0,130962000.0,121280000.0,9682000.0,6582000.0,11482000.0,60763000.0,0.19,0.19,
CWT,quarterly,2025-09-30,311235000.0,108969000.0,202266000.0,117466000.0,84800000.0,73715000.0,61230000.0,127499000.0,1.03,1.03,
CWT,quarterly,2025-06-30,264954000.0,94546000.0,170408000.0,108445000.0,61963000.0,50717000.0,42168000.0,103826000.0,0.71,0.71,
D,annual,2025-12-31,16506000000.0,8415000000.0,8091000000.0,3160000000.0,4931000000.0,3611000000.0,2998000000.0,8317000000.0,3.410694,3.410694,
D,annual,2024-12-31,14459000000.0,7536000000.0,6923000000.0,3076000000.0,3847000000.0,2195000000.0,2034000000.0,6727000000.0,2.44,2.492958,
D,annual,2023-12-31,14393000000.0,7408000000.0,6985000000.0,3264000000.0,3721000000.0,2731000000.0,1962000000.0,7538000000.0,2.29,2.379475,
D,annual,2022-12-31,13938000000.0,7561000000.0,6377000000.0,3117000000.0,3260000000.0,328000000.0,1191000000.0,4443000000.0,1.09,1.190419,
D,quarterly,2026-06-30,,,,,,,,,0.37,0.386578,
D,quarterly,2026-03-31,5019000000.0,2803000000.0,2216000000.0,859000000.0,1357000000.0,834000000.0,621000000.0,2065000000.0,0.69,0.69,
D,quarterly,2025-12-31,4093000000.0,2255000000.0,1838000000.0,791000000.0,1047000000.0,582000000.0,567000000.0,2431000000.0,0.645051,0.645051,
D,quarterly,2025-09-30,4527000000.0,2254000000.0,2273000000.0,804000000.0,1469000000.0,1244000000.0,1006000000.0,2592000000.0,1.16,1.177986,
D,quarterly,2025-06-30,3810000000.0,1890000000.0,1920000000.0,774000000.0,1146000000.0,1033000000.0,760000000.0,2118000000.0,0.88,0.891192,
DAL,annual,2025-12-31,63364000000.0,48052000000.0,15312000000.0,9490000000.0,5822000000.0,6185000000.0,5005000000.0,9307000000.0,7.660031,7.720031,
DAL,annual,2024-12-31,61643000000.0,46475000000.0,15168000000.0,9173000000.0,5995000000.0,4658000000.0,3457000000.0,7918000000.0,5.330021,5.390022,
DAL,annual,2023-12-31,58048000000.0,43913000000.0,14135000000.0,8614000000.0,5521000000.0,5608000000.0,4609000000.0,8783000000.0,7.170029,7.210029,
DAL,annual,2022-12-31,50582000000.0,39985000000.0,10597000000.0,6936000000.0,3661000000.0,1914000000.0,1318000000.0,5050000000.0,2.060008,2.070008,
DAL,quarterly,2026-06-30,19757000000.0,15216000000.0,4541000000.0,2677000000.0,1864000000.0,2009000000.0,1604000000.0,2153000000.0,2.44001,2.45001,
DAL,quarterly,2026-03-31,15854000000.0,12907000000.0,2947000000.0,2446000000.0,501000000.0,-214000000.0,-289000000.0,-63000000.0,-0.440002,-0.440002,
DAL,quarterly,2025-12-31,16003000000.0,12221000000.0,3782000000.0,2315000000.0,1467000000.0,1513000000.0,1219000000.0,1671000000.0,1.860007,1.880008,
DAL,quarterly,2025-09-30,16673000000.0,12600000000.0,4073000000.0,2389000000.0,1684000000.0,1777000000.0,1417000000.0,1948000000.0,2.170009,2.180009,
DAL,quarterly,2025-06-30,16648000000.0,12041000000.0,4607000000.0,2505000000.0,2102000000.0,2574000000.0,2130000000.0,2746000000.0,3.270013,3.280013,
DDOG,annual,2025-12-31,3427158000.0,686957000.0,2740201000.0,2784574000.0,-44373000.0,127021000.0,107741000.0,193836000.0,0.31,0.31,1548451000.0
DDOG,annual,2024-12-31,2684275000.0,515531000.0,2168744000.0,2114460000.0,54284000.0,203940000.0,183746000.0,265941000.0,0.52,0.55,1152703000.0
DDOG,annual,2023-12-31,2128359000.0,409908000.0,1718451000.0,1751915000.0,-33464000.0,60235000.0,48568000.0,111002000.0,0.14,0.15,962447000.0
DDOG,annual,2022-12-31,1675100000.0,346743000.0,1328357000.0,1387052000.0,-58695000.0,-38070000.0,-50160000.0,13094000.0,-0.16,-0.16,752351000.0
DDOG,quarterly,2026-06-30,1121454000.0,240113000.0,881341000.0,873876000.0,7465000.0,51733000.0,44558000.0,73428000.0,0.12,0.13,477968000.0
DDOG,quarterly,2026-03-31,1006426000.0,209228000.0,797198000.0,789871000.0,7327000.0,58930000.0,52574000.0,78925000.0,0.15,0.15,435298000.0
DDOG,quarterly,2025-12-31,953194000.0,186894000.0,766300000.0,758317000.0,7983000.0,53470000.0,46567000.0,77257000.0,0.13,0.13,417926000.0
DDOG,quarterly,2025-09-30,885651000.0,176457000.0,709194000.0,715003000.0,-5809000.0,35667000.0,33885000.0,52090000.0,0.1,0.1,401982000.0
DDOG,quarterly,2025-06-30,826760000.0,165978000.0,660782000.0,694909000.0,-34127000.0,6088000.0,2647000.0,20294000.0,0.01,0.01,387482000.0
DE,annual,2025-10-31,44665000000.0,28370000000.0,16295000000.0,7879000000.0,8416000000.0,6257000000.0,5027000000.0,11656000000.0,18.5,18.55,2311000000.0
DE,annual,2024-10-31,50518000000.0,31023000000.0,19495000000.0,8068000000.0,11427000000.0,9206000000.0,7100000000.0,14672000000.0,25.62,25.73,2290000000.0
DE,annual,2023-10-31,60248000000.0,37942000000.0,22306000000.0,7715000000.0,14591000000.0,13019000000.0,10166000000.0,17476000000.0,34.63,34.8,2177000000.0
DE,annual,2022-10-31,51282000000.0,35552000000.0,15730000000.0,6704000000.0,9026000000.0,9127000000.0,7131000000.0,12084000000.0,23.28,23.42,1912000000.0
DE,quarterly,2026-07-31,12352000000.0,7939000000.0,4413000000.0,2077000000.0,2336000000.0,1882000000.0,1379000000.0,3195000000.0,5.1,5.11,567000000.0
DE,quarterly,2026-04-30,13092000000.0,8266000000.0,4826000000.0,2098000000.0,2728000000.0,2293000000.0,1773000000.0,3599000000.0,6.55,6.57,583000000.0
DE,quarterly,2026-01-31,9344000000.0,6280000000.0,3064000000.0,1776000000.0,1288000000.0,836000000.0,656000000.0,2145000000.0,2.42,2.43,554000000.0
DE,quarterly,2025-10-31,12094000000.0,8155000000.0,3939000000.0,2044000000.0,1895000000.0,1425000000.0,1065000000.0,2748000000.0,3.93,3.94,680000000.0
DE,quarterly,2025-07-31,11783000000.0,7570000000.0,4213000000.0,2054000000.0,2159000000.0,1600000000.0,1289000000.0,2958000000.0,4.75,4.76,556000000.0
DECK,annual,2026-03-31,5472296000.0,2314570000.0,3157726000.0,1894823000.0,1262903000.0,1326356000.0,1024071000.0,1404659000.0,7.02,7.04,
DECK,annual,2025-03-31,4985612000.0,2099949000.0,2885663000.0,1706571000.0,1179092000.0,1243299000.0,966091000.0,1316169000.0,6.33,6.36,
DECK,annual,2024-03-31,4287763000.0,1902275000.0,2385488000.0,1457974000.0,927514000.0,978941000.0,759563000.0,1039092000.0,4.86,4.893333,
DECK,annual,2023-03-31,3627286000.0,1801916000.0,1825370000.0,1172619000.0,652751000.0,666082000.0,516822000.0,716869000.0,3.228333,3.25,
DECK,quarterly,2026-06-30,1019531000.0,444368000.0,575163000.0,419862000.0,155301000.0,169050000.0,129972000.0,188990000.0,0.94,0.94,
DECK,quarterly,2026-03-31,1119369000.0,474731000.0,644638000.0,487909000.0,156729000.0,174021000.0,135571000.0,192658000.0,0.96,0.96,
DECK,quarterly,2025-12-31,1957549000.0,786189000.0,1171360000.0,556994000.0,614366000.0,626913000.0,481145000.0,645952000.0,3.33,3.34,
DECK,quarterly,2025-09-30,1430840000.0,627018000.0,803822000.0,477301000.0,326521000.0,342356000.0,268152000.0,362624000.0,1.82,1.82,
DECK,quarterly,2025-06-30,964538000.0,426632000.0,537906000.0,372619000.0,165287000.0,183066000.0,139203000.0,203425000.0,0.93,0.93,
DELL,annual,2026-01-31,113538000000.0,90831000000.0,22707000000.0,14261000000.0,8446000000.0,7263000000.0,5936000000.0,11852000000.0,8.68,9.107482,3142000000.0
DELL,annual,2025-01-31,95567000000.0,74317000000.0,21250000000.0,14594000000.0,6656000000.0,5048000000.0,4592000000.0,9585000000.0,6.38,6.596465,3061000000.0
DELL,annual,2024-01-31,88425000000.0,67356000000.0,21069000000.0,15136000000.0,5933000000.0,4087000000.0,3388000000.0,8891000000.0,4.546,4.546,2801000000.0
DELL,annual,2023-01-31,102301000000.0,79615000000.0,22686000000.0,16915000000.0,5771000000.0,3225000000.0,2442000000.0,7662000000.0,3.24,3.33,2779000000.0
DELL,quarterly,2026-07-31,,,,,,,,,6.34,6.41,
DELL,quarterly,2026-04-30,43842000000.0,36060000000.0,7782000000.0,4020000000.0,3762000000.0,3948000000.0,3438000000.0,5109000000.0,5.24,5.3,983000000.0
DELL,quarterly,2026-01-31,33379000000.0,26649000000.0,6730000000.0,3585000000.0,3145000000.0,2799000000.0,2259000000.0,3983000000.0,3.37,3.465937,797000000.0
DELL,quarterly,2025-10-31,27005000000.0,21412000000.0,5593000000.0,3425000000.0,2168000000.0,1941000000.0,1548000000.0,3093000000.0,2.28,2.321667,752000000.0
DELL,quarterly,2025-07-31,29776000000.0,24329000000.0,5447000000.0,3674000000.0,1773000000.0,1440000000.0,1164000000.0,2601000000.0,1.7,1.720922,785000000.0
DEO,annual,2026-06-30,19643000000.0,7962000000.0,11681000000.0,8525000000.0,3156000000.0,2564000000.0,1737000000.0,6118000000.0,3.116,3.124,
DEO,annual,2025-06-30,20245000000.0,8072000000.0,12173000000.0,7838000000.0,4335000000.0,3537000000.0,2354000000.0,6359000000.0,4.228,4.236,
DEO,annual,2024-06-30,20269000000.0,8071000000.0,12198000000.0,6197000000.0,6001000000.0,5460000000.0,3870000000.0,7087000000.0,6.912,6.928,
DEO,annual,2023-06-30,20555000000.0,8289000000.0,12266000000.0,6719000000.0,5547000000.0,5642000000.0,4445000000.0,7890000000.0,8.294338,8.319564,
DHI,annual,2025-09-30,34250400000.0,26134200000.0,8116200000.0,3692000000.0,4424200000.0,4739900000.0,3585200000.0,4525500000.0,11.57,11.62,
DHI,annual,2024-09-30,36801400000.0,27266000000.0,9535400000.0,3599500000.0,5935900000.0,6284700000.0,4756400000.0,6023000000.0,14.34,14.44,
DHI,annual,2023-09-30,35460400000.0,26110000000.0,9350400000.0,3248800000.0,6101600000.0,6314700000.0,4745700000.0,6193200000.0,13.82,13.93,
DHI,annual,2022-09-30,33480000000.0,22975900000.0,10504100000.0,2933700000.0,7570400000.0,7629700000.0,5857500000.0,7651800000.0,16.51,16.65,
DHI,quarterly,2026-06-30,9227100000.0,7080900000.0,2146200000.0,991200000.0,1155000000.0,1226200000.0,904900000.0,1184000000.0,3.2,3.21,
DHI,quarterly,2026-03-31,7558100000.0,5854800000.0,1703300000.0,903300000.0,800000000.0,867400000.0,647900000.0,828100000.0,2.24,2.25,
DHI,quarterly,2025-12-31,6886900000.0,5292200000.0,1594700000.0,865100000.0,729600000.0,798100000.0,594800000.0,757300000.0,2.03,2.03,
DHI,quarterly,2025-09-30,9677800000.0,7581100000.0,2096700000.0,970900000.0,1125800000.0,1204800000.0,905300000.0,1153200000.0,3.04,3.06,
DHI,quarterly,2025-06-30,9225700000.0,7016500000.0,2209200000.0,944300000.0,1264900000.0,1358100000.0,1024600000.0,1290100000.0,3.36,3.37,
DHR,annual,2025-12-31,24568000000.0,10045000000.0,14523000000.0,9833000000.0,4690000000.0,4233000000.0,3614000000.0,6945000000.0,5.05,5.07,1598000000.0
DHR,annual,2024-12-31,23875000000.0,9669000000.0,14206000000.0,9343000000.0,4863000000.0,4646000000.0,3899000000.0,7276000000.0,5.29,5.33,1584000000.0
DHR,annual,2023-12-31,23890000000.0,9856000000.0,14034000000.0,8832000000.0,5202000000.0,5044000000.0,4764000000.0,7496000000.0,6.38,6.44,1503000000.0
DHR,annual,2022-12-31,26643000000.0,10455000000.0,16188000000.0,8652000000.0,7536000000.0,7146000000.0,7209000000.0,9482000000.0,9.66,9.8,1528000000.0
DHR,quarterly,2026-06-30,6265000000.0,2654000000.0,3611000000.0,2484000000.0,1127000000.0,1078000000.0,870000000.0,1844000000.0,1.23,1.23,412000000.0
DHR,quarterly,2026-03-31,5951000000.0,2360000000.0,3591000000.0,2247000000.0,1344000000.0,1235000000.0,1029000000.0,1925000000.0,1.45,1.45,387000000.0
DHR,quarterly,2025-12-31,6838000000.0,2872000000.0,3966000000.0,2464000000.0,1502000000.0,1373000000.0,1197000000.0,2051000000.0,1.68,1.69,438000000.0
DHR,quarterly,2025-09-30,6053000000.0,2530000000.0,3523000000.0,2369000000.0,1154000000.0,1076000000.0,908000000.0,1765000000.0,1.27,1.28,378000000.0
DHR,quarterly,2025-06-30,5936000000.0,2413000000.0,3523000000.0,2763000000.0,760000000.0,655000000.0,555000000.0,1337000000.0,0.77,0.77,403000000.0
DINO,annual,2025-12-31,26869000000.0,25477000000.0,1392000000.0,465000000.0,927000000.0,732000000.0,579000000.0,1858000000.0,3.08,3.08,
DINO,annual,2024-12-31,28580000000.0,27855000000.0,725000000.0,464000000.0,261000000.0,218000000.0,177000000.0,1215000000.0,0.91,0.91,
DINO,annual,2023-12-31,31964000000.0,29264000000.0,2700000000.0,497000000.0,2203000000.0,2153000000.0,1590000000.0,3115000000.0,8.29,8.29,
DINO,annual,2022-12-31,38205000000.0,33724000000.0,4481000000.0,427000000.0,4054000000.0,3936000000.0,2923000000.0,4769000000.0,14.28,14.28,
DINO,quarterly,2026-06-30,,,,,,,,,4.93,4.93,
DINO,quarterly,2026-03-31,7123000000.0,6161000000.0,962000000.0,115000000.0,847000000.0,839000000.0,648000000.0,1109000000.0,3.56,3.56,
DINO,quarterly,2025-12-31,6464000000.0,6333000000.0,131000000.0,124000000.0,7000000.0,-41000000.0,-28000000.0,251000000.0,-0.16,-0.16,
DINO,quarterly,2025-09-30,7251000000.0,6578000000.0,673000000.0,109000000.0,564000000.0,528000000.0,403000000.0,809000000.0,2.15,2.15,
DINO,quarterly,2025-06-30,6784000000.0,6386000000.0,398000000.0,115000000.0,283000000.0,246000000.0,208000000.0,525000000.0,1.1,1.1,
DIS,annual,2025-09-30,94425000000.0,58766000000.0,35659000000.0,21827000000.0,13832000000.0,12003000000.0,12404000000.0,19141000000.0,6.85,6.88,
DIS,annual,2024-09-30,91361000000.0,58698000000.0,32663000000.0,20749000000.0,11914000000.0,7569000000.0,4972000000.0,14629000000.0,2.72,2.72,
DIS,annual,2023-09-30,88898000000.0,59201000000.0,29697000000.0,20705000000.0,8992000000.0,4769000000.0,2354000000.0,12111000000.0,1.29,1.29,
DIS,annual,2022-09-30,82722000000.0,54401000000.0,28321000000.0,21551000000.0,6770000000.0,5285000000.0,3145000000.0,11997000000.0,1.72,1.73,
DIS,quarterly,2026-06-30,25248000000.0,15106000000.0,10142000000.0,5382000000.0,4760000000.0,3645000000.0,2638000000.0,5522000000.0,1.51,1.52,
DIS,quarterly,2026-03-31,25168000000.0,15901000000.0,9267000000.0,5478000000.0,3789000000.0,3367000000.0,2247000000.0,5245000000.0,1.27,1.27,
DIS,quarterly,2025-12-31,25981000000.0,16669000000.0,9312000000.0,5437000000.0,3875000000.0,3693000000.0,2402000000.0,5452000000.0,1.34,1.34,
DIS,quarterly,2025-09-30,22464000000.0,14018000000.0,8446000000.0,5843000000.0,2603000000.0,2045000000.0,1313000000.0,3855000000.0,0.73,0.73,
DIS,quarterly,2025-06-30,23650000000.0,14532000000.0,9118000000.0,5473000000.0,3645000000.0,3211000000.0,5262000000.0,4981000000.0,2.92,2.92,
DKNG,annual,2025-12-31,6054525000.0,3556947000.0,2497578000.0,2513395000.0,-15817000.0,7013000.0,3710000.0,259671000.0,0.01,0.01,459912000.0
DKNG,annual,2024-12-31,4767699000.0,2950561000.0,1817138000.0,2426137000.0,-608999000.0,-593158000.0,-507285000.0,-338145000.0,-1.05,-1.05,397114000.0
DKNG,annual,2023-12-31,3665393000.0,2292175000.0,1373218000.0,2162443000.0,-789225000.0,-791253000.0,-802142000.0,-587305000.0,-1.73,-1.73,355156000.0
DKNG,annual,2022-12-31,2240461000.0,1484273000.0,756188000.0,2267944000.0,-1511756000.0,-1442958000.0,-1377987000.0,-1271055000.0,-3.16,-3.16,318247000.0
DKNG,quarterly,2026-06-30,1443235000.0,891782000.0,551453000.0,619627000.0,-68174000.0,-71858000.0,-67610000.0,12168000.0,-0.14,-0.14,127649000.0
DKNG,quarterly,2026-03-31,1646076000.0,949385000.0,696691000.0,690844000.0,5847000.0,22922000.0,21070000.0,77508000.0,0.03,0.04,123176000.0
DKNG,quarterly,2025-12-31,1989193000.0,1074506000.0,914687000.0,762927000.0,151760000.0,147025000.0,136426000.0,225762000.0,0.25,0.28,133555000.0
DKNG,quarterly,2025-09-30,1144019000.0,784079000.0,359940000.0,631830000.0,-271890000.0,-270510000.0,-256788000.0,-205819000.0,-0.52,-0.52,114680000.0
DKNG,quarterly,2025-06-30,1512507000.0,854559000.0,657948000.0,507304000.0,150644000.0,169917000.0,157936000.0,215943000.0,0.3,0.32,108417000.0
DLR,annual,2025-12-31,6112692000.0,2726737000.0,3385955000.0,2463820000.0,922135000.0,1345205000.0,1308589000.0,3677788000.0,0.895,0.9325,
DLR,annual,2024-12-31,5554968000.0,2519115000.0,3035853000.0,2278903000.0,756950000.0,643087000.0,602490000.0,2867720000.0,0.4025,0.435,
DLR,annual,2023-12-31,5477061000.0,2598071000.0,2878990000.0,2151444000.0,727546000.0,1025891000.0,948838000.0,3158491000.0,0.72,0.76,
DLR,annual,2022-12-31,4691834000.0,2017562000.0,2674272000.0,2012538000.0,661734000.0,411875000.0,377684000.0,2288940000.0,0.2775,0.295,
DLR,quarterly,2026-06-30,,,,,,,,,1.21,1.25,
DLR,quarterly,2026-03-31,1635173000.0,698263000.0,936910000.0,654292000.0,282618000.0,190812000.0,179274000.0,806707000.0,0.115,0.1225,
DLR,quarterly,2025-12-31,1634671000.0,749635000.0,885036000.0,657776000.0,227260000.0,86438000.0,98647000.0,696412000.0,0.24,0.26,
DLR,quarterly,2025-09-30,1577234000.0,710250000.0,866984000.0,642004000.0,224980000.0,75408000.0,67812000.0,685994000.0,0.0375,0.0425,
DLR,quarterly,2025-06-30,1493150000.0,661528000.0,831622000.0,597379000.0,234243000.0,1059829000.0,1032156000.0,1630379000.0,0.735,0.7575,
DNLI,annual,2025-12-31,0.0,,,555342000.0,-555342000.0,-512438000.0,-512540000.0,-540530000.0,-2.97,-2.97,418778000.0
DNLI,annual,2024-12-31,0.0,,,501878000.0,-501878000.0,-422705000.0,-422773000.0,-492886000.0,-2.57,-2.57,396440000.0
DNLI,annual,2023-12-31,330531000.0,,,527230000.0,-196699000.0,-145194000.0,-145224000.0,-179973000.0,-1.06,-1.06,423876000.0
DNLI,annual,2022-12-31,108463000.0,,,449207000.0,-340744000.0,-325970000.0,-325991000.0,-330361000.0,-2.6,-2.6,358732000.0
DNLI,quarterly,2026-06-30,3604000.0,93000.0,3511000.0,134052000.0,-130541000.0,-127553000.0,-127553000.0,-126057000.0,-0.68,-0.68,97019000.0
DNLI,quarterly,2026-03-31,0.0,,,137357000.0,-137357000.0,-128447000.0,-128447000.0,-133596000.0,-0.69,-0.69,103846000.0
DNLI,quarterly,2025-12-31,0.0,,,137365000.0,-137365000.0,-128447000.0,-128549000.0,-133583000.0,-0.73,-0.73,97905000.0
DNLI,quarterly,2025-09-30,0.0,,,137434000.0,-137434000.0,-126902000.0,-126902000.0,-133572000.0,-0.74,-0.74,101950000.0
DNLI,quarterly,2025-06-30,0.0,0.0,0.0,134963000.0,-134963000.0,-124119000.0,-124119000.0,-131007000.0,-0.72,-0.72,102696000.0
DNN,annual,2025-12-31,4918000.0,,,90906000.0,-85988000.0,-223920000.0,-217288000.0,-190904000.0,-0.24,-0.24,
DNN,annual,2024-12-31,4023000.0,4815000.0,-792000.0,67346000.0,-63323000.0,-91826000.0,-91119000.0,-81789000.0,-0.1,-0.1,
DNN,annual,2023-12-31,1855000.0,3710000.0,-1855000.0,50754000.0,-48899000.0,87021000.0,90375000.0,96464000.0,0.1,0.11,
DNN,annual,2022-12-31,8973000.0,5153000.0,3820000.0,40333000.0,-36513000.0,10303000.0,14354000.0,19030000.0,0.02,0.02,
DNN,annual,2021-12-31,,12621000.0,7379000.0,,,,,,,,
DNN,quarterly,2026-06-30,720000.0,529000.0,191000.0,18317000.0,-18126000.0,25543000.0,25563000.0,43590000.0,0.03,0.03,
DNN,quarterly,2026-03-31,1106000.0,1459000.0,-353000.0,22439000.0,-22792000.0,-119609000.0,-114879000.0,-103000000.0,-0.13,-0.13,
DNN,quarterly,2025-12-31,1222000.0,,,24181000.0,-22959000.0,-51391000.0,-51287000.0,-34110000.0,,,
DNN,quarterly,2025-09-30,1045000.0,1209000.0,-164000.0,23148000.0,-22103000.0,-135386000.0,-134965000.0,-124883000.0,-0.15,-0.15,
DNN,quarterly,2025-06-30,1276000.0,0.0,1276000.0,20066000.0,-18790000.0,12415000.0,12498000.0,15858000.0,0.01,0.01,
DOC,annual,2025-12-31,2822512000.0,1129099000.0,1693413000.0,1149281000.0,544132000.0,284294000.0,71347000.0,1648337000.0,0.1,0.1,
DOC,annual,2024-12-31,2700449000.0,1074861000.0,1625588000.0,1154367000.0,471221000.0,273168000.0,243142000.0,1610803000.0,0.36,0.36,
DOC,annual,2023-12-31,2181003000.0,902060000.0,1278943000.0,845033000.0,433910000.0,314936000.0,306009000.0,1265168000.0,0.56,0.56,
DOC,annual,2022-12-31,2061178000.0,862991000.0,1198187000.0,841602000.0,356585000.0,507130000.0,500449000.0,1390643000.0,0.92,0.92,
DOC,quarterly,2026-06-30,771579000.0,333123000.0,438456000.0,305907000.0,132549000.0,59330000.0,52818000.0,441597000.0,0.08,0.08,
DOC,quarterly,2026-03-31,752952000.0,323861000.0,429091000.0,314325000.0,114766000.0,195645000.0,193633000.0,572671000.0,0.28,0.28,
DOC,quarterly,2025-12-31,719402000.0,287853000.0,431549000.0,285713000.0,145836000.0,125112000.0,113968000.0,467836000.0,0.16,0.16,
DOC,quarterly,2025-09-30,705873000.0,291922000.0,413951000.0,282224000.0,131727000.0,65237000.0,-117122000.0,404338000.0,-0.17,-0.17,
DOC,quarterly,2025-06-30,694348000.0,276181000.0,418167000.0,286680000.0,131487000.0,39654000.0,31673000.0,390845000.0,0.05,0.05,
DOCS,annual,2026-03-31,644863000.0,70326000.0,574537000.0,359617000.0,214920000.0,250005000.0,196051000.0,229303000.0,0.98,1.05,130702000.0
DOCS,annual,2025-03-31,570399000.0,55874000.0,514525000.0,284421000.0,230104000.0,263574000.0,223185000.0,240763000.0,1.11,1.19,93038000.0
DOCS,annual,2024-03-31,475422000.0,50669000.0,424753000.0,252939000.0,171814000.0,185202000.0,147582000.0,182079000.0,0.72,0.78,81983000.0
DOCS,annual,2023-03-31,419052000.0,53490000.0,365562000.0,240454000.0,125108000.0,133156000.0,112818000.0,135391000.0,0.53,0.58,80186000.0
DOCS,quarterly,2026-06-30,156618000.0,23692000.0,132926000.0,99282000.0,33644000.0,40363000.0,24315000.0,37931000.0,0.13,0.13,38477000.0
DOCS,quarterly,2026-03-31,145372000.0,19407000.0,125965000.0,101139000.0,24826000.0,32121000.0,19114000.0,28957000.0,0.1,0.1,39106000.0
DOCS,quarterly,2025-12-31,185053000.0,18701000.0,166352000.0,94456000.0,71896000.0,80798000.0,61558000.0,75885000.0,0.31,0.33,34595000.0
DOCS,quarterly,2025-09-30,168525000.0,16425000.0,152100000.0,88419000.0,63681000.0,72939000.0,62059000.0,67150000.0,0.31,0.33,30202000.0
DOCS,quarterly,2025-06-30,145913000.0,15793000.0,130120000.0,75603000.0,54517000.0,64147000.0,53320000.0,57311000.0,0.27,0.28,26799000.0
DOW,annual,2025-12-31,39968000000.0,37435000000.0,2533000000.0,2375000000.0,158000000.0,-2511000000.0,-2623000000.0,1188000000.0,-3.7,-3.7,752000000.0
DOW,annual,2024-12-31,42964000000.0,38358000000.0,4606000000.0,2701000000.0,1905000000.0,1600000000.0,1116000000.0,5305000000.0,1.57,1.57,810000000.0
DOW,annual,2023-12-31,44622000000.0,39742000000.0,4880000000.0,2780000000.0,2100000000.0,656000000.0,589000000.0,4013000000.0,0.82,0.82,829000000.0
DOW,annual,2022-12-31,56902000000.0,48338000000.0,8564000000.0,2862000000.0,5702000000.0,6090000000.0,4582000000.0,9510000000.0,6.28,6.32,851000000.0
DOW,quarterly,2026-06-30,12092000000.0,9925000000.0,2167000000.0,782000000.0,1385000000.0,871000000.0,721000000.0,1745000000.0,0.99,0.99,207000000.0
DOW,quarterly,2026-03-31,9794000000.0,9154000000.0,640000000.0,644000000.0,-4000000.0,-390000000.0,-533000000.0,548000000.0,-0.74,-0.74,181000000.0
DOW,quarterly,2025-12-31,9460000000.0,8912000000.0,548000000.0,558000000.0,-10000000.0,-1548000000.0,-1543000000.0,-621000000.0,-2.15,-2.15,173000000.0
DOW,quarterly,2025-09-30,9973000000.0,9242000000.0,731000000.0,577000000.0,154000000.0,70000000.0,62000000.0,979000000.0,0.08,0.08,191000000.0
DOW,quarterly,2025-06-30,10104000000.0,9521000000.0,583000000.0,598000000.0,-15000000.0,-659000000.0,-835000000.0,274000000.0,-1.18,-1.18,188000000.0
DRI,annual,2026-05-31,13210900000.0,10348400000.0,2862500000.0,1255900000.0,1606600000.0,1388600000.0,1206700000.0,2146000000.0,10.38,10.45,
DRI,annual,2025-05-31,12076700000.0,9434100000.0,2642600000.0,1206300000.0,1436300000.0,1187200000.0,1049600000.0,1881800000.0,8.86,8.93,
DRI,annual,2024-05-31,11390000000.0,8955500000.0,2434500000.0,1083600000.0,1350900000.0,1175500000.0,1027600000.0,1778600000.0,8.51,8.57,
DRI,annual,2023-05-31,10487800000.0,8378500000.0,2109300000.0,892200000.0,1217100000.0,1120500000.0,981900000.0,1597400000.0,7.99,8.06,
DRI,quarterly,2026-05-31,3718800000.0,2852700000.0,866100000.0,328500000.0,537600000.0,465600000.0,404900000.0,662200000.0,3.51,3.54,
DRI,quarterly,2026-02-28,3345300000.0,2602300000.0,743000000.0,302700000.0,440300000.0,356800000.0,306800000.0,582100000.0,2.65,2.67,
DRI,quarterly,2025-11-30,3102100000.0,2472100000.0,630000000.0,304400000.0,325600000.0,272400000.0,237200000.0,463500000.0,2.03,2.05,
DRI,quarterly,2025-08-31,3044700000.0,2421300000.0,623400000.0,320300000.0,303100000.0,293800000.0,257800000.0,438200000.0,2.19,2.21,
DRI,quarterly,2025-05-31,3271700000.0,2506900000.0,764800000.0,309100000.0,455700000.0,336500000.0,303800000.0,520100000.0,2.58,2.59,
DTIL,annual,2025-12-31,34264000.0,,,86412000.0,-52148000.0,-46609000.0,-45724000.0,-42434000.0,-3.56,-3.56,54172000.0
DTIL,annual,2024-12-31,68696000.0,,,94858000.0,-26162000.0,7167000.0,7167000.0,13526000.0,1.04,1.05,59559000.0
DTIL,annual,2023-12-31,48727000.0,,,92463000.0,-43736000.0,-42527000.0,-61319000.0,-32042000.0,-15.96,-15.96,53375000.0
DTIL,annual,2022-12-31,25098000.0,,,87406000.0,-62308000.0,-72909000.0,-111637000.0,-62794000.0,-38.1,-38.1,46122000.0
DTIL,quarterly,2026-06-30,0.0,,,19161000.0,-19161000.0,-32652000.0,-32652000.0,-31749000.0,-1.26,-1.26,12394000.0
DTIL,quarterly,2026-03-31,10838000.0,,,19913000.0,-9075000.0,-18441000.0,-18441000.0,-17490000.0,-0.75,-0.75,13110000.0
DTIL,quarterly,2025-12-31,34204000.0,,,21696000.0,12508000.0,19248000.0,20133000.0,20274000.0,1.05,1.06,14464000.0
DTIL,quarterly,2025-09-30,13000.0,,,20680000.0,-20667000.0,-21772000.0,-21772000.0,-20736000.0,-1.84,-1.84,13352000.0
DTIL,quarterly,2025-06-30,18000.0,,,21895000.0,-21877000.0,-23520000.0,-23520000.0,-22466000.0,-2.13,-2.13,12768000.0
DUK,annual,2025-12-31,32237000000.0,15739000000.0,16498000000.0,7921000000.0,8577000000.0,5712000000.0,4968000000.0,17050000000.0,6.31,6.31,
DUK,annual,2024-12-31,30357000000.0,15160000000.0,15197000000.0,7259000000.0,7938000000.0,5194000000.0,4524000000.0,14997000000.0,5.71,5.71,
DUK,annual,2023-12-31,29060000000.0,15304000000.0,13756000000.0,6653000000.0,7103000000.0,4767000000.0,2841000000.0,13865000000.0,3.54,3.54,
DUK,annual,2022-12-31,28768000000.0,15792000000.0,12976000000.0,6552000000.0,6424000000.0,4078000000.0,2550000000.0,12360000000.0,3.33,3.33,
DUK,quarterly,2026-06-30,,,,,,,,,1.38,1.38,
DUK,quarterly,2026-03-31,9178000000.0,4696000000.0,4482000000.0,2141000000.0,2341000000.0,1897000000.0,1550000000.0,4749000000.0,1.97,1.97,
DUK,quarterly,2025-12-31,7938000000.0,3915000000.0,4023000000.0,1919000000.0,2104000000.0,1358000000.0,1184000000.0,4264000000.0,1.5,1.5,
DUK,quarterly,2025-09-30,8542000000.0,4161000000.0,4381000000.0,2064000000.0,2317000000.0,1630000000.0,1421000000.0,4617000000.0,1.81,1.81,
DUK,quarterly,2025-06-30,7508000000.0,3691000000.0,3817000000.0,1998000000.0,1819000000.0,1127000000.0,984000000.0,3992000000.0,1.25,1.25,
DUOL,annual,2025-12-31,1037589000.0,288132000.0,749457000.0,613887000.0,135570000.0,182410000.0,414065000.0,149961000.0,8.880179,8.880179,306323000.0
DUOL,annual,2024-12-31,748024000.0,203645000.0,544379000.0,481784000.0,62595000.0,102306000.0,88574000.0,73449000.0,1.971114,1.971114,235298000.0
DUOL,annual,2023-12-31,531109000.0,142105000.0,389004000.0,402263000.0,-13259000.0,17777000.0,16067000.0,-6164000.0,0.35,0.39,194352000.0
DUOL,annual,2022-12-31,369495000.0,99431000.0,270064000.0,335259000.0,-65195000.0,-58636000.0,-59574000.0,-60325000.0,-1.51,-1.51,150444000.0
DUOL,quarterly,2026-06-30,298454000.0,81714000.0,216740000.0,182795000.0,33945000.0,45366000.0,33158000.0,38192000.0,0.66,0.71,92195000.0
DUOL,quarterly,2026-03-31,291967000.0,78871000.0,213096000.0,168569000.0,44527000.0,55552000.0,43460000.0,48718000.0,0.89,0.93,82974000.0
DUOL,quarterly,2025-12-31,282868000.0,76999000.0,205869000.0,162415000.0,43454000.0,54501000.0,41954000.0,47262000.0,0.89976,0.89976,79556000.0
DUOL,quarterly,2025-09-30,271713000.0,74802000.0,196911000.0,161752000.0,35159000.0,46449000.0,292195000.0,38712000.0,5.95,6.36,82707000.0
DUOL,quarterly,2025-06-30,252265000.0,69684000.0,182581000.0,149218000.0,33363000.0,46450000.0,44781000.0,36803000.0,0.91,0.98,73670000.0
DVN,annual,2025-12-31,17188000000.0,12797000000.0,4391000000.0,535000000.0,3856000000.0,3466000000.0,2642000000.0,7558000000.0,4.17,4.18,
DVN,annual,2024-12-31,15940000000.0,11230000000.0,4710000000.0,528000000.0,4182000000.0,3712000000.0,2891000000.0,7368000000.0,4.56,4.58,
DVN,annual,2023-12-31,15258000000.0,9891000000.0,5367000000.0,428000000.0,4939000000.0,4623000000.0,3747000000.0,7546000000.0,5.836449,5.86,
DVN,annual,2022-12-31,19169000000.0,10800000000.0,8369000000.0,449000000.0,7920000000.0,7775000000.0,6015000000.0,10368000000.0,9.12,9.151769,
DVN,quarterly,2026-06-30,7417000000.0,4683000000.0,2734000000.0,191000000.0,2543000000.0,2384000000.0,1911000000.0,3944000000.0,2.03,2.04,
DVN,quarterly,2026-03-31,3807000000.0,3345000000.0,462000000.0,150000000.0,312000000.0,166000000.0,120000000.0,1188000000.0,0.19,0.19,
DVN,quarterly,2025-12-31,4121000000.0,3140000000.0,981000000.0,140000000.0,841000000.0,747000000.0,562000000.0,1756000000.0,0.9,0.91,
DVN,quarterly,2025-09-30,4331000000.0,3227000000.0,1104000000.0,122000000.0,982000000.0,912000000.0,687000000.0,1916000000.0,1.09,1.09,
DVN,quarterly,2025-06-30,4284000000.0,3170000000.0,1114000000.0,133000000.0,981000000.0,1161000000.0,899000000.0,2201000000.0,1.41,1.42,
EBAY,annual,2025-12-31,11100000000.0,3169000000.0,7931000000.0,5654000000.0,2277000000.0,2307000000.0,2031000000.0,2960000000.0,4.34,4.43,1642000000.0
EBAY,annual,2024-12-31,10283000000.0,2880000000.0,7403000000.0,5085000000.0,2318000000.0,2278000000.0,1975000000.0,2861000000.0,3.94,3.99,1479000000.0
EBAY,annual,2023-12-31,10112000000.0,2833000000.0,7279000000.0,5338000000.0,1941000000.0,3707000000.0,2767000000.0,4373000000.0,5.19,5.22,1544000000.0
EBAY,annual,2022-12-31,9795000000.0,2680000000.0,7115000000.0,4765000000.0,2350000000.0,-1601000000.0,-1269000000.0,-924000000.0,-2.27,-2.27,1330000000.0
EBAY,quarterly,2026-06-30,3134000000.0,832000000.0,2302000000.0,1626000000.0,676000000.0,665000000.0,550000000.0,831000000.0,1.21,1.24,484000000.0
EBAY,quarterly,2026-03-31,3089000000.0,802000000.0,2287000000.0,1676000000.0,611000000.0,618000000.0,512000000.0,772000000.0,1.12,1.14,450000000.0
EBAY,quarterly,2025-12-31,2965000000.0,849000000.0,2116000000.0,1515000000.0,601000000.0,623000000.0,528000000.0,799000000.0,1.15,1.17,436000000.0
EBAY,quarterly,2025-09-30,2820000000.0,821000000.0,1999000000.0,1423000000.0,576000000.0,573000000.0,632000000.0,796000000.0,1.35,1.39,423000000.0
EBAY,quarterly,2025-06-30,2730000000.0,750000000.0,1980000000.0,1501000000.0,479000000.0,472000000.0,364000000.0,613000000.0,0.79,0.8,452000000.0
ECL,annual,2025-12-31,16081200000.0,8930800000.0,7150400000.0,4257900000.0,2892500000.0,2547900000.0,2075600000.0,3830500000.0,7.28,7.33,
ECL,annual,2024-12-31,15741400000.0,8899700000.0,6841700000.0,4228200000.0,2613500000.0,2571200000.0,2112400000.0,3846900000.0,7.37,7.43,
ECL,annual,2023-12-31,15320200000.0,9154900000.0,6165300000.0,4061600000.0,2103700000.0,1755500000.0,1372300000.0,3028000000.0,4.79,4.82,
ECL,annual,2022-12-31,14187800000.0,8831000000.0,5356800000.0,3653800000.0,1703000000.0,1343400000.0,1091700000.0,2534200000.0,3.81,3.83,
ECL,quarterly,2026-06-30,4415400000.0,2469500000.0,1945900000.0,1141600000.0,804300000.0,693600000.0,534900000.0,1050900000.0,1.9,1.91,
ECL,quarterly,2026-03-31,4066100000.0,2295300000.0,1770800000.0,1102400000.0,668400000.0,558100000.0,432600000.0,898500000.0,1.52,1.53,
ECL,quarterly,2025-12-31,4196000000.0,2348400000.0,1847600000.0,1061000000.0,786600000.0,660300000.0,563900000.0,999300000.0,1.98,2.0,
ECL,quarterly,2025-09-30,4165000000.0,2299400000.0,1865600000.0,1079200000.0,786400000.0,717700000.0,585000000.0,1034800000.0,2.05,2.06,
ECL,quarterly,2025-06-30,4025200000.0,2222800000.0,1802400000.0,1067700000.0,734700000.0,659900000.0,524200000.0,977800000.0,1.84,1.85,
EE,annual,2025-12-31,1228263000.0,832854000.0,395409000.0,94487000.0,300922000.0,194912000.0,39199000.0,415787000.0,1.28,1.31,
EE,annual,2024-12-31,851437000.0,542294000.0,309143000.0,94148000.0,214995000.0,179133000.0,32878000.0,341099000.0,1.27,1.29,
EE,annual,2023-12-31,1158963000.0,860882000.0,298081000.0,87476000.0,210605000.0,160091000.0,30412000.0,356072000.0,1.11,1.16,
EE,annual,2022-12-31,2472973000.0,2213289000.0,259684000.0,66099000.0,193585000.0,108322000.0,26273000.0,296873000.0,0.51,0.51,
EE,quarterly,2026-06-30,329265000.0,224078000.0,105187000.0,24291000.0,80896000.0,56013000.0,12077000.0,122291000.0,0.37,0.38,
EE,quarterly,2026-03-31,433439000.0,327136000.0,106303000.0,24336000.0,81967000.0,59438000.0,12320000.0,124370000.0,0.37,0.38,
EE,quarterly,2025-12-31,317573000.0,218379000.0,99194000.0,28153000.0,71041000.0,47442000.0,9131000.0,113701000.0,0.28,0.29,
EE,quarterly,2025-09-30,391044000.0,278167000.0,112877000.0,23439000.0,89438000.0,62981000.0,13952000.0,128845000.0,0.43,0.44,
EE,quarterly,2025-06-30,204556000.0,111968000.0,92588000.0,21543000.0,71045000.0,26339000.0,4729000.0,78729000.0,0.15,0.15,
EGP,annual,2025-12-31,721336000.0,192243000.0,529093000.0,241531000.0,287562000.0,257458000.0,257402000.0,503478000.0,4.87,4.88,
EGP,annual,2024-12-31,640234000.0,174212000.0,466022000.0,210815000.0,255207000.0,227807000.0,227751000.0,453248000.0,4.66,4.67,
EGP,annual,2023-12-31,570591000.0,154030000.0,416561000.0,188417000.0,228144000.0,200548000.0,200491000.0,419622000.0,4.42,4.43,
EGP,annual,2022-12-31,487025000.0,133915000.0,353110000.0,170546000.0,182564000.0,186274000.0,186182000.0,378411000.0,4.36,4.37,
EGP,quarterly,2026-06-30,193331000.0,50684000.0,142647000.0,63844000.0,78803000.0,75523000.0,75523000.0,140136000.0,1.4,1.41,
EGP,quarterly,2026-03-31,190256000.0,50523000.0,139733000.0,63338000.0,76395000.0,94624000.0,94624000.0,158421000.0,1.77,1.77,
EGP,quarterly,2025-12-31,187465000.0,49116000.0,138349000.0,62384000.0,75965000.0,67751000.0,67737000.0,132800000.0,1.27,1.27,
EGP,quarterly,2025-09-30,182136000.0,48004000.0,134132000.0,59937000.0,74195000.0,66957000.0,66943000.0,128082000.0,1.26,1.26,
EGP,quarterly,2025-06-30,177286000.0,48363000.0,128923000.0,58473000.0,70450000.0,63313000.0,63299000.0,123324000.0,1.2,1.21,
EHC,annual,2025-12-31,5935200000.0,254400000.0,5680800000.0,4627700000.0,1053100000.0,953000000.0,566200000.0,1404100000.0,5.54,5.62,
EHC,annual,2024-12-31,5373200000.0,3140000000.0,2233200000.0,1368700000.0,864500000.0,749600000.0,455700000.0,1186600000.0,4.46,4.53,
EHC,annual,2023-12-31,4801200000.0,2818400000.0,1982800000.0,1251000000.0,731800000.0,607200000.0,352000000.0,1024600000.0,3.47,3.51,
EHC,annual,2022-12-31,4348600000.0,2595400000.0,1753200000.0,1123000000.0,630200000.0,450800000.0,271000000.0,870100000.0,2.7,2.72,
EHC,quarterly,2026-06-30,1597400000.0,66100000.0,1531300000.0,1242900000.0,288400000.0,261600000.0,153900000.0,384800000.0,1.54,1.55,
EHC,quarterly,2026-03-31,1586600000.0,64300000.0,1522300000.0,1220700000.0,301600000.0,288700000.0,194500000.0,407800000.0,1.93,1.96,
EHC,quarterly,2025-12-31,1544600000.0,64500000.0,1480100000.0,1196700000.0,283400000.0,257700000.0,146100000.0,374300000.0,1.43,1.45,
EHC,quarterly,2025-09-30,1477500000.0,64600000.0,1412900000.0,1169300000.0,243600000.0,219900000.0,126500000.0,333100000.0,1.24,1.26,
EHC,quarterly,2025-06-30,1457700000.0,830800000.0,626900000.0,367800000.0,259100000.0,236800000.0,142100000.0,347100000.0,1.39,1.41,
EL,annual,2026-06-30,15049000000.0,3687000000.0,11362000000.0,9685000000.0,1677000000.0,517000000.0,182000000.0,1647000000.0,0.5,0.5,
EL,annual,2025-06-30,14326000000.0,3729000000.0,10597000000.0,9456000000.0,1141000000.0,-1040000000.0,-1133000000.0,146000000.0,-3.15,-3.15,
EL,annual,2024-06-30,15608000000.0,4424000000.0,11184000000.0,9621000000.0,1563000000.0,772000000.0,390000000.0,1975000000.0,1.08,1.09,
EL,annual,2023-06-30,15910000000.0,4564000000.0,11346000000.0,9575000000.0,1771000000.0,1397000000.0,1006000000.0,2396000000.0,2.79,2.81,
EL,quarterly,2026-06-30,3627000000.0,890000000.0,2737000000.0,2483000000.0,254000000.0,-104000000.0,-116000000.0,175000000.0,-0.32,-0.32,
EL,quarterly,2026-03-31,3712000000.0,876000000.0,2836000000.0,2279000000.0,557000000.0,179000000.0,89000000.0,462000000.0,0.24,0.25,
EL,quarterly,2025-12-31,4229000000.0,994000000.0,3235000000.0,2627000000.0,608000000.0,333000000.0,162000000.0,615000000.0,0.44,0.45,
EL,quarterly,2025-09-30,3481000000.0,927000000.0,2554000000.0,2296000000.0,258000000.0,109000000.0,47000000.0,395000000.0,0.13,0.13,
EL,quarterly,2025-06-30,3411000000.0,955000000.0,2456000000.0,2315000000.0,141000000.0,-451000000.0,-546000000.0,-153000000.0,-1.51,-1.51,
ELV,annual,2025-12-31,199125000000.0,,,192415000000.0,8112000000.0,6710000000.0,5662000000.0,,25.21,25.651957,
ELV,annual,2024-12-31,176810000000.0,,,168906000000.0,9089000000.0,7904000000.0,5980000000.0,,25.68,26.288061,
ELV,annual,2023-12-31,171340000000.0,,,163625000000.0,8745000000.0,7715000000.0,5987000000.0,,25.22,25.687442,
ELV,annual,2022-12-31,156595000000.0,,,148995000000.0,8451000000.0,7600000000.0,5894000000.0,,24.81,25.319587,
ELV,quarterly,2026-06-30,50474000000.0,,,48537000000.0,2301000000.0,1937000000.0,1463000000.0,,6.71,6.746875,
ELV,quarterly,2026-03-31,50181000000.0,,,47877000000.0,2661000000.0,2304000000.0,1764000000.0,,8.0,8.115252,
ELV,quarterly,2025-12-31,49747000000.0,,,49532000000.0,581000000.0,215000000.0,547000000.0,,2.47,2.478209,
ELV,quarterly,2025-09-30,50711000000.0,,,49305000000.0,1757000000.0,1406000000.0,1189000000.0,,5.32,5.354983,
ELV,quarterly,2025-06-30,49776000000.0,,,47484000000.0,2633000000.0,2292000000.0,1743000000.0,,7.72,7.752334,
EME,annual,2025-12-31,16986422000.0,13703434000.0,3282988000.0,1714446000.0,1568542000.0,,1272817000.0,1920064000.0,28.19,28.3,
EME,annual,2024-12-31,14566116000.0,11801065000.0,2765051000.0,1420188000.0,1344863000.0,,1007145000.0,1514841000.0,21.52,21.61,
EME,annual,2023-12-31,12582873000.0,10493534000.0,2089339000.0,1211233000.0,878106000.0,,632994000.0,1009017000.0,13.31,13.37,
EME,annual,2022-12-31,11076120000.0,9472526000.0,1603594000.0,1038717000.0,564877000.0,,406122000.0,680560000.0,8.1,8.13,
EME,quarterly,2026-06-30,5154892000.0,4132513000.0,1022379000.0,475039000.0,547340000.0,551662000.0,403694000.0,601602000.0,9.06,9.09,
EME,quarterly,2026-03-31,4628233000.0,3764283000.0,863950000.0,460105000.0,403845000.0,410072000.0,305484000.0,456419000.0,6.84,6.85,
EME,quarterly,2025-12-31,4513121000.0,3621935000.0,891186000.0,462308000.0,428878000.0,577810000.0,434607000.0,644007000.0,9.68,9.72,
EME,quarterly,2025-09-30,4301529000.0,3466216000.0,835313000.0,429617000.0,405696000.0,407590000.0,295373000.0,453498000.0,6.57,6.59,
EME,quarterly,2025-06-30,4304400000.0,3470629000.0,833771000.0,418559000.0,415212000.0,412027000.0,302160000.0,461858000.0,6.72,6.74,
EMR,annual,2025-09-30,18016000000.0,8497000000.0,9519000000.0,5987000000.0,3532000000.0,2934000000.0,2293000000.0,4839000000.0,4.04,4.074271,
EMR,annual,2024-09-30,17492000000.0,8607000000.0,8885000000.0,6219000000.0,2666000000.0,2020000000.0,1968000000.0,4032000000.0,3.43,3.451421,
EMR,annual,2023-09-30,15165000000.0,7738000000.0,7427000000.0,4668000000.0,2759000000.0,2903000000.0,13219000000.0,4215000000.0,22.88,23.11014,
EMR,annual,2022-09-30,13804000000.0,7498000000.0,6306000000.0,3950000000.0,2356000000.0,2432000000.0,3231000000.0,3502000000.0,5.41,5.463307,
EMR,quarterly,2026-06-30,,,,,,,,,1.28,1.28,
EMR,quarterly,2026-03-31,4562000000.0,2140000000.0,2422000000.0,1521000000.0,901000000.0,793000000.0,618000000.0,1272000000.0,1.1,1.103374,
EMR,quarterly,2025-12-31,4346000000.0,2035000000.0,2311000000.0,1447000000.0,864000000.0,775000000.0,605000000.0,1250000000.0,1.07,1.08,
EMR,quarterly,2025-09-30,4855000000.0,2336000000.0,2519000000.0,1537000000.0,982000000.0,796000000.0,636000000.0,1417000000.0,1.12,1.131841,
EMR,quarterly,2025-06-30,4553000000.0,2160000000.0,2393000000.0,1485000000.0,908000000.0,734000000.0,586000000.0,1232000000.0,1.04,1.04,
ENPH,annual,2025-12-31,1472985000.0,785981000.0,687004000.0,522347000.0,164657000.0,204814000.0,172133000.0,289980000.0,1.29,1.31,189075000.0
ENPH,annual,2024-12-31,1330383000.0,701245000.0,629138000.0,538692000.0,90446000.0,120159000.0,102658000.0,210453000.0,0.75,0.76,201315000.0
ENPH,annual,2023-12-31,2290786000.0,1232398000.0,1058388000.0,596963000.0,461425000.0,513139000.0,438936000.0,596686000.0,3.08,3.22,227336000.0
ENPH,annual,2022-12-31,2330853000.0,1356258000.0,974595000.0,523950000.0,450645000.0,452048000.0,397362000.0,520261000.0,2.77,2.94,168846000.0
ENPH,quarterly,2026-06-30,291854000.0,116840000.0,175014000.0,122537000.0,52477000.0,61899000.0,36079000.0,82422000.0,0.27,0.27,45658000.0
ENPH,quarterly,2026-03-31,282900000.0,182507000.0,100393000.0,126209000.0,-25816000.0,-13860000.0,-7406000.0,7588000.0,-0.06,-0.06,44867000.0
ENPH,quarterly,2025-12-31,343321000.0,191290000.0,152031000.0,130233000.0,21798000.0,38697000.0,38713000.0,59953000.0,0.29,0.3,46214000.0
ENPH,quarterly,2025-09-30,410427000.0,214188000.0,196239000.0,128793000.0,67446000.0,77019000.0,66638000.0,98067000.0,0.5,0.51,47266000.0
ENPH,quarterly,2025-06-30,363153000.0,192660000.0,170493000.0,130164000.0,40329000.0,42205000.0,37052000.0,63105000.0,0.28,0.28,45421000.0
EOG,annual,2025-12-31,22582000000.0,8270000000.0,14312000000.0,7062000000.0,7250000000.0,6362000000.0,4980000000.0,11058000000.0,9.12,9.17,
EOG,annual,2024-12-31,23378000000.0,7402000000.0,15976000000.0,7723000000.0,8253000000.0,8218000000.0,6403000000.0,12464000000.0,11.25,11.31,
EOG,annual,2023-12-31,23182000000.0,6566000000.0,16616000000.0,7724000000.0,8892000000.0,9689000000.0,7594000000.0,13329000000.0,13.0,13.07,
EOG,annual,2022-12-31,29492000000.0,6460000000.0,23032000000.0,8776000000.0,14256000000.0,9901000000.0,7759000000.0,13622000000.0,13.22,13.31,
EOG,quarterly,2026-06-30,,,,,,,,,5.15,5.18,
EOG,quarterly,2026-03-31,6758000000.0,2309000000.0,4449000000.0,1956000000.0,2493000000.0,2555000000.0,1980000000.0,3814000000.0,3.7,3.72,
EOG,quarterly,2025-12-31,5653000000.0,2325000000.0,3328000000.0,1661000000.0,1667000000.0,910000000.0,701000000.0,2202000000.0,1.3,1.31,
EOG,quarterly,2025-09-30,5732000000.0,2187000000.0,3545000000.0,1736000000.0,1809000000.0,1824000000.0,1471000000.0,3064000000.0,2.7,2.72,
EOG,quarterly,2025-06-30,5355000000.0,1904000000.0,3451000000.0,1772000000.0,1679000000.0,1751000000.0,1345000000.0,2855000000.0,2.46,2.48,
EPAM,annual,2025-12-31,5457056000.0,3883535000.0,1573521000.0,1053518000.0,520003000.0,505624000.0,377678000.0,686084000.0,6.72,6.76,
EPAM,annual,2024-12-31,4727940000.0,3277497000.0,1450443000.0,905859000.0,544584000.0,584412000.0,454533000.0,671688000.0,7.84,7.93,
EPAM,annual,2023-12-31,4690540000.0,3256514000.0,1434026000.0,906865000.0,527161000.0,536585000.0,417083000.0,659863000.0,7.06,7.21,
EPAM,annual,2022-12-31,4824698000.0,3286683000.0,1538015000.0,965049000.0,572966000.0,507258000.0,419416000.0,713015000.0,7.09,7.32,
EPAM,quarterly,2026-06-30,1414767000.0,985199000.0,429568000.0,277346000.0,152222000.0,140551000.0,102979000.0,184755000.0,1.97,1.97,
EPAM,quarterly,2026-03-31,1400061000.0,1012052000.0,388009000.0,271241000.0,116768000.0,120648000.0,82521000.0,158742000.0,1.52,1.53,
EPAM,quarterly,2025-12-31,1407548000.0,984346000.0,423202000.0,273948000.0,149254000.0,143821000.0,109354000.0,190372000.0,1.98,1.99,
EPAM,quarterly,2025-09-30,1394373000.0,983169000.0,411204000.0,266261000.0,144943000.0,143618000.0,106816000.0,186614000.0,1.91,1.92,
EPAM,quarterly,2025-06-30,1353443000.0,964012000.0,389431000.0,262955000.0,126476000.0,123768000.0,88026000.0,168402000.0,1.56,1.56,
EPD,annual,2025-12-31,52596000000.0,45440000000.0,7156000000.0,251000000.0,6905000000.0,5899000000.0,5814000000.0,9630000000.0,2.66,2.687624,
EPD,annual,2024-12-31,56219000000.0,49045000000.0,7174000000.0,244000000.0,6930000000.0,6035000000.0,5901000000.0,9587000000.0,2.69,2.722907,
EPD,annual,2023-12-31,49715000000.0,43017000000.0,6698000000.0,231000000.0,6467000000.0,5701000000.0,5532000000.0,9042000000.0,2.52,2.549988,
EPD,annual,2022-12-31,58186000000.0,51502000000.0,6684000000.0,241000000.0,6443000000.0,5697000000.0,5490000000.0,8915000000.0,2.5,2.527632,
EPD,quarterly,2026-06-30,18269000000.0,16065000000.0,2204000000.0,64000000.0,2140000000.0,1868000000.0,1841000000.0,2884000000.0,0.84,0.852058,
EPD,quarterly,2026-03-31,14386000000.0,12503000000.0,1883000000.0,64000000.0,1819000000.0,1518000000.0,1483000000.0,2518000000.0,0.68,0.684995,
EPD,quarterly,2025-12-31,13793000000.0,11792000000.0,2001000000.0,62000000.0,1939000000.0,1656000000.0,1645000000.0,2636000000.0,0.75,0.760491,
EPD,quarterly,2025-09-30,12023000000.0,10366000000.0,1657000000.0,61000000.0,1596000000.0,1343000000.0,1339000000.0,2284000000.0,0.61,0.618549,
EPD,quarterly,2025-06-30,11363000000.0,9592000000.0,1771000000.0,68000000.0,1703000000.0,1470000000.0,1436000000.0,2376000000.0,0.66,0.662647,
EQH,annual,2025-12-31,11665000000.0,,,12858000000.0,-969000000.0,-1193000000.0,-1380000000.0,,-4.83,-4.83,
EQH,annual,2024-12-31,12425000000.0,,,10349000000.0,2302000000.0,2076000000.0,1280000000.0,,3.78,3.82,
EQH,annual,2023-12-31,10460000000.0,,,9746000000.0,942000000.0,714000000.0,1283000000.0,,3.48,3.49,
EQH,annual,2022-12-31,12644000000.0,,,9652000000.0,3193000000.0,2992000000.0,2153000000.0,,5.46,5.49,
EQH,quarterly,2026-06-30,1658000000.0,,,2151000000.0,-437000000.0,-493000000.0,-453000000.0,,-1.68,-1.68,
EQH,quarterly,2026-03-31,4230000000.0,,,3343000000.0,949000000.0,887000000.0,621000000.0,,2.14,2.157839,
EQH,quarterly,2025-12-31,3277000000.0,,,2933000000.0,391000000.0,344000000.0,215000000.0,,0.7,0.71,
EQH,quarterly,2025-09-30,1450000000.0,,,2798000000.0,-1287000000.0,-1348000000.0,-1309000000.0,,-4.47,-4.47,
EQH,quarterly,2025-06-30,2362000000.0,,,2725000000.0,-302000000.0,-363000000.0,-349000000.0,,-1.21,-1.21,
EQIX,annual,2025-12-31,9217000000.0,4508000000.0,4709000000.0,2743000000.0,1966000000.0,1508000000.0,1350000000.0,4101000000.0,13.76,13.79,
EQIX,annual,2024-12-31,8748000000.0,4467000000.0,4281000000.0,2657000000.0,1624000000.0,975000000.0,815000000.0,3443000000.0,8.5,8.54,
EQIX,annual,2023-12-31,8188000000.0,4228000000.0,3960000000.0,2509000000.0,1451000000.0,1124000000.0,969000000.0,3370000000.0,10.31,10.35,
EQIX,annual,2022-12-31,7263000000.0,3751000000.0,3512000000.0,2286000000.0,1226000000.0,829000000.0,705000000.0,2922000000.0,7.67,7.69,
EQIX,quarterly,2026-06-30,2625000000.0,1230000000.0,1395000000.0,701000000.0,694000000.0,523000000.0,479000000.0,1231000000.0,4.83,4.86,
EQIX,quarterly,2026-03-31,2444000000.0,1186000000.0,1258000000.0,685000000.0,573000000.0,471000000.0,415000000.0,1163000000.0,4.2,4.22,
EQIX,quarterly,2025-12-31,2420000000.0,1198000000.0,1222000000.0,715000000.0,507000000.0,312000000.0,265000000.0,1005000000.0,2.69,2.7,
EQIX,quarterly,2025-09-30,2316000000.0,1142000000.0,1174000000.0,689000000.0,485000000.0,399000000.0,374000000.0,1060000000.0,3.81,3.82,
EQIX,quarterly,2025-06-30,2256000000.0,1084000000.0,1172000000.0,672000000.0,500000000.0,405000000.0,368000000.0,1042000000.0,3.75,3.76,
ET,annual,2025-12-31,85536000000.0,69177000000.0,16359000000.0,7047000000.0,9312000000.0,6058000000.0,4433000000.0,15214000000.0,1.21,1.22,
ET,annual,2024-12-31,82671000000.0,67140000000.0,15531000000.0,6341000000.0,9190000000.0,7106000000.0,4814000000.0,15396000000.0,1.28,1.29,
ET,annual,2023-12-31,78586000000.0,64926000000.0,13660000000.0,5353000000.0,8307000000.0,5597000000.0,3935000000.0,12560000000.0,1.09,1.1,
ET,annual,2022-12-31,89876000000.0,76396000000.0,13480000000.0,5356000000.0,8124000000.0,6072000000.0,4756000000.0,12542000000.0,1.4,1.4,
ET,quarterly,2026-06-30,34334000000.0,28511000000.0,5823000000.0,2249000000.0,3574000000.0,2724000000.0,2088000000.0,5233000000.0,0.59,0.59,
ET,quarterly,2026-03-31,27771000000.0,22732000000.0,5039000000.0,2056000000.0,2983000000.0,2111000000.0,1254000000.0,4641000000.0,0.35,0.35,
ET,quarterly,2025-12-31,25320000000.0,20907000000.0,4413000000.0,2060000000.0,2353000000.0,1381000000.0,928000000.0,3782000000.0,0.25,0.25,
ET,quarterly,2025-09-30,19954000000.0,16002000000.0,3952000000.0,1800000000.0,2152000000.0,1379000000.0,1019000000.0,3709000000.0,0.28,0.28,
ET,quarterly,2025-06-30,19242000000.0,15330000000.0,3912000000.0,1600000000.0,2312000000.0,1537000000.0,1163000000.0,3786000000.0,0.32,0.32,
ETN,annual,2025-12-31,27448000000.0,17131000000.0,10317000000.0,5108000000.0,5209000000.0,4932000000.0,4087000000.0,6179000000.0,10.45,10.48,797000000.0
ETN,annual,2024-12-31,24878000000.0,15375000000.0,9503000000.0,4871000000.0,4632000000.0,4566000000.0,3794000000.0,5617000000.0,9.5,9.54,794000000.0
ETN,annual,2023-12-31,23196000000.0,14762000000.0,8434000000.0,4549000000.0,3885000000.0,3827000000.0,3218000000.0,4904000000.0,8.02,8.06,754000000.0
ETN,annual,2022-12-31,20752000000.0,13865000000.0,6887000000.0,3892000000.0,2995000000.0,2911000000.0,2462000000.0,4009000000.0,6.14,6.17,665000000.0
ETN,quarterly,2026-06-30,,,,,,,,,2.11,2.11,
ETN,quarterly,2026-03-31,7451000000.0,4799000000.0,2652000000.0,1480000000.0,1172000000.0,1107000000.0,866000000.0,1485000000.0,2.22,2.23,211000000.0
ETN,quarterly,2025-12-31,7055000000.0,4457000000.0,2598000000.0,1212000000.0,1386000000.0,1295000000.0,1132000000.0,1620000000.0,2.91,2.92,203000000.0
ETN,quarterly,2025-09-30,6988000000.0,4313000000.0,2675000000.0,1308000000.0,1367000000.0,1275000000.0,1010000000.0,1600000000.0,2.59,2.6,203000000.0
ETN,quarterly,2025-06-30,7028000000.0,4431000000.0,2597000000.0,1341000000.0,1256000000.0,1186000000.0,982000000.0,1518000000.0,2.51,2.52,192000000.0
EVR,annual,2025-12-31,3855820000.0,,,,,793814000.0,591922000.0,,14.05,15.29,
EVR,annual,2024-12-31,2979593000.0,,,,,533145000.0,378279000.0,,9.08,9.86,
EVR,annual,2023-12-31,2425949000.0,,,,,365790000.0,255479000.0,,6.37,6.71,
EVR,annual,2022-12-31,2762048000.0,,,,,704041000.0,476520000.0,,11.61,12.15,
EVR,quarterly,2026-06-30,990199000.0,,,,,147594000.0,95277000.0,,2.32,2.47,
EVR,quarterly,2026-03-31,1391578000.0,,,,,331777000.0,301235000.0,,7.2,7.73,
EVR,quarterly,2025-12-31,1288277000.0,,,,,313259000.0,203954000.0,,4.76,5.27,
EVR,quarterly,2025-09-30,1038884000.0,,,,,217288000.0,144583000.0,,3.41,3.73,
EVR,quarterly,2025-06-30,833830000.0,,,,,151204000.0,97201000.0,,2.36,2.51,
EXR,annual,2025-12-31,3377542000.0,987021000.0,2390521000.0,901520000.0,1489001000.0,1064097000.0,973999000.0,2414406000.0,4.590002,4.590002,
EXR,annual,2024-12-31,3256902000.0,905452000.0,2351450000.0,950421000.0,1401029000.0,933710000.0,854681000.0,2311807000.0,4.030002,4.030002,
EXR,annual,2023-12-31,2560244000.0,670910000.0,1889334000.0,652461000.0,1236873000.0,872012000.0,803198000.0,1815886000.0,4.740002,4.740002,
EXR,annual,2022-12-31,1924170000.0,468902000.0,1455268000.0,417567000.0,1037701000.0,942081000.0,860688000.0,1449568000.0,6.410003,6.410003,
EXR,quarterly,2026-06-30,,,,,,,,,1.250001,1.250001,
EXR,quarterly,2026-03-31,856027000.0,256170000.0,599857000.0,232304000.0,367553000.0,263209000.0,240977000.0,608858000.0,0.38,0.38,
EXR,quarterly,2025-12-31,857467000.0,248490000.0,608977000.0,232027000.0,376950000.0,309832000.0,287395000.0,651707000.0,1.360001,1.360001,
EXR,quarterly,2025-09-30,858460000.0,253267000.0,605193000.0,220945000.0,384248000.0,185995000.0,165998000.0,525197000.0,0.26,0.26,
EXR,quarterly,2025-06-30,841618000.0,244566000.0,597052000.0,222218000.0,374834000.0,274354000.0,249731000.0,609518000.0,0.393333,0.393333,
F,annual,2025-12-31,187267000000.0,185587000000.0,1680000000.0,10849000000.0,-9169000000.0,-11830000000.0,-8182000000.0,3638000000.0,-2.06,-2.06,
F,annual,2024-12-31,184992000000.0,169486000000.0,15506000000.0,10287000000.0,5219000000.0,7233000000.0,5879000000.0,14236000000.0,1.46,1.48,
F,annual,2023-12-31,176191000000.0,160031000000.0,16160000000.0,10702000000.0,5458000000.0,3967000000.0,4347000000.0,11808000000.0,1.08,1.09,
F,annual,2022-12-31,158057000000.0,140893000000.0,17164000000.0,10888000000.0,6276000000.0,-3016000000.0,-1981000000.0,4759000000.0,-0.49,-0.49,
F,quarterly,2026-06-30,48296000000.0,44974000000.0,3322000000.0,2684000000.0,638000000.0,-2033000000.0,-1327000000.0,-236000000.0,-0.33,-0.33,
F,quarterly,2026-03-31,43253000000.0,38117000000.0,5136000000.0,2807000000.0,2329000000.0,2912000000.0,2548000000.0,4691000000.0,0.63,0.64,
F,quarterly,2025-12-31,45890000000.0,54475000000.0,-8585000000.0,2972000000.0,-11557000000.0,-14810000000.0,-11064000000.0,-4611000000.0,,,
F,quarterly,2025-09-30,50534000000.0,46236000000.0,4298000000.0,2740000000.0,1558000000.0,1818000000.0,2447000000.0,3668000000.0,0.6,0.61,
F,quarterly,2025-06-30,50184000000.0,46967000000.0,3217000000.0,2706000000.0,511000000.0,541000000.0,-36000000.0,2272000000.0,-0.01,-0.01,
FANG,annual,2025-12-31,14929000000.0,9708000000.0,5221000000.0,303000000.0,4918000000.0,1874000000.0,1664000000.0,7177000000.0,5.73,5.73,
FANG,annual,2024-12-31,11023000000.0,6029000000.0,4994000000.0,598000000.0,4396000000.0,4501000000.0,3338000000.0,7639000000.0,15.53,15.53,
FANG,annual,2023-12-31,8339000000.0,3541000000.0,4798000000.0,228000000.0,4570000000.0,4248000000.0,3143000000.0,6169000000.0,17.34,17.34,
FANG,annual,2022-12-31,9566000000.0,2865000000.0,6701000000.0,179000000.0,6522000000.0,5736000000.0,4386000000.0,7228000000.0,24.61,24.61,
FANG,quarterly,2026-06-30,5525000000.0,2961000000.0,2564000000.0,52000000.0,2512000000.0,2635000000.0,1882000000.0,3955000000.0,6.65,6.65,
FANG,quarterly,2026-03-31,4210000000.0,2613000000.0,1597000000.0,81000000.0,1516000000.0,176000000.0,25000000.0,1524000000.0,0.08,0.08,
FANG,quarterly,2025-12-31,3341000000.0,2548000000.0,793000000.0,17000000.0,776000000.0,-2333000000.0,-1458000000.0,-818000000.0,-5.11,-5.11,
FANG,quarterly,2025-09-30,3906000000.0,2565000000.0,1341000000.0,88000000.0,1253000000.0,1370000000.0,1018000000.0,2717000000.0,3.51,3.51,
FANG,quarterly,2025-06-30,3651000000.0,2396000000.0,1255000000.0,116000000.0,1139000000.0,943000000.0,699000000.0,2256000000.0,2.38,2.38,
FATE,annual,2025-12-31,6646000.0,,,154350000.0,-147704000.0,-136315000.0,-136315000.0,-134803000.0,-1.15,-1.15,107829000.0
FATE,annual,2024-12-31,13631000.0,,,209170000.0,-195539000.0,-186262000.0,-186262000.0,-176577000.0,-1.64,-1.64,135001000.0
FATE,annual,2023-12-31,63533000.0,,,254044000.0,-190511000.0,-160928000.0,-160928000.0,-172229000.0,-1.64,-1.64,172596000.0
FATE,annual,2022-12-31,96300000.0,,,404686000.0,-308386000.0,-281721000.0,-281721000.0,-294628000.0,-2.91,-2.91,320454000.0
FATE,quarterly,2026-06-30,2082000.0,,,33216000.0,-31134000.0,-30159000.0,-30159000.0,-28354000.0,-0.25,-0.25,24387000.0
FATE,quarterly,2026-03-31,1299000.0,,,34299000.0,-33000000.0,-31213000.0,-31213000.0,-30082000.0,-0.26,-0.26,24703000.0
FATE,quarterly,2025-12-31,1369000.0,,,36090000.0,-34721000.0,-32374000.0,-32374000.0,-31658000.0,-0.27,-0.27,25425000.0
FATE,quarterly,2025-09-30,1741000.0,,,36476000.0,-34735000.0,-32250000.0,-32250000.0,-31508000.0,-0.27,-0.27,25838000.0
FATE,quarterly,2025-06-30,1907000.0,,,38875000.0,-36968000.0,-34070000.0,-34070000.0,-33690000.0,-0.29,-0.29,27430000.0
FCX,annual,2025-12-31,25915000000.0,18618000000.0,7297000000.0,795000000.0,6502000000.0,6372000000.0,2204000000.0,8985000000.0,1.52,1.538032,
FCX,annual,2024-12-31,25455000000.0,17795000000.0,7660000000.0,796000000.0,6864000000.0,6907000000.0,1889000000.0,9467000000.0,1.3,1.31461,
FCX,annual,2023-12-31,22855000000.0,15695000000.0,7160000000.0,935000000.0,6225000000.0,6006000000.0,1848000000.0,8589000000.0,1.28,1.287805,
FCX,annual,2022-12-31,22780000000.0,15090000000.0,7690000000.0,656000000.0,7034000000.0,6715000000.0,3468000000.0,9294000000.0,2.39,2.425175,
FCX,quarterly,2026-06-30,7029000000.0,4843000000.0,2186000000.0,201000000.0,1985000000.0,1930000000.0,984000000.0,2548000000.0,0.68,0.685113,
FCX,quarterly,2026-03-31,6234000000.0,4579000000.0,1655000000.0,217000000.0,1438000000.0,2034000000.0,881000000.0,2662000000.0,0.61,0.613083,
FCX,quarterly,2025-12-31,5633000000.0,4616000000.0,1017000000.0,206000000.0,811000000.0,766000000.0,406000000.0,1361000000.0,0.28,0.283322,
FCX,quarterly,2025-09-30,6972000000.0,4830000000.0,2142000000.0,186000000.0,1956000000.0,1924000000.0,674000000.0,2656000000.0,0.46,0.469686,
FCX,quarterly,2025-06-30,7582000000.0,4950000000.0,2632000000.0,200000000.0,2432000000.0,2391000000.0,772000000.0,3141000000.0,0.53,0.538091,
FDX,annual,2026-05-31,94720000000.0,74098000000.0,20622000000.0,13999000000.0,6623000000.0,5793000000.0,4433000000.0,11132000000.0,18.55,18.71,
FDX,annual,2025-05-31,87926000000.0,68931000000.0,18995000000.0,12963000000.0,6032000000.0,5441000000.0,4092000000.0,10494000000.0,16.81,16.839506,
FDX,annual,2024-05-31,87693000000.0,68741000000.0,18952000000.0,12654000000.0,6298000000.0,5836000000.0,4331000000.0,10868000000.0,17.21,17.25498,
FDX,annual,2023-05-31,90155000000.0,70989000000.0,19166000000.0,13828000000.0,5338000000.0,5363000000.0,3972000000.0,10233000000.0,15.48,15.515625,
FDX,quarterly,2026-05-31,25007000000.0,19334000000.0,5673000000.0,3584000000.0,2089000000.0,2107000000.0,1597000000.0,3326000000.0,6.6,6.630705,
FDX,quarterly,2026-02-28,24000000000.0,18877000000.0,5123000000.0,3508000000.0,1615000000.0,1263000000.0,1056000000.0,2727000000.0,4.41,4.41841,
FDX,quarterly,2025-11-30,23469000000.0,18337000000.0,5132000000.0,3511000000.0,1621000000.0,1289000000.0,956000000.0,2689000000.0,4.04,4.07,
FDX,quarterly,2025-08-31,22244000000.0,17550000000.0,4694000000.0,3396000000.0,1298000000.0,1134000000.0,824000000.0,2390000000.0,3.46,3.462185,
FDX,quarterly,2025-05-31,22220000000.0,16911000000.0,5309000000.0,3372000000.0,1937000000.0,2223000000.0,1648000000.0,3230000000.0,6.88,6.92437,
FLEX,annual,2026-03-31,27914000000.0,25347000000.0,2567000000.0,1120000000.0,1447000000.0,1143000000.0,880000000.0,1921000000.0,2.33,2.406408,
FLEX,annual,2025-03-31,25813000000.0,23654000000.0,2159000000.0,974000000.0,1185000000.0,1023000000.0,838000000.0,1780000000.0,2.11,2.218002,
FLEX,annual,2024-03-31,26415000000.0,24550000000.0,1865000000.0,992000000.0,873000000.0,666000000.0,1006000000.0,1410000000.0,2.28,2.465071,
FLEX,annual,2023-03-31,28502000000.0,26526000000.0,1976000000.0,955000000.0,1021000000.0,807000000.0,793000000.0,1538000000.0,1.72,1.761742,
FLEX,quarterly,2026-06-30,,,,,,,,,0.76,0.771547,
FLEX,quarterly,2026-03-31,7477000000.0,6775000000.0,702000000.0,305000000.0,397000000.0,315000000.0,250000000.0,499000000.0,0.67,0.683639,
FLEX,quarterly,2025-12-31,7058000000.0,6379000000.0,679000000.0,285000000.0,394000000.0,320000000.0,239000000.0,513000000.0,0.64,0.650125,
FLEX,quarterly,2025-09-30,6804000000.0,6190000000.0,614000000.0,276000000.0,338000000.0,262000000.0,199000000.0,470000000.0,0.52,0.536582,
FLEX,quarterly,2025-06-30,6575000000.0,6003000000.0,572000000.0,254000000.0,318000000.0,246000000.0,192000000.0,439000000.0,0.5,0.51035,
FLR,annual,2025-12-31,15503000000.0,15623000000.0,-120000000.0,149000000.0,-269000000.0,-311000000.0,-51000000.0,-201000000.0,-0.31,-0.31,
FLR,annual,2024-12-31,16315000000.0,15741000000.0,574000000.0,190000000.0,384000000.0,613000000.0,2145000000.0,732000000.0,12.3,12.48,
FLR,annual,2023-12-31,15474000000.0,14997000000.0,477000000.0,218000000.0,259000000.0,315000000.0,139000000.0,449000000.0,0.54,0.55,
FLR,annual,2022-12-31,13744000000.0,13389000000.0,355000000.0,242000000.0,113000000.0,244000000.0,145000000.0,376000000.0,0.73,0.75,
FLR,quarterly,2026-06-30,4329000000.0,4150000000.0,179000000.0,38000000.0,141000000.0,156000000.0,114000000.0,183000000.0,0.81,0.82,
FLR,quarterly,2026-03-31,3663000000.0,3650000000.0,13000000.0,57000000.0,-44000000.0,107000000.0,160000000.0,133000000.0,1.08,1.1,
FLR,quarterly,2025-12-31,4176000000.0,4043000000.0,133000000.0,49000000.0,84000000.0,72000000.0,-1573000000.0,99000000.0,,,
FLR,quarterly,2025-09-30,3368000000.0,3817000000.0,-449000000.0,29000000.0,-478000000.0,-483000000.0,-697000000.0,-455000000.0,-4.3,-4.3,
FLR,quarterly,2025-06-30,3978000000.0,3922000000.0,56000000.0,38000000.0,18000000.0,-9000000.0,2460000000.0,17000000.0,14.81,14.93,
FLUT,annual,2025-12-31,16383000000.0,8979000000.0,7404000000.0,6851000000.0,553000000.0,-121000000.0,-380000000.0,1984000000.0,-1.75,-1.75,991000000.0
FLUT,annual,2024-12-31,14048000000.0,7346000000.0,6702000000.0,5833000000.0,869000000.0,16000000.0,109000000.0,1603000000.0,0.24,0.24,820000000.0
FLUT,annual,2023-12-31,11790000000.0,6202000000.0,5588000000.0,6137000000.0,-549000000.0,-1091000000.0,-1224000000.0,624000000.0,-5.644,-5.644,765000000.0
FLUT,annual,2022-12-31,9463000000.0,4813000000.0,4650000000.0,4738000000.0,-88000000.0,-295000000.0,-369000000.0,999000000.0,-2.067021,-2.067021,552000000.0
FLUT,quarterly,2026-06-30,4326000000.0,2613000000.0,1713000000.0,1857000000.0,-144000000.0,-299000000.0,-272000000.0,274000000.0,-1.57,-1.57,300000000.0
FLUT,quarterly,2026-03-31,4304000000.0,2467000000.0,1837000000.0,1758000000.0,79000000.0,234000000.0,216000000.0,817000000.0,1.23,1.24,259000000.0
FLUT,quarterly,2025-12-31,4737000000.0,2627000000.0,2110000000.0,1852000000.0,258000000.0,154000000.0,23000000.0,772000000.0,-0.05,-0.05,245000000.0
FLUT,quarterly,2025-09-30,3794000000.0,2168000000.0,1626000000.0,1943000000.0,-317000000.0,-834000000.0,-760000000.0,-245000000.0,-3.91,-3.91,275000000.0
FLUT,quarterly,2025-06-30,4187000000.0,2228000000.0,1959000000.0,1570000000.0,389000000.0,205000000.0,25000000.0,704000000.0,0.59,0.59,256000000.0
FN,annual,2026-06-30,4641097000.0,4084586000.0,556511000.0,93507000.0,463004000.0,555113000.0,473027000.0,623568000.0,13.05,13.21,
FN,annual,2025-06-30,3419327000.0,3005978000.0,413349000.0,87466000.0,325883000.0,355180000.0,332527000.0,408613000.0,9.17,9.23,
FN,annual,2024-06-30,2882967000.0,2526849000.0,356118000.0,78481000.0,277637000.0,311354000.0,296181000.0,360495000.0,8.1,8.17,
FN,annual,2023-06-30,2645237000.0,2308964000.0,336273000.0,77673000.0,258600000.0,260096000.0,247913000.0,305400000.0,6.73,6.79,
FN,quarterly,2026-06-30,1315788000.0,1157737000.0,158051000.0,23685000.0,134366000.0,199718000.0,139260000.0,246169000.0,3.83,3.89,
FN,quarterly,2026-03-31,1214293000.0,1069954000.0,144339000.0,24295000.0,120044000.0,134242000.0,125213000.0,137840000.0,3.45,3.49,
FN,quarterly,2025-12-31,1132888000.0,995206000.0,137682000.0,23281000.0,114401000.0,119725000.0,112628000.0,130506000.0,3.11,3.14,
FN,quarterly,2025-09-30,978128000.0,861689000.0,116439000.0,22246000.0,94193000.0,101428000.0,95926000.0,109053000.0,2.66,2.68,
FN,quarterly,2025-06-30,909692000.0,798401000.0,111291000.0,22166000.0,89125000.0,93236000.0,87207000.0,107446000.0,2.42,2.44,
FORM,annual,2025-12-31,784993000.0,476142000.0,308851000.0,248756000.0,60095000.0,69391000.0,54361000.0,107501000.0,0.69,0.7,115682000.0
FORM,annual,2024-12-31,763599000.0,455676000.0,307923000.0,263724000.0,44199000.0,79412000.0,69614000.0,112733000.0,0.89,0.9,121938000.0
FORM,annual,2023-12-31,663102000.0,404522000.0,258580000.0,248777000.0,9803000.0,89267000.0,82387000.0,127141000.0,1.05,1.06,115765000.0
FORM,annual,2022-12-31,747937000.0,451928000.0,296009000.0,241097000.0,54912000.0,57870000.0,50738000.0,96486000.0,0.65,0.65,109222000.0
FORM,quarterly,2026-06-30,,,,,,,,,0.71,0.72,
FORM,quarterly,2026-03-31,226144000.0,139350000.0,86794000.0,63072000.0,23722000.0,19263000.0,20384000.0,32894000.0,0.26,0.26,30780000.0
FORM,quarterly,2025-12-31,215163000.0,124399000.0,90764000.0,65570000.0,25194000.0,26548000.0,23218000.0,44439000.0,0.29,0.3,30403000.0
FORM,quarterly,2025-09-30,202676000.0,122050000.0,80626000.0,61657000.0,18969000.0,20425000.0,15656000.0,28740000.0,0.2,0.2,28686000.0
FORM,quarterly,2025-06-30,195798000.0,122860000.0,72938000.0,60275000.0,12663000.0,14942000.0,9086000.0,22223000.0,0.12,0.12,28793000.0
FR,annual,2025-12-31,727076000.0,191480000.0,535596000.0,227890000.0,307706000.0,244692000.0,247443000.0,524662000.0,1.87,1.87,629000.0
FR,annual,2024-12-31,669641000.0,182821000.0,486820000.0,214403000.0,272417000.0,297768000.0,287554000.0,557034000.0,2.17,2.17,1529000.0
FR,annual,2023-12-31,614027000.0,165655000.0,448372000.0,203739000.0,244633000.0,262322000.0,274816000.0,501172000.0,2.07,2.08,3667000.0
FR,annual,2022-12-31,539929000.0,143663000.0,396266000.0,182301000.0,213965000.0,290033000.0,359134000.0,491368000.0,2.72,2.72,909000.0
FR,quarterly,2026-06-30,194940000.0,47961000.0,146979000.0,59078000.0,87901000.0,78435000.0,77096000.0,153130000.0,0.58,0.58,
FR,quarterly,2026-03-31,194827000.0,53614000.0,141213000.0,73041000.0,68172000.0,151823000.0,143101000.0,236757000.0,1.08,1.08,
FR,quarterly,2025-12-31,188409000.0,51530000.0,136879000.0,58298000.0,78581000.0,65194000.0,78849000.0,135765000.0,0.59,0.59,
FR,quarterly,2025-09-30,181430000.0,46185000.0,135245000.0,54300000.0,80945000.0,67169000.0,65306000.0,134648000.0,0.49,0.49,
FR,quarterly,2025-06-30,180163000.0,45454000.0,134709000.0,55641000.0,79068000.0,57022000.0,55185000.0,126015000.0,0.42,0.42,
FRT,annual,2025-12-31,1278975000.0,418883000.0,860092000.0,400579000.0,459513000.0,423648000.0,411077000.0,975104000.0,4.68,4.68,
FRT,annual,2024-12-31,1202452000.0,391799000.0,810653000.0,392337000.0,418316000.0,304334000.0,295208000.0,822408000.0,3.42,3.42,
FRT,annual,2023-12-31,1132154000.0,363095000.0,769059000.0,372470000.0,396589000.0,247217000.0,236985000.0,736789000.0,2.8,2.8,
FRT,annual,2022-12-31,1074378000.0,356782000.0,717596000.0,355045000.0,362551000.0,395661000.0,385491000.0,835059000.0,4.71,4.71,
FRT,quarterly,2026-06-30,335706000.0,103568000.0,232138000.0,114093000.0,118045000.0,88553000.0,85702000.0,239184000.0,0.97,0.97,
FRT,quarterly,2026-03-31,341084000.0,113668000.0,227416000.0,111142000.0,116274000.0,161070000.0,159099000.0,309403000.0,1.81,1.82,
FRT,quarterly,2025-12-31,336045000.0,110563000.0,225482000.0,109842000.0,115640000.0,132615000.0,129744000.0,278915000.0,1.48,1.48,
FRT,quarterly,2025-09-30,322253000.0,105659000.0,216594000.0,105926000.0,110668000.0,64499000.0,61649000.0,206395000.0,0.69,0.69,
FRT,quarterly,2025-06-30,311523000.0,98290000.0,213233000.0,86990000.0,126243000.0,159956000.0,155916000.0,293795000.0,1.78,1.78,
FSLR,annual,2025-12-31,5219376000.0,3099037000.0,2120339000.0,523475000.0,1596864000.0,1580913000.0,1528229000.0,2154260000.0,14.21,14.25,233421000.0
FSLR,annual,2024-12-31,4206289000.0,2348425000.0,1857864000.0,464129000.0,1393735000.0,1406338000.0,1292044000.0,1868706000.0,12.02,12.07,191375000.0
FSLR,annual,2023-12-31,3318602000.0,2017923000.0,1300679000.0,414706000.0,885973000.0,891290000.0,830777000.0,1212249000.0,7.74,7.78,152307000.0
FSLR,annual,2022-12-31,2619319000.0,2549461000.0,69858000.0,350605000.0,-280747000.0,8598000.0,-44166000.0,290547000.0,-0.41,-0.41,112804000.0
FSLR,quarterly,2026-06-30,1056193000.0,451189000.0,605004000.0,154618000.0,450386000.0,459377000.0,422569000.0,612785000.0,3.92,3.93,76243000.0
FSLR,quarterly,2026-03-31,1044240000.0,558109000.0,486131000.0,140828000.0,345303000.0,354334000.0,346619000.0,509342000.0,3.22,3.23,66944000.0
FSLR,quarterly,2025-12-31,1682782000.0,1017441000.0,665341000.0,117423000.0,547918000.0,551342000.0,520883000.0,703274000.0,4.84,4.85,65953000.0
FSLR,quarterly,2025-09-30,1594856000.0,984111000.0,610745000.0,144650000.0,466095000.0,460345000.0,455943000.0,614795000.0,4.24,4.25,60592000.0
FSLR,quarterly,2025-06-30,1097170000.0,597320000.0,499850000.0,138243000.0,361607000.0,352167000.0,341868000.0,484764000.0,,3.19,54487000.0
FTNT,annual,2025-12-31,6799600000.0,1328900000.0,5470700000.0,3386000000.0,2084700000.0,2282200000.0,1853400000.0,2454300000.0,2.42,2.45,815500000.0
FTNT,annual,2024-12-31,5955800000.0,1157600000.0,4798200000.0,2994800000.0,1803400000.0,2058500000.0,1745200000.0,2201300000.0,2.26,2.28,716800000.0
FTNT,annual,2023-12-31,5304800000.0,1237200000.0,4067600000.0,2826500000.0,1241100000.0,1333700000.0,1147800000.0,1468100000.0,1.46,1.47,613800000.0
FTNT,annual,2022-12-31,4417400000.0,1084900000.0,3332500000.0,2362900000.0,969600000.0,955500000.0,857300000.0,1077800000.0,1.06,1.08,512400000.0
FTNT,quarterly,2026-06-30,2047900000.0,404700000.0,1643200000.0,953900000.0,689300000.0,720200000.0,606300000.0,764800000.0,0.82,0.83,225000000.0
FTNT,quarterly,2026-03-31,1849600000.0,364500000.0,1485100000.0,905100000.0,580000000.0,656600000.0,534500000.0,700600000.0,0.72,0.72,214000000.0
FTNT,quarterly,2025-12-31,1905000000.0,389200000.0,1515800000.0,890200000.0,625600000.0,650800000.0,506000000.0,694700000.0,0.68,0.68,205000000.0
FTNT,quarterly,2025-09-30,1724900000.0,331700000.0,1393200000.0,845900000.0,547300000.0,594800000.0,473900000.0,639400000.0,0.62,0.63,202400000.0
FTNT,quarterly,2025-06-30,1630000000.0,314900000.0,1315100000.0,857100000.0,458000000.0,517300000.0,440100000.0,560200000.0,0.57,0.57,209500000.0
FWONK,annual,2025-12-31,4482000000.0,2971000000.0,1511000000.0,907000000.0,604000000.0,733000000.0,555000000.0,1375000000.0,2.151163,2.22,
FWONK,annual,2024-12-31,3653000000.0,2488000000.0,1165000000.0,773000000.0,392000000.0,0.0,-2063000000.0,560000000.0,-8.595833,-8.595833,
FWONK,annual,2023-12-31,3572000000.0,2240000000.0,1332000000.0,1065000000.0,267000000.0,97000000.0,761000000.0,737000000.0,0.788524,0.788524,
FWONK,annual,2022-12-31,2573000000.0,1750000000.0,823000000.0,650000000.0,173000000.0,251000000.0,558000000.0,762000000.0,2.15,2.39,
FWONK,quarterly,2026-06-30,934000000.0,605000000.0,329000000.0,241000000.0,88000000.0,33000000.0,5000000.0,213000000.0,0.02,0.02,
FWONK,quarterly,2026-03-31,711000000.0,413000000.0,298000000.0,234000000.0,64000000.0,58000000.0,57000000.0,238000000.0,0.03,0.23,
FWONK,quarterly,2025-12-31,1609000000.0,1115000000.0,494000000.0,289000000.0,205000000.0,191000000.0,85000000.0,382000000.0,,,
FWONK,quarterly,2025-09-30,1085000000.0,664000000.0,421000000.0,249000000.0,172000000.0,89000000.0,66000000.0,286000000.0,0.24,0.26,
FWONK,quarterly,2025-06-30,1341000000.0,867000000.0,474000000.0,191000000.0,283000000.0,459000000.0,204000000.0,588000000.0,1.52,1.53,
GD,annual,2025-12-31,52550000000.0,44599000000.0,7951000000.0,2595000000.0,5356000000.0,5103000000.0,4210000000.0,6429000000.0,15.45,15.65,
GD,annual,2024-12-31,47716000000.0,40352000000.0,7364000000.0,2568000000.0,4796000000.0,4540000000.0,3782000000.0,5819000000.0,13.63,13.81,
GD,annual,2023-12-31,42272000000.0,35600000000.0,6672000000.0,2427000000.0,4245000000.0,3984000000.0,3315000000.0,5246000000.0,12.02,12.14,
GD,annual,2022-12-31,39407000000.0,32785000000.0,6622000000.0,2411000000.0,4211000000.0,4036000000.0,3390000000.0,5311000000.0,12.19,12.31,
GD,quarterly,2026-06-30,14094000000.0,11911000000.0,2183000000.0,723000000.0,1460000000.0,1407000000.0,1160000000.0,1687000000.0,4.24,4.29,
GD,quarterly,2026-03-31,13481000000.0,11338000000.0,2143000000.0,723000000.0,1420000000.0,1369000000.0,1125000000.0,1670000000.0,4.1,4.16,
GD,quarterly,2025-12-31,14379000000.0,12238000000.0,2141000000.0,689000000.0,1452000000.0,1399000000.0,1143000000.0,1802000000.0,4.17,4.23,
GD,quarterly,2025-09-30,12907000000.0,10939000000.0,1968000000.0,637000000.0,1331000000.0,1272000000.0,1059000000.0,1572000000.0,3.88,3.93,
GD,quarterly,2025-06-30,13041000000.0,11092000000.0,1949000000.0,644000000.0,1305000000.0,1232000000.0,1014000000.0,1543000000.0,3.74,3.78,
GEV,annual,2025-12-31,38068000000.0,30533000000.0,7535000000.0,6146000000.0,1389000000.0,2828000000.0,4884000000.0,2242000000.0,17.69,17.92,1197000000.0
GEV,annual,2024-12-31,34935000000.0,28850000000.0,6085000000.0,5614000000.0,471000000.0,2498000000.0,1552000000.0,1643000000.0,5.58,5.65,982000000.0
GEV,annual,2023-12-31,33239000000.0,28421000000.0,4818000000.0,5741000000.0,-923000000.0,-130000000.0,-438000000.0,932000000.0,-1.598041,-1.598041,896000000.0
GEV,annual,2022-12-31,29654000000.0,26196000000.0,3458000000.0,6339000000.0,-2881000000.0,-2474000000.0,-2736000000.0,-526000000.0,-10.055734,-10.055734,979000000.0
GEV,quarterly,2026-06-30,11104000000.0,8743000000.0,2361000000.0,1706000000.0,655000000.0,925000000.0,668000000.0,1072000000.0,2.47,2.49,334000000.0
GEV,quarterly,2026-03-31,9338000000.0,7557000000.0,1781000000.0,1602000000.0,179000000.0,5103000000.0,4745000000.0,521000000.0,17.44,17.65,304000000.0
GEV,quarterly,2025-12-31,10956000000.0,8634000000.0,2322000000.0,1720000000.0,602000000.0,1105000000.0,3664000000.0,832000000.0,13.39,13.56,365000000.0
GEV,quarterly,2025-09-30,9969000000.0,8071000000.0,1898000000.0,1531000000.0,367000000.0,746000000.0,452000000.0,580000000.0,1.64,1.66,310000000.0
GEV,quarterly,2025-06-30,9111000000.0,7265000000.0,1846000000.0,1467000000.0,379000000.0,645000000.0,514000000.0,584000000.0,1.86,1.89,282000000.0
GFS,annual,2025-12-31,6791000000.0,5101000000.0,1690000000.0,893000000.0,797000000.0,911000000.0,885000000.0,2275000000.0,1.59,1.59,518000000.0
GFS,annual,2024-12-31,6750000000.0,5099000000.0,1651000000.0,923000000.0,728000000.0,-170000000.0,-265000000.0,1504000000.0,-0.48,-0.48,496000000.0
GFS,annual,2023-12-31,7392000000.0,5291000000.0,2101000000.0,901000000.0,1200000000.0,1084000000.0,1020000000.0,2636000000.0,1.83,1.85,428000000.0
GFS,annual,2022-12-31,8108000000.0,5869000000.0,2239000000.0,978000000.0,1261000000.0,1532000000.0,1448000000.0,3247000000.0,2.62,2.69,482000000.0
GFS,quarterly,2026-06-30,1786000000.0,1281000000.0,505000000.0,331000000.0,174000000.0,196000000.0,166000000.0,481000000.0,0.3,0.3,174000000.0
GFS,quarterly,2026-03-31,1634000000.0,1183000000.0,451000000.0,271000000.0,180000000.0,185000000.0,103000000.0,491000000.0,0.18,0.19,132000000.0
GFS,quarterly,2025-12-31,1830000000.0,1322000000.0,508000000.0,253000000.0,255000000.0,274000000.0,199000000.0,732000000.0,0.36,0.36,133000000.0
GFS,quarterly,2025-09-30,1688000000.0,1269000000.0,419000000.0,224000000.0,195000000.0,221000000.0,248000000.0,509000000.0,0.44,0.45,124000000.0
GFS,quarterly,2025-06-30,1688000000.0,1280000000.0,408000000.0,212000000.0,196000000.0,221000000.0,228000000.0,531000000.0,0.41,0.41,134000000.0
GILD,annual,2025-12-31,29442000000.0,6234000000.0,23208000000.0,11507000000.0,11701000000.0,9796000000.0,8510000000.0,13580000000.0,6.78,6.84,5799000000.0
GILD,annual,2024-12-31,28754000000.0,6251000000.0,22503000000.0,11907000000.0,10596000000.0,690000000.0,480000000.0,4434000000.0,0.38,0.38,5907000000.0
GILD,annual,2023-12-31,27116000000.0,6498000000.0,20618000000.0,11780000000.0,8838000000.0,6859000000.0,5665000000.0,10496000000.0,4.5,4.54,5718000000.0
GILD,annual,2022-12-31,27281000000.0,5657000000.0,21624000000.0,10650000000.0,10974000000.0,5814000000.0,4592000000.0,8852000000.0,3.64,3.66,4977000000.0
GILD,quarterly,2026-06-30,7803000000.0,1579000000.0,6224000000.0,3685000000.0,2539000000.0,-10254000000.0,-10496000000.0,-9309000000.0,-8.45,-8.45,1764000000.0
GILD,quarterly,2026-03-31,6960000000.0,1445000000.0,5515000000.0,2823000000.0,2692000000.0,2580000000.0,2021000000.0,3509000000.0,1.61,1.63,1372000000.0
GILD,quarterly,2025-12-31,7924000000.0,1624000000.0,6300000000.0,3312000000.0,2988000000.0,2078000000.0,2183000000.0,3020000000.0,1.74,1.76,1584000000.0
GILD,quarterly,2025-09-30,7769000000.0,1569000000.0,6200000000.0,2703000000.0,3497000000.0,3641000000.0,3052000000.0,4583000000.0,2.43,2.46,1346000000.0
GILD,quarterly,2025-06-30,7081000000.0,1501000000.0,5580000000.0,2856000000.0,2724000000.0,2429000000.0,1960000000.0,3374000000.0,1.56,1.57,1491000000.0
GIS,annual,2026-05-31,18424600000.0,12228900000.0,6195700000.0,3388500000.0,2807200000.0,405500000.0,-87600000.0,1530300000.0,-0.16,-0.16,
GIS,annual,2025-05-31,19486600000.0,12753600000.0,6733000000.0,3445800000.0,3287200000.0,2835000000.0,2295200000.0,3922800000.0,4.1,4.12,
GIS,annual,2024-05-31,19857200000.0,12925100000.0,6932100000.0,3259000000.0,3673100000.0,3028300000.0,2496600000.0,4079000000.0,4.31,4.34,
GIS,annual,2023-05-31,20094200000.0,13548400000.0,6545800000.0,3500400000.0,3045400000.0,3140500000.0,2593900000.0,4083200000.0,4.31,4.36,
GIS,quarterly,2026-05-31,4609600000.0,3006100000.0,1603500000.0,888100000.0,715400000.0,-2231900000.0,-2007900000.0,-1910300000.0,-3.74,-3.74,
GIS,quarterly,2026-02-28,4436700000.0,3069800000.0,1366900000.0,812900000.0,554000000.0,411500000.0,303100000.0,679300000.0,0.56,0.57,
GIS,quarterly,2025-11-30,4860800000.0,3168300000.0,1692500000.0,842400000.0,850100000.0,617800000.0,413000000.0,881700000.0,0.78,0.78,
GIS,quarterly,2025-08-31,4517500000.0,2984700000.0,1532800000.0,845100000.0,687700000.0,1608100000.0,1204200000.0,826400000.0,2.22,2.22,
GIS,quarterly,2025-05-31,4556200000.0,3082200000.0,1474000000.0,894300000.0,579700000.0,377100000.0,294000000.0,811900000.0,0.53,0.53,
GLNG,annual,2025-12-31,393522000.0,209149000.0,184373000.0,54439000.0,129934000.0,107955000.0,65676000.0,190135000.0,0.648207,0.648207,19231000.0
GLNG,annual,2024-12-31,260372000.0,175109000.0,85263000.0,39377000.0,45886000.0,88277000.0,50839000.0,141803000.0,0.48,0.49,12341000.0
GLNG,annual,2023-12-31,298429000.0,143626000.0,154803000.0,49233000.0,105570000.0,1247000.0,-46793000.0,51541000.0,-0.44,-0.44,39130000.0
GLNG,annual,2022-12-31,267740000.0,126958000.0,140782000.0,61534000.0,79248000.0,996028000.0,787773000.0,1067798000.0,7.25,7.3,8017000.0
GLNG,quarterly,2026-06-30,130479000.0,56415000.0,74064000.0,8857000.0,65207000.0,54164000.0,38265000.0,90582000.0,0.374791,0.374791,1808000.0
GLNG,quarterly,2026-03-31,137554000.0,55037000.0,82517000.0,13192000.0,69325000.0,103940000.0,83578000.0,144625000.0,0.77,0.82,2672000.0
GLNG,quarterly,2025-12-31,132812000.0,64314000.0,68498000.0,11867000.0,56631000.0,26081000.0,10358000.0,61920000.0,0.102231,0.102231,3020000.0
GLNG,quarterly,2025-09-30,,,,-68156000.0,69854000.0,,,99922000.0,,,7123000.0
GLNG,quarterly,2025-06-30,137554000.0,55037000.0,82517000.0,13192000.0,69325000.0,103940000.0,83578000.0,144625000.0,0.816989,0.816989,2672000.0
GLPI,annual,2025-12-31,1594752000.0,55408000.0,1539344000.0,331716000.0,1207628000.0,852585000.0,825111000.0,1509410000.0,2.95,2.95,
GLPI,annual,2024-12-31,1531546000.0,47674000.0,1483872000.0,356977000.0,1126895000.0,809777000.0,784620000.0,1450096000.0,2.87,2.87,
GLPI,annual,2023-12-31,1440392000.0,45929000.0,1394463000.0,325781000.0,1068682000.0,757367000.0,734283000.0,1357179000.0,2.77,2.78,
GLPI,annual,2022-12-31,1311685000.0,52346000.0,1259339000.0,296905000.0,962434000.0,720340000.0,684653000.0,1284178000.0,2.7,2.71,
GLPI,quarterly,2026-06-30,430519000.0,14149000.0,416370000.0,82808000.0,333562000.0,235545000.0,228416000.0,407103000.0,0.8,0.8,
GLPI,quarterly,2026-03-31,419985000.0,13798000.0,406187000.0,72838000.0,333349000.0,239962000.0,231829000.0,405125000.0,0.82,0.82,
GLPI,quarterly,2025-12-31,407031000.0,14126000.0,392905000.0,23213000.0,369692000.0,275916000.0,267297000.0,436946000.0,0.94,0.94,
GLPI,quarterly,2025-09-30,397610000.0,13785000.0,383825000.0,46662000.0,337163000.0,249041000.0,241191000.0,414843000.0,0.85,0.85,
GLPI,quarterly,2025-06-30,394876000.0,13942000.0,380934000.0,138870000.0,242064000.0,156710000.0,151439000.0,320149000.0,0.54,0.55,
GLW,annual,2025-12-31,15629000000.0,10008000000.0,5621000000.0,3342000000.0,2279000000.0,2052000000.0,1596000000.0,3735000000.0,1.83,1.87,1110000000.0
GLW,annual,2024-12-31,13118000000.0,8842000000.0,4276000000.0,3141000000.0,1135000000.0,813000000.0,506000000.0,2492000000.0,0.58,0.59,1089000000.0
GLW,annual,2023-12-31,12588000000.0,8657000000.0,3931000000.0,3041000000.0,890000000.0,816000000.0,581000000.0,2514000000.0,0.68,0.69,1076000000.0
GLW,annual,2022-12-31,14189000000.0,9683000000.0,4506000000.0,3068000000.0,1438000000.0,1797000000.0,1316000000.0,3541000000.0,1.54,1.56,1047000000.0
GLW,quarterly,2026-06-30,4505000000.0,2877000000.0,1628000000.0,930000000.0,698000000.0,649000000.0,559000000.0,1134000000.0,0.64,0.65,299000000.0
GLW,quarterly,2026-03-31,4144000000.0,2616000000.0,1528000000.0,889000000.0,639000000.0,529000000.0,371000000.0,978000000.0,0.43,0.43,278000000.0
GLW,quarterly,2025-12-31,4215000000.0,2720000000.0,1495000000.0,823000000.0,672000000.0,678000000.0,540000000.0,1122000000.0,0.62,0.63,284000000.0
GLW,quarterly,2025-09-30,4100000000.0,2580000000.0,1520000000.0,931000000.0,589000000.0,550000000.0,430000000.0,965000000.0,0.5,0.5,280000000.0
GLW,quarterly,2025-06-30,3862000000.0,2470000000.0,1392000000.0,819000000.0,573000000.0,584000000.0,469000000.0,1007000000.0,0.54,0.55,276000000.0
GM,annual,2025-12-31,185019000000.0,173423000000.0,11596000000.0,8687000000.0,2909000000.0,3117000000.0,2697000000.0,18432000000.0,3.27,3.33,
GM,annual,2024-12-31,187442000000.0,164037000000.0,23405000000.0,10621000000.0,12784000000.0,8519000000.0,6008000000.0,21754000000.0,6.37,6.45,
GM,annual,2023-12-31,171842000000.0,152704000000.0,19138000000.0,9840000000.0,9298000000.0,10403000000.0,10127000000.0,23202000000.0,7.32,7.35,
GM,annual,2022-12-31,156735000000.0,135754000000.0,20981000000.0,10667000000.0,10314000000.0,11597000000.0,9934000000.0,23874000000.0,6.13,6.17,
GM,quarterly,2026-06-30,48026000000.0,44370000000.0,3656000000.0,2197000000.0,1459000000.0,1568000000.0,1305000000.0,4822000000.0,1.41,1.44,
GM,quarterly,2026-03-31,43624000000.0,38629000000.0,4995000000.0,2069000000.0,2926000000.0,3347000000.0,2627000000.0,6535000000.0,2.82,2.87,
GM,quarterly,2025-12-31,45286000000.0,46407000000.0,-1121000000.0,2526000000.0,-3647000000.0,-4249000000.0,-3310000000.0,419000000.0,,,
GM,quarterly,2025-09-30,48591000000.0,45478000000.0,3113000000.0,2037000000.0,1076000000.0,1419000000.0,1327000000.0,5740000000.0,1.35,1.37,
GM,quarterly,2025-06-30,47122000000.0,42856000000.0,4266000000.0,2139000000.0,2127000000.0,2375000000.0,1895000000.0,8548000000.0,1.91,1.94,
GNRC,annual,2025-12-31,4209147000.0,2597410000.0,1611737000.0,1322546000.0,289191000.0,199060000.0,159554000.0,464592000.0,2.69,2.73,243470000.0
GNRC,annual,2024-12-31,4295834000.0,2630208000.0,1665626000.0,1128884000.0,536742000.0,409438000.0,325256000.0,670919000.0,5.39,5.46,219600000.0
GNRC,annual,2023-12-31,4022667000.0,2657236000.0,1365431000.0,979232000.0,386199000.0,290300000.0,203089000.0,554529000.0,3.27,3.31,173443000.0
GNRC,annual,2022-12-31,4564737000.0,3042733000.0,1522004000.0,955674000.0,566330000.0,508466000.0,350267000.0,719433000.0,5.42,5.55,159774000.0
GNRC,quarterly,2026-06-30,1173510000.0,651699000.0,521811000.0,311378000.0,210433000.0,189706000.0,143244000.0,264903000.0,2.4,2.44,65781000.0
GNRC,quarterly,2026-03-31,1059365000.0,649129000.0,410236000.0,292945000.0,117291000.0,96759000.0,73253000.0,168109000.0,1.24,1.25,62656000.0
GNRC,quarterly,2025-12-31,1091504000.0,695424000.0,396080000.0,405395000.0,-9315000.0,-27644000.0,-24463000.0,40402000.0,-0.42,-0.42,61009000.0
GNRC,quarterly,2025-09-30,1114353000.0,687431000.0,426922000.0,323843000.0,103079000.0,78338000.0,66161000.0,146010000.0,1.12,1.14,60059000.0
GNRC,quarterly,2025-06-30,1061169000.0,644420000.0,416749000.0,304960000.0,111789000.0,89852000.0,74016000.0,156415000.0,1.25,1.27,60354000.0
GOLD,annual,2025-06-30,10978614000.0,10767698000.0,210916000.0,162113000.0,48803000.0,21270000.0,17320000.0,90393000.0,0.71,0.73,
GOLD,annual,2024-06-30,9699039000.0,9525784000.0,173255000.0,101197000.0,72058000.0,82778000.0,68546000.0,133706000.0,2.75,2.87,
GOLD,annual,2023-06-30,9286561000.0,8991892000.0,294669000.0,97807000.0,196862000.0,203170000.0,156360000.0,247223000.0,6.34,6.68,
GOLD,annual,2022-06-30,8159254000.0,7897489000.0,261765000.0,103918000.0,157847000.0,166417000.0,132536000.0,215709000.0,5.45,5.81,
GOLD,quarterly,2026-03-31,10350729000.0,10174149000.0,176580000.0,87451000.0,89129000.0,81753000.0,59487000.0,110199000.0,2.09,2.17,
GOLD,quarterly,2025-12-31,6476900000.0,6383530000.0,93370000.0,67422000.0,25948000.0,15777000.0,11636000.0,39668000.0,0.46,0.47,
GOLD,quarterly,2025-09-30,3680766000.0,3607869000.0,72897000.0,67405000.0,5492000.0,-311000.0,-939000.0,19872000.0,-0.04,-0.04,
GOLD,quarterly,2025-06-30,2512048000.0,2430359000.0,81689000.0,61994000.0,19695000.0,13020000.0,10324000.0,34498000.0,,,
GOLD,quarterly,2025-03-31,3009125000.0,2968108000.0,41017000.0,38400000.0,2617000.0,-9939000.0,-8546000.0,8008000.0,-0.36,-0.36,
GOOGL,annual,2025-12-31,402836000000.0,162535000000.0,240301000000.0,111262000000.0,129039000000.0,158826000000.0,132170000000.0,180698000000.0,10.81,10.91,61087000000.0
GOOGL,annual,2024-12-31,350018000000.0,146306000000.0,203712000000.0,91322000000.0,112390000000.0,119815000000.0,100118000000.0,135394000000.0,8.04,8.13,49326000000.0
GOOGL,annual,2023-12-31,307394000000.0,133332000000.0,174062000000.0,89769000000.0,84293000000.0,85717000000.0,73795000000.0,97971000000.0,5.8,5.84,45427000000.0
GOOGL,annual,2022-12-31,282836000000.0,126203000000.0,156633000000.0,81791000000.0,74842000000.0,71328000000.0,59972000000.0,85160000000.0,4.56,4.59,39500000000.0
GOOGL,quarterly,2026-06-30,119796000000.0,45943000000.0,73853000000.0,33083000000.0,40770000000.0,138753000000.0,112193000000.0,147135000000.0,9.11,9.23,18219000000.0
GOOGL,quarterly,2026-03-31,109896000000.0,41271000000.0,68625000000.0,28929000000.0,39696000000.0,77412000000.0,62578000000.0,84427000000.0,5.11,5.17,17032000000.0
GOOGL,quarterly,2025-12-31,113829000000.0,45767000000.0,68062000000.0,32128000000.0,35934000000.0,39117000000.0,34455000000.0,45455000000.0,2.82,2.85,18572000000.0
GOOGL,quarterly,2025-09-30,102346000000.0,41369000000.0,60977000000.0,29749000000.0,31228000000.0,43987000000.0,34979000000.0,49741000000.0,2.87,2.89,15151000000.0
GOOGL,quarterly,2025-06-30,96428000000.0,39039000000.0,57389000000.0,26118000000.0,31271000000.0,33933000000.0,28196000000.0,39192000000.0,2.31,2.33,13808000000.0
GPN,annual,2025-12-31,7705878000.0,2113381000.0,5592497000.0,4120631000.0,1471866000.0,1260119000.0,1400107000.0,3325139000.0,5.78,5.79,
GPN,annual,2024-12-31,7735970000.0,2033471000.0,5702499000.0,4001133000.0,1701366000.0,1530316000.0,1570365000.0,3995523000.0,6.16,6.18,
GPN,annual,2023-12-31,7379784000.0,2068295000.0,5311489000.0,3859131000.0,1452358000.0,781662000.0,986233000.0,3203272000.0,3.77,3.78,
GPN,annual,2022-12-31,8975515000.0,3778617000.0,5196898000.0,3524578000.0,1672320000.0,224322000.0,111493000.0,2336210000.0,0.4,0.41,
GPN,quarterly,2026-06-30,3320791000.0,1293879000.0,2026912000.0,1689791000.0,337121000.0,104283000.0,12971000.0,1265874000.0,0.05,0.05,
GPN,quarterly,2026-03-31,2969682000.0,1273614000.0,1696068000.0,1711714000.0,-15646000.0,-224495000.0,-1799878000.0,882631000.0,-6.59,-6.59,
GPN,quarterly,2025-12-31,1932807000.0,569046000.0,1363761000.0,1129060000.0,234701000.0,23950000.0,217524000.0,565437000.0,0.92,0.92,
GPN,quarterly,2025-09-30,2007637000.0,556682000.0,1450955000.0,1016832000.0,434123000.0,655710000.0,635209000.0,1102664000.0,2.64,2.65,
GPN,quarterly,2025-06-30,1969287000.0,501772000.0,1467515000.0,1041256000.0,426259000.0,276303000.0,241640000.0,752912000.0,0.99,0.99,
GS,annual,2025-12-31,58283000000.0,,,,,21852000000.0,17176000000.0,,51.32,51.95,
GS,annual,2024-12-31,53512000000.0,,,,,18397000000.0,14276000000.0,,40.54,41.07,
GS,annual,2023-12-31,46254000000.0,,,,,10739000000.0,8516000000.0,,22.87,23.05,
GS,annual,2022-12-31,47365000000.0,,,,,13486000000.0,11261000000.0,,30.06,30.42,
GS,quarterly,2026-06-30,,,,,,,,,20.98,21.27,
GS,quarterly,2026-03-31,17227000000.0,,,,,6486000000.0,5630000000.0,,17.55,17.74,
GS,quarterly,2025-12-31,13454000000.0,,,,,5855000000.0,4617000000.0,,14.01,14.21,
GS,quarterly,2025-09-30,15184000000.0,,,,,5392000000.0,4098000000.0,,12.25,12.42,
GS,quarterly,2025-06-30,14583000000.0,,,,,4958000000.0,3723000000.0,,10.91,11.03,
HAL,annual,2025-12-31,22184000000.0,18700000000.0,3484000000.0,393000000.0,3091000000.0,1771000000.0,1283000000.0,3259000000.0,1.5,1.5,
HAL,annual,2024-12-31,22944000000.0,18643000000.0,4301000000.0,363000000.0,3938000000.0,3234000000.0,2501000000.0,4666000000.0,2.83,2.84,
HAL,annual,2023-12-31,23018000000.0,18658000000.0,4360000000.0,277000000.0,4083000000.0,3363000000.0,2638000000.0,4756000000.0,2.92,2.93,
HAL,annual,2022-12-31,20297000000.0,16984000000.0,3313000000.0,240000000.0,3073000000.0,2110000000.0,1572000000.0,3542000000.0,1.74,1.74,
HAL,quarterly,2026-06-30,5714000000.0,4910000000.0,804000000.0,121000000.0,683000000.0,664000000.0,534000000.0,1064000000.0,0.64,0.64,
HAL,quarterly,2026-03-31,5402000000.0,4619000000.0,783000000.0,104000000.0,679000000.0,569000000.0,461000000.0,968000000.0,0.55,0.55,
HAL,quarterly,2025-12-31,5657000000.0,4727000000.0,930000000.0,101000000.0,829000000.0,635000000.0,589000000.0,945000000.0,0.7,0.7,
HAL,quarterly,2025-09-30,5600000000.0,4744000000.0,856000000.0,108000000.0,748000000.0,219000000.0,18000000.0,615000000.0,0.02,0.02,
HAL,quarterly,2025-06-30,5510000000.0,4691000000.0,819000000.0,92000000.0,727000000.0,611000000.0,472000000.0,1005000000.0,0.55,0.55,
HBM,annual,2025-12-31,2211000000.0,1467800000.0,743200000.0,181600000.0,561600000.0,912000000.0,568500000.0,1442800000.0,1.44,1.44,
HBM,annual,2024-12-31,2021200000.0,1467400000.0,553800000.0,135800000.0,418000000.0,251600000.0,76700000.0,780300000.0,0.2,0.2,
HBM,annual,2023-12-31,1690000000.0,1297500000.0,392500000.0,92300000.0,300200000.0,151800000.0,66400000.0,650800000.0,0.22,0.22,
HBM,annual,2022-12-31,1461440000.0,1184552000.0,276888000.0,-26186000.0,303074000.0,95815000.0,70382000.0,530319000.0,0.27,0.27,
HBM,quarterly,2026-06-30,631300000.0,362300000.0,269000000.0,64500000.0,204500000.0,240400000.0,137400000.0,349700000.0,0.34,0.34,
HBM,quarterly,2026-03-31,757300000.0,389300000.0,368000000.0,65400000.0,302600000.0,339000000.0,190400000.0,460900000.0,0.48,0.48,
HBM,quarterly,2025-12-31,732900000.0,462800000.0,270100000.0,52900000.0,217200000.0,257100000.0,128000000.0,431700000.0,,,
HBM,quarterly,2025-09-30,346800000.0,281500000.0,65300000.0,54900000.0,10400000.0,330500000.0,222400000.0,435700000.0,0.56,0.56,
HBM,quarterly,2025-06-30,536400000.0,359900000.0,176500000.0,24800000.0,151700000.0,153100000.0,117700000.0,273000000.0,0.3,0.3,
HCA,annual,2025-12-31,75600000000.0,44226000000.0,31374000000.0,19409000000.0,11965000000.0,9832000000.0,6784000000.0,15603000000.0,28.33,30.204123,
HCA,annual,2024-12-31,70603000000.0,41925000000.0,28678000000.0,18131000000.0,10547000000.0,8523000000.0,5760000000.0,13896000000.0,22.0,23.041714,
HCA,annual,2023-12-31,64968000000.0,39389000000.0,25579000000.0,15952000000.0,9627000000.0,7706000000.0,5242000000.0,12721000000.0,18.97,19.741106,
HCA,annual,2022-12-31,60233000000.0,37056000000.0,23177000000.0,14124000000.0,9053000000.0,8580000000.0,5643000000.0,13290000000.0,19.15,19.43,
HCA,quarterly,2026-06-30,20230000000.0,11176000000.0,9054000000.0,5987000000.0,3067000000.0,2494000000.0,1699000000.0,4037000000.0,7.62,7.79489,
HCA,quarterly,2026-03-31,19109000000.0,11136000000.0,7973000000.0,5110000000.0,2863000000.0,2287000000.0,1620000000.0,3801000000.0,7.15,7.279888,
HCA,quarterly,2025-12-31,19513000000.0,11337000000.0,8176000000.0,4998000000.0,3178000000.0,2672000000.0,1878000000.0,4155000000.0,8.14,8.361342,
HCA,quarterly,2025-09-30,19161000000.0,11146000000.0,8015000000.0,5050000000.0,2965000000.0,2418000000.0,1643000000.0,3868000000.0,6.96,7.148292,
HCA,quarterly,2025-06-30,18605000000.0,10982000000.0,7623000000.0,4656000000.0,2967000000.0,2415000000.0,1653000000.0,3846000000.0,6.83,6.999969,
HCC,annual,2025-12-31,1310043000.0,1198634000.0,111409000.0,65681000.0,45728000.0,54444000.0,56998000.0,252751000.0,1.08,1.08,
HCC,annual,2024-12-31,1525220000.0,1206728000.0,318492000.0,63078000.0,255414000.0,283666000.0,250603000.0,441919000.0,4.79,4.79,
HCC,annual,2023-12-31,1676625000.0,1075111000.0,601514000.0,51817000.0,549697000.0,551419000.0,478629000.0,696735000.0,9.2,9.21,
HCC,annual,2022-12-31,1738738000.0,852931000.0,885807000.0,48791000.0,837016000.0,783104000.0,641298000.0,929816000.0,12.4,12.42,
HCC,quarterly,2026-06-30,509690000.0,405372000.0,104318000.0,9797000.0,94521000.0,91140000.0,87429000.0,154959000.0,1.65,1.65,
HCC,quarterly,2026-03-31,458588000.0,351021000.0,107567000.0,28199000.0,79368000.0,78784000.0,72341000.0,134228000.0,1.37,1.37,
HCC,quarterly,2025-12-31,383988000.0,331207000.0,52781000.0,18115000.0,34666000.0,35874000.0,22962000.0,94751000.0,0.44,0.44,
HCC,quarterly,2025-09-30,328589000.0,290665000.0,37924000.0,17200000.0,20724000.0,22852000.0,36598000.0,68753000.0,0.7,0.7,
HCC,quarterly,2025-06-30,297523000.0,277877000.0,19646000.0,11923000.0,7723000.0,9916000.0,5606000.0,56061000.0,0.11,0.11,
HD,annual,2026-01-31,164683000000.0,109818000000.0,54865000000.0,33975000000.0,20890000000.0,18602000000.0,14156000000.0,25135000000.0,14.23,14.26,
HD,annual,2025-01-31,159514000000.0,106206000000.0,53308000000.0,31782000000.0,21526000000.0,19406000000.0,14806000000.0,25488000000.0,14.91,14.96,
HD,annual,2024-01-31,152669000000.0,101709000000.0,50960000000.0,29271000000.0,21689000000.0,19924000000.0,15143000000.0,25114000000.0,15.11,15.16,
HD,annual,2023-01-31,157403000000.0,104625000000.0,52778000000.0,28739000000.0,24039000000.0,22477000000.0,17105000000.0,27069000000.0,16.69,16.74,
HD,quarterly,2026-07-31,47861000000.0,31746000000.0,16115000000.0,9276000000.0,6839000000.0,6315000000.0,4766000000.0,8005000000.0,4.79,4.79,
HD,quarterly,2026-04-30,41765000000.0,27984000000.0,13781000000.0,8800000000.0,4981000000.0,4377000000.0,3289000000.0,6069000000.0,3.3,3.31,
HD,quarterly,2026-01-31,38198000000.0,25732000000.0,12466000000.0,8617000000.0,3849000000.0,3298000000.0,2571000000.0,4971000000.0,2.58,2.59,
HD,quarterly,2025-10-31,41352000000.0,27537000000.0,13815000000.0,8462000000.0,5353000000.0,4757000000.0,3601000000.0,6429000000.0,3.62,3.63,
HD,quarterly,2025-07-31,45277000000.0,30152000000.0,15125000000.0,8570000000.0,6555000000.0,6005000000.0,4551000000.0,7584000000.0,4.58,4.59,
HIMS,annual,2025-12-31,2347637000.0,614259000.0,1733378000.0,1627765000.0,105613000.0,123924000.0,128365000.0,160115000.0,0.51,0.57,149301000.0
HIMS,annual,2024-12-31,1476514000.0,303379000.0,1173135000.0,1111232000.0,61903000.0,71711000.0,126038000.0,78991000.0,0.53,0.58,78819000.0
HIMS,annual,2023-12-31,872000000.0,157051000.0,714949000.0,744402000.0,-29453000.0,-21571000.0,-23546000.0,-19938000.0,-0.11,-0.11,48227000.0
HIMS,annual,2022-12-31,526916000.0,118194000.0,408722000.0,477419000.0,-68697000.0,-65709000.0,-65678000.0,-61223000.0,-0.32,-0.32,29237000.0
HIMS,quarterly,2026-06-30,753214000.0,272411000.0,480803000.0,577995000.0,-97192000.0,-92633000.0,-86290000.0,-67715000.0,-0.37,-0.37,54901000.0
HIMS,quarterly,2026-03-31,608104000.0,211317000.0,396787000.0,475110000.0,-78323000.0,-101551000.0,-92115000.0,-56370000.0,-0.4,-0.4,46936000.0
HIMS,quarterly,2025-12-31,617818000.0,173383000.0,444435000.0,435249000.0,9186000.0,18353000.0,20601000.0,27278000.0,0.08,0.09,40962000.0
HIMS,quarterly,2025-09-30,598976000.0,156918000.0,442058000.0,430251000.0,11807000.0,12223000.0,15774000.0,29476000.0,0.06,0.07,40577000.0
HIMS,quarterly,2025-06-30,544833000.0,128637000.0,416196000.0,389473000.0,26723000.0,32853000.0,42505000.0,37188000.0,0.17,0.19,37848000.0
HIW,annual,2025-12-31,806112000.0,261373000.0,544739000.0,335261000.0,209478000.0,162650000.0,159612000.0,610037000.0,1.45,1.45,
HIW,annual,2024-12-31,825862000.0,272173000.0,553689000.0,340949000.0,212740000.0,104254000.0,102248000.0,550498000.0,0.94,0.94,
HIW,annual,2023-12-31,833997000.0,268782000.0,565215000.0,342268000.0,222947000.0,151330000.0,148715000.0,587451000.0,1.39,1.39,
HIW,annual,2022-12-31,828929000.0,259806000.0,569123000.0,329876000.0,239247000.0,163958000.0,159058000.0,556953000.0,1.49,1.49,
HIW,quarterly,2026-06-30,,,,,,,,,0.85,0.85,
HIW,quarterly,2026-03-31,214034000.0,71118000.0,142916000.0,90971000.0,51945000.0,33365000.0,31937000.0,152598000.0,0.29,0.29,
HIW,quarterly,2025-12-31,203356000.0,66761000.0,136595000.0,83508000.0,53087000.0,29722000.0,29233000.0,144345000.0,,,
HIW,quarterly,2025-09-30,201773000.0,65923000.0,135850000.0,82893000.0,52957000.0,13707000.0,13453000.0,126080000.0,0.12,0.12,
HIW,quarterly,2025-06-30,200600000.0,63655000.0,136945000.0,84998000.0,51947000.0,19221000.0,18856000.0,131565000.0,0.17,0.17,
HL,annual,2025-12-31,1423019000.0,800816000.0,622203000.0,85536000.0,536667000.0,479179000.0,321712000.0,686330000.0,0.49,0.49,
HL,annual,2024-12-31,929925000.0,731715000.0,198210000.0,27210000.0,171000000.0,66216000.0,35802000.0,306521000.0,0.06,0.06,
HL,annual,2023-12-31,720227000.0,607278000.0,112949000.0,73796000.0,39153000.0,-82995000.0,-84217000.0,123996000.0,-0.14,-0.14,
HL,annual,2022-12-31,718905000.0,602749000.0,116156000.0,95687000.0,20469000.0,-44914000.0,-37348000.0,143026000.0,-0.0007,-0.0007,
HL,quarterly,2026-06-30,,,,,,,,,0.17,0.18,
HL,quarterly,2026-03-31,411433000.0,158178000.0,253255000.0,25605000.0,227650000.0,215553000.0,-19028000.0,255677000.0,-0.03,-0.03,
HL,quarterly,2025-12-31,448111000.0,199903000.0,248208000.0,19927000.0,228281000.0,188293000.0,134409000.0,232926000.0,0.2,0.2,
HL,quarterly,2025-09-30,409542000.0,229075000.0,180467000.0,27297000.0,153170000.0,155603000.0,100726000.0,232800000.0,0.15,0.15,
HL,quarterly,2025-06-30,218992000.0,133713000.0,85279000.0,26468000.0,58811000.0,49021000.0,57705000.0,92037000.0,0.09,0.09,
HLT,annual,2025-12-31,12039000000.0,8644000000.0,3395000000.0,702000000.0,2693000000.0,2072000000.0,1457000000.0,2869000000.0,6.12,6.18,
HLT,annual,2024-12-31,11174000000.0,8111000000.0,3063000000.0,698000000.0,2365000000.0,1783000000.0,1535000000.0,2498000000.0,6.14,6.2,
HLT,annual,2023-12-31,10235000000.0,7305000000.0,2930000000.0,667000000.0,2263000000.0,1692000000.0,1141000000.0,2303000000.0,4.33,4.36,
HLT,annual,2022-12-31,8773000000.0,6075000000.0,2698000000.0,604000000.0,2094000000.0,1734000000.0,1255000000.0,2311000000.0,4.53,4.56,
HLT,quarterly,2026-06-30,3341000000.0,2274000000.0,1067000000.0,209000000.0,858000000.0,680000000.0,482000000.0,912000000.0,2.1,2.12,
HLT,quarterly,2026-03-31,2937000000.0,2084000000.0,853000000.0,175000000.0,678000000.0,518000000.0,385000000.0,730000000.0,1.66,1.68,
HLT,quarterly,2025-12-31,3087000000.0,2286000000.0,801000000.0,199000000.0,602000000.0,429000000.0,297000000.0,641000000.0,1.27,1.28,
HLT,quarterly,2025-09-30,3120000000.0,2179000000.0,941000000.0,164000000.0,777000000.0,604000000.0,420000000.0,809000000.0,1.78,1.79,
HLT,quarterly,2025-06-30,3137000000.0,2181000000.0,956000000.0,178000000.0,778000000.0,629000000.0,440000000.0,823000000.0,1.84,1.85,
HON,annual,2025-12-31,37442000000.0,23613000000.0,13829000000.0,7262000000.0,6567000000.0,5476000000.0,4729000000.0,8208000000.0,14.72,14.8,1812000000.0
HON,annual,2024-12-31,34717000000.0,21360000000.0,13357000000.0,6689000000.0,6668000000.0,6244000000.0,5705000000.0,8444000000.0,17.42,17.52,1454000000.0
HON,annual,2023-12-31,33009000000.0,20637000000.0,12372000000.0,6262000000.0,6110000000.0,6191000000.0,5658000000.0,7944000000.0,16.94,17.06,1375000000.0
HON,annual,2022-12-31,35466000000.0,22347000000.0,13119000000.0,6692000000.0,6427000000.0,6379000000.0,4966000000.0,7997000000.0,14.54,14.66,1478000000.0
HON,quarterly,2026-06-30,9719000000.0,6066000000.0,3653000000.0,1868000000.0,1785000000.0,7529000000.0,5682000000.0,8204000000.0,17.83,17.92,524000000.0
HON,quarterly,2026-03-31,9143000000.0,5604000000.0,3539000000.0,1802000000.0,1737000000.0,886000000.0,821000000.0,1599000000.0,2.58,2.58,492000000.0
HON,quarterly,2025-12-31,6860000000.0,4386000000.0,2474000000.0,1760000000.0,714000000.0,-501000000.0,-115000000.0,86000000.0,0.92,0.92,395000000.0
HON,quarterly,2025-09-30,10408000000.0,6861000000.0,3547000000.0,1793000000.0,1754000000.0,2222000000.0,1825000000.0,3078000000.0,5.72,5.74,497000000.0
HON,quarterly,2025-06-30,9322000000.0,5658000000.0,3664000000.0,1821000000.0,1843000000.0,1627000000.0,1570000000.0,2304000000.0,4.9,4.92,459000000.0
HOOD,annual,2025-12-31,4473000000.0,745000000.0,3728000000.0,1634000000.0,2094000000.0,2108000000.0,1883000000.0,2180000000.0,2.05,2.12,897000000.0
HOOD,annual,2024-12-31,2951000000.0,607000000.0,2344000000.0,1290000000.0,1054000000.0,1064000000.0,1411000000.0,1131000000.0,1.56,1.6,818000000.0
HOOD,annual,2023-12-31,1865000000.0,146000000.0,1719000000.0,2255000000.0,-536000000.0,-533000000.0,-541000000.0,-465000000.0,-0.61,-0.61,805000000.0
HOOD,annual,2022-12-31,1358000000.0,588000000.0,770000000.0,1736000000.0,-966000000.0,-1027000000.0,-1028000000.0,-905000000.0,-1.17,-1.17,878000000.0
HOOD,quarterly,2026-06-30,1308000000.0,236000000.0,1072000000.0,498000000.0,574000000.0,709000000.0,561000000.0,597000000.0,0.62,0.62,256000000.0
HOOD,quarterly,2026-03-31,1067000000.0,207000000.0,860000000.0,449000000.0,411000000.0,411000000.0,350000000.0,434000000.0,0.38,0.39,241000000.0
HOOD,quarterly,2025-12-31,1283000000.0,301000000.0,982000000.0,332000000.0,650000000.0,661000000.0,605000000.0,673000000.0,0.66,0.67,232000000.0
HOOD,quarterly,2025-09-30,1274000000.0,169000000.0,1105000000.0,470000000.0,635000000.0,634000000.0,556000000.0,657000000.0,0.61,0.63,237000000.0
HOOD,quarterly,2025-06-30,989000000.0,180000000.0,809000000.0,370000000.0,439000000.0,442000000.0,386000000.0,460000000.0,0.42,0.44,214000000.0
HPE,annual,2025-10-31,34296000000.0,23919000000.0,10377000000.0,8733000000.0,1644000000.0,-285000000.0,57000000.0,4381000000.0,-0.04,-0.04,2518000000.0
HPE,annual,2024-10-31,30127000000.0,20249000000.0,9878000000.0,7384000000.0,2494000000.0,2953000000.0,2579000000.0,5058000000.0,1.93,1.95,2246000000.0
HPE,annual,2023-10-31,29135000000.0,18896000000.0,10239000000.0,7797000000.0,2442000000.0,2230000000.0,2025000000.0,5058000000.0,1.54,1.56,2349000000.0
HPE,annual,2022-10-31,28496000000.0,18990000000.0,9506000000.0,7279000000.0,2227000000.0,876000000.0,868000000.0,4707000000.0,0.66,0.67,2045000000.0
HPE,quarterly,2026-07-31,,,,,,,,,1.06,1.13,
HPE,quarterly,2026-04-30,10678000000.0,6778000000.0,3900000000.0,3075000000.0,825000000.0,699000000.0,624000000.0,1702000000.0,0.44,0.45,922000000.0
HPE,quarterly,2026-01-31,9301000000.0,5961000000.0,3340000000.0,2753000000.0,587000000.0,433000000.0,452000000.0,1459000000.0,0.31,0.32,744000000.0
HPE,quarterly,2025-10-31,9679000000.0,6438000000.0,3241000000.0,2833000000.0,408000000.0,-261000000.0,175000000.0,1285000000.0,0.11,0.11,881000000.0
HPE,quarterly,2025-07-31,9136000000.0,6464000000.0,2672000000.0,2244000000.0,428000000.0,288000000.0,305000000.0,1115000000.0,0.21,0.21,622000000.0
HRB,annual,2026-06-30,3945392000.0,2196407000.0,1748985000.0,841299000.0,907686000.0,853888000.0,733596000.0,1056939000.0,5.66,5.907779,
HRB,annual,2025-06-30,3760995000.0,2086111000.0,1674884000.0,846914000.0,827970000.0,781403000.0,605773000.0,976343000.0,4.39,4.522469,
HRB,annual,2024-06-30,3610347000.0,1991566000.0,1618781000.0,813504000.0,805277000.0,762322000.0,595317000.0,963186000.0,4.12,4.264718,
HRB,annual,2023-06-30,3472185000.0,1923452000.0,1548733000.0,800035000.0,748698000.0,711212000.0,553700000.0,914691000.0,3.51,3.788575,
HRB,quarterly,2026-06-30,1144869000.0,550520000.0,594349000.0,217577000.0,376772000.0,372984000.0,293680000.0,420506000.0,2.3,2.365057,
HRB,quarterly,2026-03-31,2398107000.0,1031951000.0,1366156000.0,329332000.0,1036824000.0,1016458000.0,847901000.0,1072284000.0,6.6,6.66,
HRB,quarterly,2025-12-31,198865000.0,339919000.0,-141054000.0,157825000.0,-298879000.0,-319223000.0,-242166000.0,-265844000.0,-1.92,-1.92,
HRB,quarterly,2025-09-30,203551000.0,274017000.0,-70466000.0,136565000.0,-207031000.0,-216331000.0,-165819000.0,-170007000.0,-1.26,-1.26,
HRB,quarterly,2025-06-30,1111011000.0,532929000.0,578082000.0,206803000.0,371279000.0,367782000.0,299439000.0,413190000.0,2.2,2.235497,
HSY,annual,2025-12-31,11692576000.0,7769885000.0,3922691000.0,2460569000.0,1462122000.0,1214208000.0,883259000.0,1942715000.0,4.34,4.46,
HSY,annual,2024-12-31,11202263000.0,5901375000.0,5300888000.0,2373621000.0,2927267000.0,2473936000.0,2221239000.0,3103508000.0,10.92,11.22,
HSY,annual,2023-12-31,11164992000.0,6167176000.0,4997816000.0,2436508000.0,2561308000.0,2171864000.0,1861787000.0,2753190000.0,9.06,9.31,
HSY,annual,2022-12-31,10419294000.0,5920509000.0,4498785000.0,2236009000.0,2262776000.0,1917071000.0,1644817000.0,2436125000.0,7.96,8.22,
HSY,quarterly,2026-06-30,2787306000.0,1523998000.0,1263308000.0,620552000.0,642756000.0,588280000.0,457665000.0,780129000.0,2.26,2.32,
HSY,quarterly,2026-03-31,3104167000.0,1881436000.0,1222731000.0,576040000.0,646691000.0,592695000.0,435105000.0,780447000.0,2.13,2.19,
HSY,quarterly,2025-12-31,3091021000.0,1946204000.0,1144817000.0,698150000.0,446667000.0,369532000.0,320017000.0,559774000.0,1.57,1.62,
HSY,quarterly,2025-09-30,3181418000.0,2144084000.0,1037334000.0,600540000.0,436794000.0,371910000.0,276320000.0,558892000.0,1.36,1.4,
HSY,quarterly,2025-06-30,2614718000.0,1818445000.0,796273000.0,603207000.0,193066000.0,149112000.0,62719000.0,330224000.0,0.31,0.32,
HTO,annual,2025-12-31,800590000.0,344056000.0,456534000.0,279007000.0,177527000.0,114933000.0,102578000.0,307998000.0,2.92,2.93,
HTO,annual,2024-12-31,748439000.0,323323000.0,425116000.0,254613000.0,170503000.0,102937000.0,93967000.0,289377000.0,2.87,2.87,
HTO,annual,2023-12-31,670363000.0,281929000.0,388434000.0,238999000.0,149435000.0,90943000.0,84987000.0,265225000.0,2.68,2.69,
HTO,annual,2022-12-31,620698000.0,263524000.0,357174000.0,232393000.0,124781000.0,82324000.0,73828000.0,246825000.0,2.43,2.44,
HTO,quarterly,2026-06-30,210474000.0,92936000.0,117538000.0,74784000.0,42754000.0,30567000.0,26589000.0,82113000.0,0.62,0.64,
HTO,quarterly,2026-03-31,183293000.0,74800000.0,108493000.0,71067000.0,37426000.0,22406000.0,19013000.0,75010000.0,0.49,0.5,
HTO,quarterly,2025-12-31,194186000.0,82915000.0,111271000.0,78132000.0,33139000.0,14643000.0,16220000.0,63778000.0,0.45,0.45,
HTO,quarterly,2025-06-30,198255000.0,88339000.0,109916000.0,66051000.0,43865000.0,29345000.0,24675000.0,77442000.0,0.71,0.71,
HTO,quarterly,2025-03-31,167599000.0,66466000.0,101133000.0,65237000.0,35896000.0,20022000.0,16551000.0,67925000.0,0.49,0.49,
HUBB,annual,2025-12-31,5844600000.0,3780500000.0,2064100000.0,855300000.0,1208800000.0,1119100000.0,887100000.0,1389300000.0,16.54,16.63,
HUBB,annual,2024-12-31,5628500000.0,3722900000.0,1905600000.0,812500000.0,1093100000.0,1006800000.0,779000000.0,1292700000.0,14.37,14.46,
HUBB,annual,2023-12-31,5372900000.0,3495900000.0,1877000000.0,849600000.0,1027400000.0,972200000.0,751400000.0,1158600000.0,14.05,14.14,
HUBB,annual,2022-12-31,4947900000.0,3476300000.0,1471600000.0,762500000.0,709100000.0,657000000.0,545900000.0,855100000.0,9.43,9.49,
HUBB,quarterly,2026-06-30,1711800000.0,1098800000.0,613000000.0,264400000.0,348600000.0,303700000.0,240400000.0,410400000.0,4.52,4.54,
HUBB,quarterly,2026-03-31,1516700000.0,1011400000.0,505300000.0,241500000.0,263800000.0,236400000.0,181800000.0,318600000.0,3.41,3.42,
HUBB,quarterly,2025-12-31,1492700000.0,967600000.0,525100000.0,213600000.0,311500000.0,281500000.0,224200000.0,365200000.0,4.19,4.21,
HUBB,quarterly,2025-09-30,1502400000.0,958100000.0,544300000.0,213700000.0,330600000.0,311100000.0,255500000.0,374100000.0,4.77,4.8,
HUBB,quarterly,2025-06-30,1484300000.0,932200000.0,552100000.0,215800000.0,336300000.0,315200000.0,244200000.0,378000000.0,4.56,4.58,
HUM,annual,2025-12-31,129664000000.0,,,128109000000.0,2186000000.0,1555000000.0,1188000000.0,,9.84,9.87,
HUM,annual,2024-12-31,117761000000.0,,,116040000000.0,2381000000.0,1721000000.0,1207000000.0,,9.98,10.01,
HUM,annual,2023-12-31,106374000000.0,,,102991000000.0,3876000000.0,3383000000.0,2489000000.0,,20.0,20.09,
HUM,annual,2022-12-31,92870000000.0,,,89302000000.0,3969000000.0,3568000000.0,2806000000.0,,22.08,22.2,
HUM,quarterly,2026-06-30,40867000000.0,,,39915000000.0,1149000000.0,952000000.0,694000000.0,,5.73,5.78,
HUM,quarterly,2026-03-31,39648000000.0,,,38053000000.0,1788000000.0,1595000000.0,1186000000.0,,9.83,9.85,
HUM,quarterly,2025-12-31,32515000000.0,,,33526000000.0,-865000000.0,-1011000000.0,-796000000.0,,,,
HUM,quarterly,2025-09-30,32649000000.0,,,32515000000.0,302000000.0,134000000.0,195000000.0,,1.62,1.62,
HUM,quarterly,2025-06-30,32388000000.0,,,31647000000.0,898000000.0,741000000.0,545000000.0,,4.51,4.52,
IBM,annual,2025-12-31,67536000000.0,28239000000.0,39297000000.0,26805000000.0,12492000000.0,10328000000.0,10593000000.0,17284000000.0,11.17,11.36,8316000000.0
IBM,annual,2024-12-31,62753000000.0,27201000000.0,35551000000.0,25477000000.0,10074000000.0,5797000000.0,6023000000.0,12176000000.0,6.43,6.53,7479000000.0
IBM,annual,2023-12-31,61860000000.0,27560000000.0,34300000000.0,24918000000.0,9382000000.0,8690000000.0,7502000000.0,14693000000.0,8.14,8.23,6775000000.0
IBM,annual,2022-12-31,60530000000.0,27842000000.0,32687000000.0,24513000000.0,8174000000.0,1156000000.0,1640000000.0,7174000000.0,1.8,1.82,6567000000.0
IBM,quarterly,2026-06-30,17162000000.0,7255000000.0,9907000000.0,7062000000.0,2845000000.0,2479000000.0,2165000000.0,4314000000.0,2.27,2.3,2311000000.0
IBM,quarterly,2026-03-31,15917000000.0,6968000000.0,8950000000.0,6731000000.0,2219000000.0,1387000000.0,1216000000.0,3134000000.0,1.28,1.3,2173000000.0
IBM,quarterly,2025-12-31,19687000000.0,7758000000.0,11928000000.0,7079000000.0,4849000000.0,4143000000.0,5600000000.0,5917000000.0,5.88,5.98,2187000000.0
IBM,quarterly,2025-09-30,16331000000.0,6970000000.0,9360000000.0,6568000000.0,2792000000.0,2430000000.0,1744000000.0,4205000000.0,1.84,1.87,2082000000.0
IBM,quarterly,2025-06-30,16977000000.0,7001000000.0,9977000000.0,6891000000.0,3086000000.0,2597000000.0,2194000000.0,4372000000.0,2.31,2.36,2097000000.0
ICE,annual,2025-12-31,12640000000.0,5542000000.0,7098000000.0,2099000000.0,4999000000.0,4346000000.0,3315000000.0,6709000000.0,5.77,5.79,
ICE,annual,2024-12-31,11761000000.0,5239000000.0,6522000000.0,2109000000.0,4413000000.0,3628000000.0,2754000000.0,6075000000.0,4.78,4.8,
ICE,annual,2023-12-31,9903000000.0,4244000000.0,5659000000.0,1696000000.0,3963000000.0,2894000000.0,2368000000.0,4917000000.0,4.19,4.2,
ICE,annual,2022-12-31,9636000000.0,4434000000.0,5202000000.0,1471000000.0,3731000000.0,1808000000.0,1446000000.0,3455000000.0,2.58,2.59,
ICE,quarterly,2026-06-30,3611000000.0,1696000000.0,1915000000.0,512000000.0,1403000000.0,1287000000.0,958000000.0,1881000000.0,1.69,1.7,
ICE,quarterly,2026-03-31,3666000000.0,1432000000.0,2234000000.0,528000000.0,1706000000.0,1897000000.0,1413000000.0,2484000000.0,2.48,2.49,
ICE,quarterly,2025-12-31,3142000000.0,1361000000.0,1781000000.0,525000000.0,1256000000.0,1066000000.0,851000000.0,1659000000.0,1.49,1.5,
ICE,quarterly,2025-09-30,3007000000.0,1298000000.0,1709000000.0,526000000.0,1183000000.0,1081000000.0,816000000.0,1660000000.0,1.42,1.43,
ICE,quarterly,2025-06-30,3262000000.0,1433000000.0,1829000000.0,522000000.0,1307000000.0,1132000000.0,851000000.0,1728000000.0,,,
ILMN,annual,2025-12-31,4343000000.0,1473000000.0,2870000000.0,2053000000.0,817000000.0,1086000000.0,850000000.0,1457000000.0,5.45,5.47,967000000.0
ILMN,annual,2024-12-31,4372000000.0,1511000000.0,2861000000.0,2261000000.0,600000000.0,-1179000000.0,-1223000000.0,-725000000.0,-7.69,-7.69,1169000000.0
ILMN,annual,2023-12-31,4504000000.0,1760000000.0,2744000000.0,2966000000.0,-222000000.0,-1117000000.0,-1161000000.0,-608000000.0,-7.34,-7.34,1354000000.0
ILMN,annual,2022-12-31,4584000000.0,1612000000.0,2972000000.0,2618000000.0,354000000.0,-4336000000.0,-4404000000.0,-3916000000.0,-28.0,-28.0,1321000000.0
ILMN,quarterly,2026-06-30,,,,,,,,,1.35,1.37,
ILMN,quarterly,2026-03-31,1091000000.0,370000000.0,721000000.0,512000000.0,209000000.0,157000000.0,134000000.0,250000000.0,0.87,0.88,240000000.0
ILMN,quarterly,2025-12-31,1159000000.0,400000000.0,759000000.0,548000000.0,211000000.0,377000000.0,334000000.0,469000000.0,2.16,2.18,239000000.0
ILMN,quarterly,2025-09-30,1084000000.0,351000000.0,733000000.0,506000000.0,227000000.0,220000000.0,150000000.0,312000000.0,0.98,0.98,229000000.0
ILMN,quarterly,2025-06-30,1059000000.0,364000000.0,695000000.0,481000000.0,214000000.0,306000000.0,235000000.0,399000000.0,1.49,1.49,247000000.0
INFY,annual,2026-03-31,20158000000.0,14079000000.0,6079000000.0,1990000000.0,4089000000.0,4506000000.0,3313000000.0,5105000000.0,0.8,0.81,
INFY,annual,2025-03-31,19277000000.0,13405000000.0,5872000000.0,1795000000.0,4077000000.0,4447000000.0,3158000000.0,5065000000.0,0.76,0.76,
INFY,annual,2024-03-31,18562000000.0,12975000000.0,5587000000.0,1738000000.0,3849000000.0,4346000000.0,3167000000.0,4967000000.0,0.76,0.77,
INFY,annual,2023-03-31,18212000000.0,12709000000.0,5503000000.0,1678000000.0,3825000000.0,4125000000.0,2981000000.0,4684000000.0,0.71,0.71,
INFY,quarterly,2026-06-30,5082000000.0,3482000000.0,1600000000.0,528000000.0,1072000000.0,1163000000.0,819000000.0,1307000000.0,0.2,0.2,
INFY,quarterly,2026-03-31,5040000000.0,3485000000.0,1555000000.0,500000000.0,1055000000.0,1168000000.0,919000000.0,1334000000.0,0.23,0.23,
INFY,quarterly,2025-12-31,5099000000.0,3660000000.0,1439000000.0,496000000.0,943000000.0,1035000000.0,747000000.0,1176000000.0,0.18,0.18,
INFY,quarterly,2025-09-30,5076000000.0,3516000000.0,1560000000.0,495000000.0,1065000000.0,1165000000.0,839000000.0,1312000000.0,0.2,0.2,
INFY,quarterly,2025-06-30,4941000000.0,3416000000.0,1525000000.0,497000000.0,1028000000.0,1138000000.0,809000000.0,1283000000.0,0.19,0.2,
INGR,annual,2025-12-31,7219000000.0,5391000000.0,1828000000.0,791000000.0,1037000000.0,974000000.0,729000000.0,1233000000.0,11.18,11.36,
INGR,annual,2024-12-31,7430000000.0,5639000000.0,1791000000.0,781000000.0,1010000000.0,931000000.0,647000000.0,1184000000.0,9.71,9.88,
INGR,annual,2023-12-31,8160000000.0,6411000000.0,1749000000.0,781000000.0,968000000.0,839000000.0,643000000.0,1172000000.0,9.6,9.74,
INGR,annual,2022-12-31,7946000000.0,6452000000.0,1494000000.0,728000000.0,766000000.0,668000000.0,492000000.0,982000000.0,7.34,7.43,
INGR,quarterly,2026-06-30,1850000000.0,1424000000.0,426000000.0,193000000.0,233000000.0,175000000.0,114000000.0,285000000.0,1.78,1.8,
INGR,quarterly,2026-03-31,1792000000.0,1391000000.0,401000000.0,187000000.0,214000000.0,194000000.0,142000000.0,258000000.0,2.22,2.25,
INGR,quarterly,2025-12-31,1757000000.0,1327000000.0,430000000.0,202000000.0,228000000.0,207000000.0,165000000.0,273000000.0,2.56,2.59,
INGR,quarterly,2025-09-30,1816000000.0,1361000000.0,455000000.0,203000000.0,252000000.0,241000000.0,171000000.0,305000000.0,2.61,2.66,
INGR,quarterly,2025-06-30,1833000000.0,1356000000.0,477000000.0,203000000.0,274000000.0,259000000.0,196000000.0,324000000.0,2.99,3.04,
INTC,annual,2025-12-31,52853000000.0,34478000000.0,18375000000.0,18398000000.0,-23000000.0,1557000000.0,-267000000.0,14354000000.0,-0.06,-0.06,13774000000.0
INTC,annual,2024-12-31,53101000000.0,35756000000.0,17345000000.0,22053000000.0,-4708000000.0,-11210000000.0,-18756000000.0,1203000000.0,-4.38,-4.38,16546000000.0
INTC,annual,2023-12-31,54228000000.0,32517000000.0,21711000000.0,21680000000.0,31000000.0,762000000.0,1689000000.0,11242000000.0,0.4,0.4,16046000000.0
INTC,annual,2022-12-31,63054000000.0,36188000000.0,26866000000.0,24530000000.0,2336000000.0,7768000000.0,8014000000.0,21299000000.0,1.94,1.95,17528000000.0
INTC,quarterly,2026-06-30,16128000000.0,9619000000.0,6509000000.0,4543000000.0,1966000000.0,-10819000000.0,-11033000000.0,-7274000000.0,-2.16,-2.16,3368000000.0
INTC,quarterly,2026-03-31,13577000000.0,8230000000.0,5347000000.0,4413000000.0,934000000.0,-3946000000.0,-3728000000.0,-546000000.0,-0.73,-0.73,3375000000.0
INTC,quarterly,2025-12-31,13674000000.0,8731000000.0,4943000000.0,4393000000.0,550000000.0,338000000.0,-591000000.0,3648000000.0,-0.12,-0.12,3219000000.0
INTC,quarterly,2025-09-30,13653000000.0,8435000000.0,5218000000.0,4360000000.0,858000000.0,4574000000.0,4063000000.0,7848000000.0,0.9,0.9,3231000000.0
INTC,quarterly,2025-06-30,12859000000.0,9317000000.0,3542000000.0,4828000000.0,-1286000000.0,-2769000000.0,-2918000000.0,471000000.0,-0.67,-0.67,3684000000.0
INVH,annual,2025-12-31,2729296000.0,1134717000.0,1594579000.0,842183000.0,752396000.0,589909000.0,587924000.0,1690169000.0,0.96,0.96,
INVH,annual,2024-12-31,2618942000.0,1072763000.0,1546179000.0,804938000.0,741241000.0,455365000.0,453917000.0,1535761000.0,0.74,0.74,
INVH,annual,2023-12-31,2432278000.0,976144000.0,1456134000.0,756631000.0,699503000.0,521028000.0,519470000.0,1528772000.0,0.85,0.85,
INVH,annual,2022-12-31,2238121000.0,874287000.0,1363834000.0,712139000.0,651695000.0,384799000.0,383329000.0,1327005000.0,0.63,0.63,
INVH,quarterly,2026-06-30,747550000.0,335653000.0,411897000.0,223631000.0,188266000.0,219651000.0,218847000.0,507937000.0,0.37,0.37,
INVH,quarterly,2026-03-31,734112000.0,329593000.0,404519000.0,225461000.0,179058000.0,161065000.0,160508000.0,449520000.0,0.26,0.26,
INVH,quarterly,2025-12-31,685250000.0,284308000.0,400942000.0,213572000.0,187370000.0,145050000.0,144554000.0,425803000.0,0.24,0.24,
INVH,quarterly,2025-09-30,688166000.0,296110000.0,392056000.0,206901000.0,185155000.0,137210000.0,136738000.0,416448000.0,0.22,0.22,
INVH,quarterly,2025-06-30,681401000.0,280111000.0,401290000.0,209046000.0,192244000.0,141367000.0,140887000.0,414236000.0,0.23,0.23,
IONQ,annual,2025-12-31,130016000.0,77488000.0,52528000.0,686243000.0,-633715000.0,-556693000.0,-510378000.0,-551711000.0,-1.82,-1.82,305705000.0
IONQ,annual,2024-12-31,43073000.0,20597000.0,22476000.0,254931000.0,-232455000.0,-331588000.0,-331647000.0,-213801000.0,-1.56,-1.56,136827000.0
IONQ,annual,2023-12-31,22042000.0,8108000.0,13934000.0,171688000.0,-157754000.0,-157723000.0,-157771000.0,-147379000.0,-0.78,-0.78,92321000.0
IONQ,annual,2022-12-31,11131000.0,2944000.0,8187000.0,93933000.0,-85746000.0,-48511000.0,-48511000.0,-80142000.0,-0.25,-0.25,43978000.0
IONQ,quarterly,2026-06-30,80050000.0,60110000.0,19940000.0,357183000.0,-337243000.0,-1874667000.0,-1867742000.0,-291156000.0,-5.08,-5.08,160627000.0
IONQ,quarterly,2026-03-31,64668000.0,49254000.0,15414000.0,286921000.0,-271507000.0,798228000.0,805360000.0,-228378000.0,2.07,2.19,125740000.0
IONQ,quarterly,2025-12-31,61890000.0,43593000.0,18297000.0,246928000.0,-228631000.0,728396000.0,753667000.0,-187986000.0,1.93,2.13,96095000.0
IONQ,quarterly,2025-09-30,39866000.0,21253000.0,18613000.0,187426000.0,-168813000.0,-1060050000.0,-1054955000.0,-144631000.0,-3.58,-3.58,66298000.0
IONQ,quarterly,2025-06-30,20694000.0,8327000.0,12367000.0,172959000.0,-160592000.0,-192799000.0,-176838000.0,-149976000.0,-0.7,-0.7,103359000.0
IONS,annual,2025-12-31,943711000.0,15909000.0,927802000.0,1309519000.0,-381717000.0,-379601000.0,-381387000.0,-272625000.0,-2.38,-2.38,915619000.0
IONS,annual,2024-12-31,705138000.0,11215000.0,693923000.0,1169030000.0,-475107000.0,-460068000.0,-453897000.0,-353721000.0,-3.04,-3.04,901530000.0
IONS,annual,2023-12-31,787647000.0,9133000.0,778514000.0,1132244000.0,-353730000.0,-333965000.0,-366286000.0,-230010000.0,-2.56,-2.56,899625000.0
IONS,annual,2022-12-31,587367000.0,14116000.0,573251000.0,983442000.0,-410191000.0,-257985000.0,-269722000.0,-227758000.0,-1.9,-1.9,833147000.0
IONS,quarterly,2026-06-30,267949000.0,2739000.0,265210000.0,367507000.0,-102297000.0,-113382000.0,-114646000.0,-85238000.0,-0.69,-0.69,217107000.0
IONS,quarterly,2026-03-31,246091000.0,3000000.0,243091000.0,360573000.0,-117482000.0,-92310000.0,-92528000.0,-64526000.0,-0.56,-0.56,210173000.0
IONS,quarterly,2025-12-31,203330000.0,7957000.0,195373000.0,409846000.0,-214473000.0,-227916000.0,-229394000.0,-199515000.0,-1.41,-1.41,279646000.0
IONS,quarterly,2025-09-30,156719000.0,2338000.0,154381000.0,314554000.0,-160173000.0,-128393000.0,-128606000.0,-103339000.0,-0.8,-0.8,217754000.0
IONS,quarterly,2025-06-30,452049000.0,4151000.0,447898000.0,308060000.0,139838000.0,123531000.0,123551000.0,150233000.0,0.7,0.78,217460000.0
IOVA,annual,2025-12-31,263502000.0,173184000.0,90318000.0,488531000.0,-398213000.0,-393049000.0,-390978000.0,-350889000.0,-1.094119,-1.09,300270000.0
IOVA,annual,2024-12-31,164070000.0,93248000.0,70822000.0,466100000.0,-395278000.0,-375005000.0,-372177000.0,-347207000.0,-1.28,-1.28,276228000.0
IOVA,annual,2023-12-31,1189000.0,1033000.0,156000.0,460715000.0,-460559000.0,-447516000.0,-444037000.0,-427432000.0,-1.89,-1.89,333194000.0
IOVA,annual,2022-12-31,0.0,0.0,0.0,398878000.0,-398878000.0,-395893000.0,-395893000.0,-377743000.0,-2.49,-2.49,294781000.0
IOVA,quarterly,2026-06-30,99313000.0,43595000.0,55718000.0,107623000.0,-51905000.0,-48688000.0,-47315000.0,-41503000.0,-0.11,-0.11,58851000.0
IOVA,quarterly,2026-03-31,71430000.0,42498000.0,28932000.0,109975000.0,-81043000.0,-79710000.0,-79045000.0,-70628000.0,-0.19,-0.19,62487000.0
IOVA,quarterly,2025-12-31,86771000.0,43111000.0,43660000.0,117120000.0,-73460000.0,-71720000.0,-71904000.0,-60816000.0,-0.18,-0.18,71203000.0
IOVA,quarterly,2025-09-30,67455000.0,38477000.0,28978000.0,118736000.0,-89758000.0,-93658000.0,-91253000.0,-78240000.0,-0.25,-0.25,75174000.0
IOVA,quarterly,2025-06-30,59952000.0,48881000.0,11071000.0,124845000.0,-113774000.0,-109670000.0,-111658000.0,-101547000.0,-0.33,-0.33,77928000.0
IP,annual,2025-12-31,23634000000.0,16637000000.0,6997000000.0,7007000000.0,-10000000.0,-3368000000.0,-3516000000.0,65000000.0,-6.95,-6.95,
IP,annual,2024-12-31,15835000000.0,11397000000.0,4438000000.0,3853000000.0,585000000.0,369000000.0,557000000.0,2106000000.0,1.57,1.6,
IP,annual,2023-12-31,16033000000.0,11512000000.0,4521000000.0,3770000000.0,751000000.0,402000000.0,288000000.0,2252000000.0,0.82,0.83,
IP,annual,2022-12-31,21161000000.0,15143000000.0,6018000000.0,4264000000.0,1754000000.0,1511000000.0,1504000000.0,2954000000.0,4.1,4.14,
IP,quarterly,2026-06-30,6004000000.0,4344000000.0,1660000000.0,1617000000.0,43000000.0,-26000000.0,-12000000.0,593000000.0,-0.02,-0.02,
IP,quarterly,2026-03-31,5971000000.0,4244000000.0,1727000000.0,1553000000.0,174000000.0,93000000.0,60000000.0,714000000.0,0.11,0.11,
IP,quarterly,2025-12-31,6006000000.0,4123000000.0,1883000000.0,1827000000.0,56000000.0,-2654000000.0,-2384000000.0,-1682000000.0,-4.52,-4.52,
IP,quarterly,2025-09-30,6222000000.0,4287000000.0,1935000000.0,2156000000.0,-221000000.0,-675000000.0,-1102000000.0,543000000.0,-2.09,-2.09,
IP,quarterly,2025-06-30,6142000000.0,4422000000.0,1720000000.0,1513000000.0,207000000.0,116000000.0,75000000.0,739000000.0,0.14,0.14,
IPGP,annual,2025-12-31,1003777000.0,622314000.0,381463000.0,358404000.0,23059000.0,45096000.0,31096000.0,89913000.0,0.73,0.73,117402000.0
IPGP,annual,2024-12-31,977134000.0,638979000.0,338155000.0,323678000.0,14477000.0,-161888000.0,-181526000.0,75920000.0,-4.09,-4.09,109783000.0
IPGP,annual,2023-12-31,1287439000.0,745741000.0,541698000.0,310132000.0,231566000.0,274875000.0,218878000.0,301187000.0,4.63,4.64,98704000.0
IPGP,annual,2022-12-31,1429547000.0,874134000.0,555413000.0,324010000.0,231403000.0,183351000.0,109909000.0,321967000.0,2.16,2.17,116114000.0
IPGP,quarterly,2026-06-30,278580000.0,166056000.0,112524000.0,91367000.0,21157000.0,12541000.0,5242000.0,36680000.0,0.12,0.12,31004000.0
IPGP,quarterly,2026-03-31,265497000.0,165998000.0,99499000.0,93935000.0,5564000.0,1019000.0,1584000.0,21456000.0,0.04,0.04,33309000.0
IPGP,quarterly,2025-12-31,274471000.0,175398000.0,99073000.0,93238000.0,5835000.0,10556000.0,13270000.0,25890000.0,0.31,0.32,28771000.0
IPGP,quarterly,2025-09-30,250792000.0,151787000.0,99005000.0,89221000.0,9784000.0,15654000.0,7463000.0,25416000.0,0.18,0.18,30358000.0
IPGP,quarterly,2025-06-30,250721000.0,157148000.0,93573000.0,90371000.0,3202000.0,8271000.0,6605000.0,19028000.0,0.16,0.16,29937000.0
IREN,annual,2026-06-30,707007000.0,266372000.0,440635000.0,819386000.0,-378751000.0,-708683000.0,-702621000.0,-231703000.0,,,
IREN,annual,2025-06-30,501023000.0,182629000.0,318394000.0,296272000.0,22122000.0,93501000.0,86941000.0,285682000.0,0.39,0.41,
IREN,annual,2024-06-30,187192000.0,103679000.0,83513000.0,110790000.0,-27277000.0,-25467000.0,-28920000.0,25101000.0,-0.29,-0.29,
IREN,annual,2023-06-30,75509000.0,54388000.0,21121000.0,69679000.0,-48558000.0,-169437000.0,-171827000.0,-122557000.0,-3.14,-3.14,
IREN,annual,2022-06-30,,,,,,,,,-10.253,-10.253,
IREN,quarterly,2026-06-30,137225000.0,51794000.0,85431000.0,226046000.0,-140615000.0,-691968000.0,-683999000.0,-555420000.0,,,
IREN,quarterly,2026-03-31,144795000.0,51225000.0,93570000.0,186916000.0,-93346000.0,-254086000.0,-247827000.0,-118004000.0,-0.74,-0.74,
IREN,quarterly,2025-12-31,184692000.0,74316000.0,110376000.0,195031000.0,-84655000.0,-337927000.0,-155407000.0,-228083000.0,-0.52,-0.52,
IREN,quarterly,2025-09-30,240295000.0,89037000.0,151258000.0,211393000.0,-60135000.0,575298000.0,384611000.0,669804000.0,1.08,1.42,
IREN,quarterly,2025-06-30,187292000.0,136822000.0,50470000.0,33665000.0,16805000.0,92788000.0,95546000.0,153129000.0,0.685385,0.685385,
ISRG,annual,2025-12-31,10064700000.0,3422400000.0,6642300000.0,3696800000.0,2945500000.0,3311400000.0,2856000000.0,3622600000.0,7.87,8.0,1311800000.0
ISRG,annual,2024-12-31,8352100000.0,2717900000.0,5634200000.0,3285300000.0,2348900000.0,2673800000.0,2322600000.0,2848600000.0,6.42,6.54,1145300000.0
ISRG,annual,2023-12-31,7124100000.0,2394600000.0,4729500000.0,2962700000.0,1766800000.0,1958900000.0,1798000000.0,2221600000.0,5.03,5.12,998800000.0
ISRG,annual,2022-12-31,6222200000.0,2026200000.0,4196000000.0,2618900000.0,1577100000.0,1606800000.0,1322300000.0,1942900000.0,3.65,3.72,879000000.0
ISRG,quarterly,2026-06-30,2892300000.0,931900000.0,1960400000.0,988500000.0,971900000.0,1054600000.0,818100000.0,1203000000.0,2.29,2.31,370600000.0
ISRG,quarterly,2026-03-31,2770800000.0,940300000.0,1830500000.0,975200000.0,855300000.0,940400000.0,821500000.0,1055300000.0,2.28,2.31,361900000.0
ISRG,quarterly,2025-12-31,2866200000.0,961900000.0,1904300000.0,1040000000.0,864300000.0,955600000.0,794800000.0,1085200000.0,2.21,2.24,352900000.0
ISRG,quarterly,2025-09-30,2505100000.0,842700000.0,1662400000.0,902700000.0,759700000.0,855200000.0,704400000.0,901900000.0,1.95,1.98,329400000.0
ISRG,quarterly,2025-06-30,2440000000.0,822100000.0,1617900000.0,874500000.0,743400000.0,832100000.0,658400000.0,907800000.0,1.81,1.84,313300000.0
J,annual,2025-09-30,12029783000.0,9044849000.0,2984934000.0,2121300000.0,863634000.0,543477000.0,289336000.0,926841000.0,2.38,2.39,
J,annual,2024-09-30,11500941000.0,8668185000.0,2832756000.0,2140320000.0,692436000.0,777286000.0,806093000.0,1255083000.0,6.32,6.35,
J,annual,2023-09-30,10851420000.0,8140560000.0,2710860000.0,2034376000.0,676484000.0,520975000.0,665777000.0,996312000.0,5.3,5.32,
J,annual,2022-09-30,9783074000.0,7203115000.0,2579959000.0,2040075000.0,539884000.0,477497000.0,644039000.0,878740000.0,4.98,5.01,
J,quarterly,2026-06-30,4076410000.0,3265707000.0,810703000.0,524000000.0,286703000.0,241247000.0,136553000.0,353088000.0,1.15,1.16,
J,quarterly,2026-03-31,3694881000.0,2899988000.0,794893000.0,876069000.0,-81176000.0,-130606000.0,-45883000.0,-33261000.0,-0.34,-0.34,
J,quarterly,2025-12-31,3293281000.0,2528031000.0,765250000.0,532689000.0,232561000.0,206223000.0,125508000.0,300086000.0,1.12,1.12,
J,quarterly,2025-09-30,3154644000.0,2387731000.0,766913000.0,555358000.0,211555000.0,189404000.0,122250000.0,284333000.0,0.92,0.93,
J,quarterly,2025-06-30,3031768000.0,2273358000.0,758410000.0,523396000.0,235014000.0,245104000.0,179605000.0,342477000.0,1.55,1.55,
JBHT,annual,2025-12-31,11999096000.0,10402472000.0,1596624000.0,731555000.0,865069000.0,794112000.0,598282000.0,1584103000.0,6.12,6.324687,
JBHT,annual,2024-12-31,12087204000.0,10519421000.0,1567783000.0,736558000.0,831225000.0,759516000.0,570886000.0,1599677000.0,5.56,5.677344,
JBHT,annual,2023-12-31,12829665000.0,11128880000.0,1700785000.0,707589000.0,993196000.0,934887000.0,728287000.0,1738774000.0,6.97,7.055675,
JBHT,annual,2022-12-31,14813999000.0,12844025000.0,1969974000.0,638421000.0,1331553000.0,1281373000.0,969351000.0,1977142000.0,9.21,9.343738,
JBHT,quarterly,2026-06-30,3495296000.0,3052320000.0,442976000.0,183524000.0,259452000.0,242684000.0,181034000.0,440062000.0,1.91,1.92,
JBHT,quarterly,2026-03-31,3056491000.0,2670226000.0,386265000.0,179217000.0,207048000.0,189148000.0,141553000.0,386458000.0,1.49,1.5,
JBHT,quarterly,2025-12-31,3096626000.0,2673437000.0,423189000.0,176732000.0,246457000.0,233254000.0,181069000.0,429910000.0,1.9,1.914166,
JBHT,quarterly,2025-09-30,3052897000.0,2630413000.0,422484000.0,179827000.0,242657000.0,224786000.0,170849000.0,421782000.0,1.76,1.794287,
JBHT,quarterly,2025-06-30,2928181000.0,2542784000.0,385397000.0,188123000.0,197274000.0,175989000.0,128624000.0,374254000.0,1.31,1.32877,
JBL,annual,2025-08-31,29802000000.0,27156000000.0,2646000000.0,1210000000.0,1436000000.0,892000000.0,657000000.0,1713000000.0,5.92,6.0,26000000.0
JBL,annual,2024-08-31,28883000000.0,26207000000.0,2676000000.0,1239000000.0,1437000000.0,1751000000.0,1388000000.0,2620000000.0,11.17,11.34,39000000.0
JBL,annual,2023-08-31,34702000000.0,31835000000.0,2867000000.0,1273000000.0,1594000000.0,1262000000.0,818000000.0,2392000000.0,6.02,6.15,34000000.0
JBL,annual,2022-08-31,33478000000.0,30846000000.0,2632000000.0,1221000000.0,1411000000.0,1231000000.0,996000000.0,2302000000.0,6.9,7.06,33000000.0
JBL,quarterly,2026-05-31,8751000000.0,7923000000.0,828000000.0,372000000.0,456000000.0,366000000.0,275000000.0,613000000.0,2.59,2.61,9000000.0
JBL,quarterly,2026-02-28,8282000000.0,7536000000.0,746000000.0,359000000.0,387000000.0,300000000.0,223000000.0,525000000.0,2.08,2.1,7000000.0
JBL,quarterly,2025-11-30,8305000000.0,7563000000.0,742000000.0,370000000.0,372000000.0,220000000.0,146000000.0,521000000.0,1.35,1.37,7000000.0
JBL,quarterly,2025-08-31,8252000000.0,7469000000.0,783000000.0,308000000.0,475000000.0,279000000.0,218000000.0,366000000.0,1.99,2.03,4000000.0
JBL,quarterly,2025-05-31,7828000000.0,7147000000.0,681000000.0,298000000.0,383000000.0,290000000.0,222000000.0,576000000.0,2.03,2.05,7000000.0
JCI,annual,2025-09-30,23596000000.0,15004000000.0,8592000000.0,5764000000.0,2828000000.0,1969000000.0,3291000000.0,3061000000.0,5.03,5.04,
JCI,annual,2024-09-30,22952000000.0,14875000000.0,8077000000.0,5661000000.0,2416000000.0,1522000000.0,1705000000.0,2719000000.0,2.52,2.53,
JCI,annual,2023-09-30,22331000000.0,14527000000.0,7804000000.0,5387000000.0,2417000000.0,1113000000.0,1849000000.0,2116000000.0,2.69,2.702031,
JCI,annual,2022-09-30,20637000000.0,13547000000.0,7090000000.0,5078000000.0,2012000000.0,1112000000.0,1532000000.0,2050000000.0,2.19,2.224481,
JCI,quarterly,2026-06-30,6614000000.0,4140000000.0,2474000000.0,1407000000.0,1067000000.0,917000000.0,749000000.0,1137000000.0,1.23,1.23,
JCI,quarterly,2026-03-31,6142000000.0,3880000000.0,2262000000.0,1401000000.0,861000000.0,738000000.0,613000000.0,967000000.0,1.0,1.01,
JCI,quarterly,2025-12-31,5797000000.0,3723000000.0,2074000000.0,1221000000.0,853000000.0,708000000.0,524000000.0,914000000.0,0.85,0.86,
JCI,quarterly,2025-09-30,6442000000.0,4091000000.0,2351000000.0,1521000000.0,830000000.0,355000000.0,1693000000.0,684000000.0,2.67,2.68,
JCI,quarterly,2025-06-30,6052000000.0,3806000000.0,2246000000.0,1417000000.0,829000000.0,705000000.0,701000000.0,950000000.0,1.07,1.07,
JEF,annual,2025-11-30,10823677000.0,4540392000.0,6283285000.0,1652224000.0,4631061000.0,870989000.0,710475000.0,4552821000.0,2.83,2.93,
JEF,annual,2024-11-30,10515069000.0,4298592000.0,6216477000.0,1503747000.0,4712730000.0,1005546000.0,743383000.0,4683662000.0,2.99,3.08,
JEF,annual,2023-11-30,7441399000.0,2931409000.0,4509990000.0,1200350000.0,3309640000.0,354269000.0,277688000.0,3208724000.0,1.1,1.12,177541000.0
JEF,annual,2022-11-30,7149263000.0,3377686000.0,3771577000.0,1158459000.0,2613118000.0,1055562000.0,785449000.0,2415330000.0,3.06,3.13,150500000.0
JEF,annual,2021-11-30,,,,,,,,,,,109772000.0
JEF,quarterly,2026-05-31,3118197000.0,1366944000.0,1751253000.0,459360000.0,1291893000.0,315549000.0,255418000.0,1274623000.0,1.112302,1.112302,
JEF,quarterly,2026-02-28,2871265000.0,1248942000.0,1622323000.0,434332000.0,1187991000.0,212216000.0,175204000.0,1123216000.0,0.7,0.72,75422000.0
JEF,quarterly,2025-11-30,2948824000.0,1281612000.0,1667212000.0,471465000.0,1195747000.0,253208000.0,215035000.0,1190651000.0,0.85,0.89,
JEF,quarterly,2025-08-31,2907674000.0,1239104000.0,1668570000.0,415969000.0,1252601000.0,331815000.0,252545000.0,1248037000.0,1.01,1.04,78999000.0
JEF,quarterly,2025-05-31,2494315000.0,1027545000.0,1466770000.0,401525000.0,1065245000.0,134901000.0,99063000.0,1050228000.0,0.4,0.41,80070000.0
JLL,annual,2025-12-31,26115600000.0,,,24942300000.0,1173300000.0,981700000.0,792100000.0,1426100000.0,16.4,16.73,
JLL,annual,2024-12-31,23432900000.0,,,22541700000.0,891200000.0,679300000.0,546800000.0,1147000000.0,11.3,11.51,
JLL,annual,2023-12-31,20760800000.0,,,20083600000.0,677200000.0,251900000.0,225400000.0,915600000.0,4.67,4.73,
JLL,annual,2022-12-31,20862100000.0,,,19889200000.0,972900000.0,994200000.0,654500000.0,1201000000.0,13.27,13.51,
JLL,annual,2021-12-31,,8321400000.0,11045600000.0,,,,,,,,
JLL,quarterly,2026-06-30,6927900000.0,,,6611300000.0,316600000.0,265600000.0,215600000.0,373800000.0,4.59,4.66,
JLL,quarterly,2026-03-31,6386500000.0,,,6176600000.0,209900000.0,197500000.0,159000000.0,267700000.0,3.33,3.4,
JLL,quarterly,2025-12-31,7608700000.0,,,7079200000.0,529500000.0,498000000.0,401700000.0,585400000.0,8.34,8.53,
JLL,quarterly,2025-09-30,6510400000.0,,,6225000000.0,285400000.0,275000000.0,222800000.0,343000000.0,4.61,4.71,
JLL,quarterly,2025-06-30,6250100000.0,,,6031400000.0,218700000.0,137200000.0,112300000.0,286400000.0,2.32,2.36,
JNJ,annual,2025-12-31,94193000000.0,30256000000.0,63937000000.0,38341000000.0,25596000000.0,32581000000.0,26804000000.0,41055000000.0,11.03,11.13,14665000000.0
JNJ,annual,2024-12-31,88821000000.0,27471000000.0,61350000000.0,40101000000.0,21249000000.0,16687000000.0,14066000000.0,24781000000.0,5.79,5.843978,17232000000.0
JNJ,annual,2023-12-31,85159000000.0,26553000000.0,58606000000.0,36597000000.0,22009000000.0,15062000000.0,35153000000.0,23320000000.0,13.72,14.604014,15085000000.0
JNJ,annual,2022-12-31,79990000000.0,24596000000.0,55394000000.0,34381000000.0,21013000000.0,19359000000.0,17941000000.0,26605000000.0,6.73,6.862158,14135000000.0
JNJ,quarterly,2026-06-30,25310000000.0,8051000000.0,17259000000.0,10085000000.0,7174000000.0,6747000000.0,5534000000.0,8987000000.0,2.27,2.297955,3653000000.0
JNJ,quarterly,2026-03-31,24062000000.0,8106000000.0,15956000000.0,9561000000.0,6395000000.0,5990000000.0,5235000000.0,8266000000.0,2.14,2.17,3527000000.0
JNJ,quarterly,2025-12-31,24564000000.0,7968000000.0,16596000000.0,11005000000.0,5591000000.0,4966000000.0,5116000000.0,7191000000.0,2.1,2.124639,4252000000.0
JNJ,quarterly,2025-09-30,23993000000.0,7303000000.0,16690000000.0,9594000000.0,7096000000.0,7493000000.0,5152000000.0,9515000000.0,2.12,2.14,3672000000.0
JNJ,quarterly,2025-06-30,23743000000.0,7628000000.0,16115000000.0,9405000000.0,6710000000.0,6491000000.0,5537000000.0,8742000000.0,2.29,2.3,3516000000.0
JPM,annual,2025-12-31,181847000000.0,,,,,72595000000.0,57048000000.0,,20.02,20.05,
JPM,annual,2024-12-31,169439000000.0,,,,,75081000000.0,58471000000.0,,19.75,19.79,
JPM,annual,2023-12-31,154952000000.0,,,,,61612000000.0,49552000000.0,,16.23,16.25,
JPM,annual,2022-12-31,127727000000.0,,,,,46166000000.0,37676000000.0,,12.09,12.1,
JPM,quarterly,2026-06-30,52852000000.0,,,,,27516000000.0,21155000000.0,,7.7,7.71,
JPM,quarterly,2026-03-31,49833000000.0,,,,,20479000000.0,16494000000.0,,5.94,5.95,
JPM,quarterly,2025-12-31,45796000000.0,,,,,17160000000.0,13025000000.0,,4.63,4.64,
JPM,quarterly,2025-09-30,46430000000.0,,,,,18743000000.0,14393000000.0,,5.07,5.08,
JPM,quarterly,2025-06-30,44882000000.0,,,,,18284000000.0,14987000000.0,,5.24,5.25,
KALU,annual,2025-12-31,3373000000.0,2930600000.0,442400000.0,251700000.0,190700000.0,150000000.0,112500000.0,322600000.0,6.77,6.96,
KALU,annual,2024-12-31,3024000000.0,2666600000.0,357400000.0,237600000.0,119800000.0,88000000.0,65700000.0,248100000.0,2.87,2.91,
KALU,annual,2023-12-31,3087000000.0,2728200000.0,358800000.0,231300000.0,127500000.0,83000000.0,67800000.0,238500000.0,2.92,2.95,
KALU,annual,2022-12-31,3427900000.0,3180200000.0,247700000.0,221000000.0,26700000.0,-37900000.0,-29600000.0,117300000.0,-1.86,-1.86,
KALU,quarterly,2026-06-30,1256600000.0,1057600000.0,199000000.0,65300000.0,133700000.0,126300000.0,96800000.0,170400000.0,5.72,5.92,700000.0
KALU,quarterly,2026-03-31,1106800000.0,943200000.0,163600000.0,65800000.0,97800000.0,82400000.0,62500000.0,127200000.0,3.71,3.85,600000.0
KALU,quarterly,2025-12-31,929000000.0,805600000.0,123400000.0,62800000.0,60600000.0,43500000.0,28200000.0,88400000.0,1.68,1.73,
KALU,quarterly,2025-09-30,843500000.0,728800000.0,114700000.0,65900000.0,48800000.0,47800000.0,39500000.0,92200000.0,2.38,2.44,
KALU,quarterly,2025-06-30,823100000.0,722800000.0,100300000.0,62200000.0,38100000.0,29900000.0,23200000.0,72000000.0,1.41,1.44,300000.0
KDP,annual,2025-12-31,16603000000.0,7604000000.0,8999000000.0,5346000000.0,3653000000.0,2687000000.0,2079000000.0,4194000000.0,1.53,1.53,
KDP,annual,2024-12-31,15351000000.0,6822000000.0,8529000000.0,5220000000.0,3309000000.0,1914000000.0,1441000000.0,3382000000.0,1.05,1.06,
KDP,annual,2023-12-31,14814000000.0,6734000000.0,8080000000.0,4886000000.0,3194000000.0,2757000000.0,2181000000.0,3973000000.0,1.55,1.56,
KDP,annual,2022-12-31,14057000000.0,6734000000.0,7323000000.0,4540000000.0,2783000000.0,1719000000.0,1436000000.0,3121000000.0,1.01,1.01,
KDP,quarterly,2026-06-30,7309000000.0,4243000000.0,3066000000.0,2438000000.0,628000000.0,305000000.0,142000000.0,1335000000.0,0.04,0.04,
KDP,quarterly,2026-03-31,3976000000.0,1878000000.0,2098000000.0,1342000000.0,756000000.0,357000000.0,270000000.0,823000000.0,0.2,0.2,
KDP,quarterly,2025-12-31,4499000000.0,2080000000.0,2419000000.0,1460000000.0,959000000.0,457000000.0,353000000.0,894000000.0,0.26,0.26,
KDP,quarterly,2025-09-30,4306000000.0,1966000000.0,2340000000.0,1345000000.0,995000000.0,852000000.0,662000000.0,1231000000.0,0.49,0.49,
KDP,quarterly,2025-06-30,4163000000.0,1908000000.0,2255000000.0,1357000000.0,898000000.0,718000000.0,547000000.0,1098000000.0,0.4,0.4,
KGC,annual,2025-12-31,7051100000.0,3335300000.0,3715800000.0,487700000.0,3228100000.0,3194700000.0,2390100000.0,4381500000.0,1.95,1.96,
KGC,annual,2024-12-31,5148800000.0,3270500000.0,1878300000.0,378900000.0,1499400000.0,1481400000.0,948800000.0,2679400000.0,0.77,0.77,
KGC,annual,2023-12-31,4239700000.0,3080100000.0,1159600000.0,395200000.0,764400000.0,708600000.0,416300000.0,1764400000.0,0.34,0.34,
KGC,annual,2022-12-31,3455100000.0,2939700000.0,515400000.0,423200000.0,92200000.0,106700000.0,-605200000.0,958900000.0,-0.47,-0.47,
KGC,quarterly,2026-06-30,2238100000.0,950200000.0,1287900000.0,113400000.0,1174500000.0,1182000000.0,844200000.0,1465900000.0,0.71,0.71,
KGC,quarterly,2026-03-31,2407700000.0,966200000.0,1441500000.0,115200000.0,1326300000.0,1321200000.0,843000000.0,1604100000.0,0.7,0.7,
KGC,quarterly,2025-12-31,2023000000.0,784900000.0,1238100000.0,127400000.0,1110700000.0,1097600000.0,906500000.0,1386800000.0,,,
KGC,quarterly,2025-09-30,1802100000.0,884000000.0,918100000.0,120600000.0,797500000.0,841400000.0,584900000.0,1144900000.0,0.48,0.48,
KGC,quarterly,2025-06-30,1728500000.0,831300000.0,897200000.0,135100000.0,762100000.0,729500000.0,530700000.0,1012600000.0,0.43,0.43,
KHC,annual,2025-12-31,24942000000.0,16633000000.0,8309000000.0,3672000000.0,4637000000.0,-5445000000.0,-5846000000.0,-3530000000.0,-4.93,-4.93,
KHC,annual,2024-12-31,25846000000.0,16878000000.0,8968000000.0,3616000000.0,5352000000.0,856000000.0,2744000000.0,2716000000.0,2.26,2.27,
KHC,annual,2023-12-31,26640000000.0,17714000000.0,8926000000.0,3692000000.0,5234000000.0,3633000000.0,2855000000.0,5506000000.0,2.31,2.33,
KHC,annual,2022-12-31,26485000000.0,18363000000.0,8122000000.0,3575000000.0,4547000000.0,2966000000.0,2363000000.0,4820000000.0,1.91,1.93,
KHC,quarterly,2026-06-30,6262000000.0,4234000000.0,2028000000.0,1107000000.0,921000000.0,-6376000000.0,-5460000000.0,1182000000.0,-4.6,-4.6,
KHC,quarterly,2026-03-31,6047000000.0,3828000000.0,2219000000.0,1061000000.0,1158000000.0,1010000000.0,798000000.0,1491000000.0,0.67,0.67,
KHC,quarterly,2025-12-31,6354000000.0,4282000000.0,2072000000.0,983000000.0,1089000000.0,897000000.0,651000000.0,1386000000.0,0.55,0.55,
KHC,quarterly,2025-09-30,6237000000.0,4247000000.0,1990000000.0,930000000.0,1060000000.0,807000000.0,615000000.0,1292000000.0,0.52,0.52,
KHC,quarterly,2025-06-30,6352000000.0,4169000000.0,2183000000.0,891000000.0,1292000000.0,-8167000000.0,-7824000000.0,-7686000000.0,-6.6,-6.6,
KIM,annual,2025-12-31,2140116000.0,662334000.0,1477782000.0,760105000.0,717677000.0,493635000.0,584741000.0,1450921000.0,0.82,0.82,
KIM,annual,2024-12-31,2037014000.0,637653000.0,1399361000.0,741825000.0,657536000.0,351208000.0,410785000.0,1262699000.0,0.55,0.55,
KIM,annual,2023-12-31,1783400000.0,556718000.0,1226682000.0,644072000.0,582610000.0,643914000.0,654273000.0,1401380000.0,1.02,1.02,
KIM,annual,2022-12-31,1727684000.0,530907000.0,1196777000.0,624534000.0,572243000.0,44304000.0,125976000.0,776127000.0,0.16,0.16,
KIM,quarterly,2026-06-30,550801000.0,170445000.0,380356000.0,178958000.0,201398000.0,122053000.0,153294000.0,354967000.0,0.22,0.22,
KIM,quarterly,2026-03-31,,172218000.0,385798000.0,193683000.0,192115000.0,135503000.0,164898000.0,375124000.0,0.23,0.23,
KIM,quarterly,2025-12-31,,172834000.0,369622000.0,190575000.0,179047000.0,129457000.0,151163000.0,367856000.0,0.21,0.21,
KIM,quarterly,2025-09-30,,163982000.0,371879000.0,187915000.0,183964000.0,113024000.0,137775000.0,368198000.0,0.19,0.19,
KIM,quarterly,2025-06-30,,161870000.0,363305000.0,188770000.0,174535000.0,139571000.0,162986000.0,377098000.0,0.23,0.23,
KKR,annual,2025-12-31,19207544000.0,15750866000.0,3456678000.0,2966480000.0,490198000.0,7099160000.0,2370463000.0,10171075000.0,2.34,2.51,
KKR,annual,2024-12-31,21640288000.0,17798412000.0,3841876000.0,2915679000.0,926197000.0,5860433000.0,3076245000.0,9166347000.0,3.28,3.47,
KKR,annual,2023-12-31,14322870000.0,9462219000.0,4860651000.0,2722503000.0,2138148000.0,6554609000.0,3732261000.0,9500580000.0,4.09,4.24,
KKR,annual,2022-12-31,5565056000.0,3558253000.0,2006803000.0,2352381000.0,-345578000.0,-292221000.0,-521664000.0,1345738000.0,-0.79,-0.79,
KKR,quarterly,2026-06-30,5657340000.0,4588402000.0,1068938000.0,743224000.0,325714000.0,1373984000.0,700482000.0,2151368000.0,0.7,0.74,
KKR,quarterly,2026-03-31,4252726000.0,3074630000.0,1178096000.0,721624000.0,456472000.0,462890000.0,405229000.0,1214958000.0,0.38,0.41,
KKR,quarterly,2025-12-31,5685044000.0,4544090000.0,1140954000.0,784051000.0,356903000.0,2599764000.0,1145907000.0,3374410000.0,1.16,1.24,
KKR,quarterly,2025-09-30,5464926000.0,4117306000.0,1347620000.0,834901000.0,512719000.0,2199561000.0,900357000.0,2994539000.0,0.9,0.97,
KKR,quarterly,2025-06-30,5002879000.0,3950102000.0,1052777000.0,725512000.0,327265000.0,1528768000.0,510123000.0,2306989000.0,0.5,0.53,
KLAC,annual,2026-06-30,13579476000.0,5255060000.0,8324416000.0,2663636000.0,5660780000.0,5605925000.0,4830771000.0,6284343000.0,3.66,3.68,1532118000.0
KLAC,annual,2025-06-30,12156162000.0,4751867000.0,7404295000.0,2390068000.0,5014227000.0,4644448000.0,4061643000.0,5340702000.0,3.037,3.053,1360334000.0
KLAC,annual,2024-06-30,9812247000.0,3928073000.0,5884174000.0,2248490000.0,3635684000.0,3190032000.0,2761896000.0,3903015000.0,2.028,2.041,1278981000.0
KLAC,annual,2023-06-30,10496056000.0,4218307000.0,6277749000.0,2283053000.0,3994696000.0,3789190000.0,3387277000.0,4501243000.0,2.415,2.428,1296727000.0
KLAC,quarterly,2026-06-30,3657556000.0,1413108000.0,2244448000.0,690500000.0,1553948000.0,1549385000.0,1363059000.0,1721265000.0,1.04,1.04,399023000.0
KLAC,quarterly,2026-03-31,3415078000.0,1327672000.0,2087406000.0,679897000.0,1407509000.0,1416761000.0,1200990000.0,1586272000.0,0.912,0.917,388763000.0
KLAC,quarterly,2025-12-31,3297146000.0,1271210000.0,2025936000.0,663790000.0,1362146000.0,1330303000.0,1145682000.0,1499239000.0,0.868,0.873,383871000.0
KLAC,quarterly,2025-09-30,3209696000.0,1243070000.0,1966626000.0,629449000.0,1337177000.0,1309476000.0,1121040000.0,1477567000.0,0.847,0.851,360461000.0
KLAC,quarterly,2025-06-30,3174741000.0,1207286000.0,1967455000.0,615695000.0,1351760000.0,1328799000.0,1202849000.0,1498176000.0,0.906,0.911,352989000.0
KMB,annual,2025-12-31,16447000000.0,10524000000.0,5923000000.0,3572000000.0,2351000000.0,2052000000.0,2021000000.0,3113000000.0,6.07,6.09,
KMB,annual,2024-12-31,16805000000.0,10516000000.0,6289000000.0,3492000000.0,2797000000.0,2418000000.0,2545000000.0,3469000000.0,7.55,7.58,
KMB,annual,2023-12-31,17146000000.0,10877000000.0,6269000000.0,3683000000.0,2586000000.0,1606000000.0,1764000000.0,2652000000.0,5.21,5.22,
KMB,annual,2022-12-31,20175000000.0,13956000000.0,6219000000.0,3538000000.0,2681000000.0,2340000000.0,1934000000.0,3376000000.0,5.73,5.73,
KMB,quarterly,2026-06-30,4189000000.0,2586000000.0,1603000000.0,970000000.0,633000000.0,572000000.0,345000000.0,792000000.0,1.04,1.04,
KMB,quarterly,2026-03-31,4163000000.0,2629000000.0,1534000000.0,781000000.0,753000000.0,685000000.0,665000000.0,936000000.0,2.0,2.0,
KMB,quarterly,2025-12-31,4080000000.0,2615000000.0,1465000000.0,958000000.0,507000000.0,436000000.0,499000000.0,685000000.0,1.5,1.5,
KMB,quarterly,2025-09-30,4150000000.0,2657000000.0,1493000000.0,872000000.0,621000000.0,546000000.0,446000000.0,787000000.0,1.34,1.34,
KMB,quarterly,2025-06-30,4163000000.0,2707000000.0,1456000000.0,864000000.0,592000000.0,513000000.0,509000000.0,802000000.0,1.53,1.53,
KMI,annual,2025-12-31,16937000000.0,7982000000.0,8955000000.0,4231000000.0,4724000000.0,3992000000.0,3056000000.0,7177000000.0,1.370014,1.370014,
KMI,annual,2024-12-31,15100000000.0,6691000000.0,8409000000.0,4025000000.0,4384000000.0,3407000000.0,2613000000.0,6738000000.0,1.170012,1.170012,
KMI,annual,2023-12-31,15334000000.0,7188000000.0,8146000000.0,3883000000.0,4263000000.0,3201000000.0,2391000000.0,6513000000.0,1.060011,1.060011,
KMI,annual,2022-12-31,19200000000.0,11441000000.0,7759000000.0,3694000000.0,4065000000.0,3335000000.0,2548000000.0,6251000000.0,1.120011,1.120011,
KMI,quarterly,2026-06-30,4477000000.0,2025000000.0,2452000000.0,1106000000.0,1346000000.0,1166000000.0,867000000.0,1966000000.0,0.390004,0.390004,
KMI,quarterly,2026-03-31,4828000000.0,2382000000.0,2446000000.0,1002000000.0,1444000000.0,1288000000.0,976000000.0,2077000000.0,0.440004,0.440004,
KMI,quarterly,2025-12-31,4508000000.0,2065000000.0,2443000000.0,1079000000.0,1364000000.0,1305000000.0,996000000.0,1982000000.0,0.450005,0.450005,
KMI,quarterly,2025-09-30,4146000000.0,2004000000.0,2142000000.0,1079000000.0,1063000000.0,839000000.0,628000000.0,1672000000.0,0.280003,0.280003,
KMI,quarterly,2025-06-30,4042000000.0,1827000000.0,2215000000.0,1063000000.0,1152000000.0,919000000.0,715000000.0,1768000000.0,0.320003,0.320003,
KO,annual,2025-12-31,47941000000.0,18397000000.0,29544000000.0,14633000000.0,14911000000.0,15998000000.0,13107000000.0,18702000000.0,3.04,3.05,
KO,annual,2024-12-31,47061000000.0,18324000000.0,28737000000.0,14715000000.0,14022000000.0,13086000000.0,10631000000.0,15817000000.0,2.46,2.47,
KO,annual,2023-12-31,45754000000.0,18520000000.0,27234000000.0,14136000000.0,13098000000.0,12952000000.0,10714000000.0,15607000000.0,2.47,2.48,
KO,annual,2022-12-31,43004000000.0,18000000000.0,25004000000.0,12962000000.0,12042000000.0,11686000000.0,9542000000.0,13828000000.0,2.19,2.2,
KO,quarterly,2026-06-30,13380000000.0,4965000000.0,8415000000.0,3720000000.0,4695000000.0,5475000000.0,4425000000.0,6110000000.0,1.03,1.03,
KO,quarterly,2026-03-31,12472000000.0,4620000000.0,7852000000.0,3480000000.0,4372000000.0,4611000000.0,3924000000.0,5250000000.0,0.91,0.91,
KO,quarterly,2025-12-31,11822000000.0,4723000000.0,7099000000.0,4237000000.0,2862000000.0,2962000000.0,2271000000.0,3629000000.0,0.53,0.53,
KO,quarterly,2025-09-30,12455000000.0,4797000000.0,7658000000.0,3646000000.0,4012000000.0,4183000000.0,3696000000.0,4842000000.0,0.86,0.86,
KO,quarterly,2025-06-30,12535000000.0,4714000000.0,7821000000.0,3470000000.0,4351000000.0,4796000000.0,3810000000.0,5520000000.0,0.88,0.89,
KR,annual,2026-01-31,147642000000.0,113240000000.0,34402000000.0,32512000000.0,1890000000.0,1200000000.0,1016000000.0,5759000000.0,1.54,1.55,
KR,annual,2025-01-31,147123000000.0,113720000000.0,33403000000.0,29554000000.0,3849000000.0,3342000000.0,2665000000.0,7641000000.0,3.67,3.7,
KR,annual,2024-01-31,150039000000.0,116675000000.0,33364000000.0,30268000000.0,3096000000.0,2836000000.0,2164000000.0,7027000000.0,2.96,2.99,
KR,annual,2023-01-31,148258000000.0,116480000000.0,31778000000.0,27652000000.0,4126000000.0,2902000000.0,2244000000.0,7016000000.0,3.06,3.1,
KR,quarterly,2026-04-30,46121000000.0,35493000000.0,10628000000.0,9221000000.0,1407000000.0,1177000000.0,903000000.0,2554000000.0,1.46,1.46,
KR,quarterly,2026-01-31,34725000000.0,26602000000.0,8123000000.0,6877000000.0,1246000000.0,1116000000.0,861000000.0,2122000000.0,1.35,1.36,
KR,quarterly,2025-10-31,33859000000.0,25957000000.0,7902000000.0,9443000000.0,-1541000000.0,-1790000000.0,-1320000000.0,-728000000.0,-2.02,-2.02,
KR,quarterly,2025-07-31,33940000000.0,26130000000.0,7810000000.0,6947000000.0,863000000.0,772000000.0,609000000.0,1828000000.0,0.91,0.91,
KR,quarterly,2025-04-30,45118000000.0,34551000000.0,10567000000.0,9245000000.0,1322000000.0,1103000000.0,866000000.0,2537000000.0,1.29,1.3,
KTOS,annual,2025-12-31,1346800000.0,1038900000.0,307900000.0,280200000.0,27700000.0,34000000.0,22000000.0,102900000.0,0.13,0.14,40000000.0
KTOS,annual,2024-12-31,1136300000.0,849100000.0,287200000.0,257500000.0,29700000.0,26500000.0,16300000.0,93600000.0,0.11,0.11,40300000.0
KTOS,annual,2023-12-31,1037100000.0,768500000.0,268600000.0,237100000.0,31500000.0,11100000.0,-8900000.0,77500000.0,-0.07,-0.07,38400000.0
KTOS,annual,2022-12-31,898300000.0,672300000.0,226000000.0,221400000.0,4600000.0,-33000000.0,-36900000.0,26200000.0,-0.29,-0.29,38600000.0
KTOS,quarterly,2026-06-30,458800000.0,358700000.0,100100000.0,100900000.0,-800000.0,7000000.0,4400000.0,24800000.0,0.02,0.02,13600000.0
KTOS,quarterly,2026-03-31,371000000.0,281400000.0,89600000.0,83000000.0,6600000.0,9800000.0,11900000.0,26800000.0,0.07,0.07,10700000.0
KTOS,quarterly,2025-12-31,345100000.0,261700000.0,83400000.0,73300000.0,10100000.0,12100000.0,5900000.0,42200000.0,0.03,0.03,9800000.0
KTOS,quarterly,2025-09-30,347600000.0,270500000.0,77100000.0,69800000.0,7300000.0,11900000.0,8700000.0,22200000.0,0.05,0.05,10000000.0
KTOS,quarterly,2025-06-30,351500000.0,277700000.0,73800000.0,70100000.0,3700000.0,4600000.0,2900000.0,18500000.0,0.02,0.02,10200000.0
LAMR,annual,2025-12-31,2266214000.0,746858000.0,1519356000.0,821238000.0,698118000.0,614395000.0,587152000.0,1101169000.0,5.77,5.78,
LAMR,annual,2024-12-31,2207103000.0,727875000.0,1479228000.0,953245000.0,525983000.0,367470000.0,361867000.0,1002146000.0,3.52,3.54,
LAMR,annual,2023-12-31,2110987000.0,696799000.0,1414188000.0,744228000.0,669960000.0,506618000.0,495763000.0,974553000.0,4.85,4.86,
LAMR,annual,2022-12-31,2032140000.0,667288000.0,1364852000.0,802572000.0,562280000.0,456099000.0,438647000.0,933058000.0,4.31,4.32,
LAMR,quarterly,2026-06-30,616749000.0,194223000.0,422526000.0,217251000.0,205275000.0,167383000.0,160749000.0,292934000.0,1.58,1.58,
LAMR,quarterly,2026-03-31,528004000.0,183315000.0,344689000.0,211228000.0,133461000.0,105895000.0,101287000.0,228373000.0,1.0,1.0,
LAMR,quarterly,2025-12-31,595932000.0,192369000.0,403563000.0,207327000.0,196236000.0,156577000.0,152289000.0,280923000.0,1.5,1.5,
LAMR,quarterly,2025-09-30,585541000.0,187716000.0,397825000.0,210896000.0,186929000.0,146641000.0,141753000.0,274106000.0,1.4,1.4,
LAMR,quarterly,2025-06-30,579311000.0,186776000.0,392535000.0,199030000.0,193505000.0,157404000.0,154355000.0,276214000.0,1.52,1.52,
LASR,annual,2025-12-31,261330000.0,183367000.0,77963000.0,102165000.0,-24202000.0,-22768000.0,-23467000.0,-7427000.0,-0.47,-0.47,47972000.0
LASR,annual,2024-12-31,198548000.0,165529000.0,33019000.0,94364000.0,-61345000.0,-60868000.0,-60792000.0,-43167000.0,-1.27,-1.27,45107000.0
LASR,annual,2023-12-31,209921000.0,163808000.0,46113000.0,92062000.0,-45949000.0,-42648000.0,-41670000.0,-26551000.0,-0.9,-0.9,46163000.0
LASR,annual,2022-12-31,242058000.0,191237000.0,50821000.0,102031000.0,-51210000.0,-54235000.0,-54579000.0,-35511000.0,-1.23,-1.23,53773000.0
LASR,quarterly,2026-06-30,82591000.0,56866000.0,25725000.0,29292000.0,-3567000.0,-1264000.0,-1339000.0,2275000.0,-0.02,-0.02,13130000.0
LASR,quarterly,2026-03-31,80181000.0,53668000.0,26513000.0,26937000.0,-424000.0,698000.0,645000.0,4367000.0,0.01,0.01,11846000.0
LASR,quarterly,2025-12-31,81185000.0,56231000.0,24954000.0,29744000.0,-4790000.0,-4637000.0,-4909000.0,-447000.0,-0.1,-0.1,14052000.0
LASR,quarterly,2025-09-30,66742000.0,45989000.0,20753000.0,26319000.0,-5566000.0,-6601000.0,-6874000.0,-2971000.0,-0.14,-0.14,11534000.0
LASR,quarterly,2025-06-30,61735000.0,43278000.0,18457000.0,22693000.0,-4236000.0,-3574000.0,-3591000.0,229000.0,-0.07,-0.07,11012000.0
LAZ,annual,2025-12-31,3147974000.0,2085384000.0,1062590000.0,685865000.0,376725000.0,327598000.0,236831000.0,449406000.0,2.17,2.37,
LAZ,annual,2024-12-31,3086300000.0,2003212000.0,1083088000.0,662153000.0,420935000.0,386472000.0,279912000.0,510820000.0,2.68,2.93,
LAZ,annual,2023-12-31,2551140000.0,1946010000.0,605130000.0,649436000.0,-44306000.0,-79957000.0,-75479000.0,40569000.0,-0.9,-0.9,
LAZ,annual,2022-12-31,2825636000.0,1656451000.0,1169185000.0,600272000.0,568913000.0,516848000.0,357517000.0,640706000.0,3.51,3.68,
LAZ,quarterly,2026-06-30,,,,,,,,,0.03,0.03,
LAZ,quarterly,2026-03-31,771587000.0,491894000.0,279693000.0,175114000.0,104579000.0,89574000.0,100916000.0,120208000.0,0.91,0.98,
LAZ,quarterly,2025-12-31,919415000.0,637694000.0,281721000.0,184075000.0,97646000.0,84952000.0,49863000.0,116249000.0,0.45,0.49,
LAZ,quarterly,2025-09-30,763104000.0,498212000.0,264892000.0,154936000.0,109956000.0,94930000.0,71247000.0,126095000.0,0.65,0.71,
LAZ,quarterly,2025-06-30,807953000.0,519208000.0,288745000.0,183708000.0,105037000.0,93081000.0,55346000.0,122871000.0,0.52,0.56,
LCID,annual,2025-12-31,1353790000.0,2610176000.0,-1256386000.0,2245367000.0,-3501753000.0,-2700384000.0,-2698051000.0,-2154040000.0,-12.09,-11.81,1211397000.0
LCID,annual,2024-12-31,807832000.0,1730943000.0,-923111000.0,2077405000.0,-3000516000.0,-2712743000.0,-2713942000.0,-2384483000.0,-12.5,-12.5,1176453000.0
LCID,annual,2023-12-31,595271000.0,1936066000.0,-1340795000.0,1734247000.0,-3075042000.0,-2827394000.0,-2828420000.0,-2568948000.0,-13.6,-13.6,937012000.0
LCID,annual,2022-12-31,608181000.0,1646086000.0,-1037905000.0,1556086000.0,-2593991000.0,-1304081000.0,-1304460000.0,-1086902000.0,-15.1,-7.8,821512000.0
LCID,quarterly,2026-06-30,405347000.0,832072000.0,-426725000.0,621768000.0,-1048493000.0,-1033801000.0,-1034851000.0,-863762000.0,-3.3,-3.3,321336000.0
LCID,quarterly,2026-03-31,282465000.0,594170000.0,-311705000.0,639846000.0,-951551000.0,-1028167000.0,-1028344000.0,-870682000.0,-3.46,-3.46,335670000.0
LCID,quarterly,2025-12-31,522730000.0,944636000.0,-421906000.0,642848000.0,-1064754000.0,-812258000.0,-814020000.0,-656254000.0,-3.62,-3.62,361007000.0
LCID,quarterly,2025-09-30,336580000.0,670197000.0,-333617000.0,608402000.0,-942019000.0,-978791000.0,-978428000.0,-833130000.0,-3.31,-3.31,325305000.0
LCID,quarterly,2025-06-30,259432000.0,531783000.0,-272351000.0,530696000.0,-803047000.0,-541801000.0,-539432000.0,-406964000.0,-2.8,-2.4,273839000.0
LEA,annual,2025-12-31,23259100000.0,21754700000.0,1504400000.0,727100000.0,777300000.0,625100000.0,436800000.0,1330000000.0,8.15,8.624443,
LEA,annual,2024-12-31,23306000000.0,21666700000.0,1639300000.0,751600000.0,887700000.0,732900000.0,506600000.0,1459800000.0,8.97,9.455452,
LEA,annual,2023-12-31,23466900000.0,21756500000.0,1710400000.0,777200000.0,933200000.0,777200000.0,572500000.0,1482700000.0,9.68,10.047573,
LEA,annual,2022-12-31,20891500000.0,19481600000.0,1409900000.0,755600000.0,654300000.0,509300000.0,327700000.0,1184400000.0,5.47,5.546886,
LEA,quarterly,2026-06-30,6209400000.0,5739100000.0,470300000.0,202400000.0,267900000.0,240900000.0,192800000.0,415700000.0,3.79,3.84868,
LEA,quarterly,2026-03-31,5822800000.0,5372500000.0,450300000.0,195300000.0,255000000.0,216700000.0,172300000.0,392200000.0,3.34,3.403325,
LEA,quarterly,2025-12-31,5988600000.0,5646200000.0,342400000.0,187300000.0,155100000.0,112800000.0,82700000.0,293700000.0,1.58,1.632879,
LEA,quarterly,2025-09-30,5679800000.0,5316100000.0,363700000.0,171200000.0,192500000.0,159400000.0,108200000.0,336300000.0,2.02,2.069968,
LEA,quarterly,2025-06-30,6030400000.0,5591300000.0,439100000.0,191000000.0,248100000.0,217500000.0,165200000.0,391100000.0,3.06,3.10498,
LEGN,annual,2025-12-31,1028900000.0,408100000.0,620800000.0,757300000.0,-136500000.0,-282600000.0,-296800000.0,-232300000.0,-1.62,-1.62,414700000.0
LEGN,annual,2024-12-31,627300000.0,234600000.0,392700000.0,702200000.0,-309500000.0,-158100000.0,-177000000.0,-115100000.0,-0.96,-0.96,413500000.0
LEGN,annual,2023-12-31,285100000.0,144200000.0,140900000.0,669000000.0,-528100000.0,-520200000.0,-518300000.0,-479900000.0,-2.94,-2.94,382200000.0
LEGN,annual,2022-12-31,117005000.0,65363000.0,51642000.0,507262000.0,-455620000.0,-445724000.0,-446349000.0,-416536000.0,-2.8,-2.8,335648000.0
LEGN,quarterly,2026-06-30,387500000.0,137400000.0,250100000.0,192400000.0,57700000.0,55500000.0,33200000.0,73000000.0,0.18,0.18,96000000.0
LEGN,quarterly,2026-03-31,305100000.0,175900000.0,129200000.0,179000000.0,-49800000.0,-53100000.0,-54300000.0,-32000000.0,-0.3,-0.3,85700000.0
LEGN,quarterly,2025-12-31,306377000.0,123459000.0,182918000.0,203520000.0,-20602000.0,-19599000.0,-30815000.0,-2150000.0,-0.16,-0.16,101326000.0
LEGN,quarterly,2025-09-30,272330000.0,115306000.0,157024000.0,200476000.0,-43452000.0,-39073000.0,-39689000.0,-27405000.0,-0.22,-0.22,113148000.0
LEGN,quarterly,2025-06-30,255100000.0,98000000.0,157100000.0,179000000.0,-21900000.0,-124800000.0,-125400000.0,-113800000.0,-0.68,-0.68,98300000.0
LEN,annual,2025-11-30,34186934000.0,30799809000.0,3387125000.0,636718000.0,2750407000.0,2813863000.0,2078179000.0,2884717000.0,7.98,7.98,
LEN,annual,2024-11-30,35441452000.0,29942493000.0,5498959000.0,648986000.0,4849973000.0,5184908000.0,3932533000.0,4965501000.0,14.31,14.31,
LEN,annual,2023-11-30,34233366000.0,28292382000.0,5940984000.0,501338000.0,5439646000.0,5202304000.0,3938511000.0,5549810000.0,13.73,13.73,
LEN,annual,2022-11-30,33671010000.0,26468866000.0,7202144000.0,414498000.0,6787646000.0,6014566000.0,4614125000.0,6874721000.0,15.72,15.74,
LEN,quarterly,2026-05-31,7939872000.0,7384908000.0,554964000.0,136149000.0,418815000.0,413187000.0,304772000.0,454135000.0,1.24,1.24,
LEN,quarterly,2026-02-28,6619476000.0,6228774000.0,390702000.0,157638000.0,233064000.0,302453000.0,229383000.0,266452000.0,0.93,0.93,
LEN,quarterly,2025-11-30,9367609000.0,8538560000.0,829049000.0,162090000.0,666959000.0,683041000.0,490237000.0,701943000.0,1.93,1.93,
LEN,quarterly,2025-08-31,8810278000.0,7917683000.0,892595000.0,171397000.0,721198000.0,790703000.0,590967000.0,755367000.0,2.29,2.29,
LEN,quarterly,2025-05-31,8377502000.0,7573072000.0,804430000.0,155853000.0,648577000.0,641881000.0,477449000.0,682402000.0,1.81,1.81,
LEU,annual,2025-12-31,448700000.0,331200000.0,117500000.0,67300000.0,50200000.0,85900000.0,77800000.0,109800000.0,3.9,4.33,
LEU,annual,2024-12-31,442000000.0,330500000.0,111500000.0,63500000.0,48000000.0,73000000.0,73200000.0,86500000.0,4.47,4.49,
LEU,annual,2023-12-31,320200000.0,208100000.0,112100000.0,59700000.0,52400000.0,84500000.0,84400000.0,92900000.0,5.44,5.55,
LEU,annual,2022-12-31,293800000.0,175900000.0,117900000.0,57700000.0,60200000.0,67800000.0,52200000.0,77900000.0,3.38,3.47,
LEU,quarterly,2026-06-30,176100000.0,126200000.0,49900000.0,39500000.0,10400000.0,21600000.0,16800000.0,28700000.0,0.77,0.85,
LEU,quarterly,2026-03-31,76700000.0,45200000.0,31500000.0,30700000.0,800000.0,12500000.0,10000000.0,18700000.0,0.51,0.51,
LEU,quarterly,2025-12-31,146200000.0,111200000.0,35000000.0,22200000.0,12800000.0,21300000.0,17800000.0,28400000.0,0.79,0.94,
LEU,quarterly,2025-09-30,74900000.0,79200000.0,-4300000.0,12300000.0,-16600000.0,-8000000.0,3900000.0,-3100000.0,0.19,0.21,
LEU,quarterly,2025-06-30,154500000.0,100600000.0,53900000.0,20400000.0,33500000.0,37400000.0,28900000.0,44400000.0,1.59,1.63,
LHX,annual,2025-12-31,21865000000.0,16240000000.0,5625000000.0,3475000000.0,2150000000.0,1932000000.0,1606000000.0,3753000000.0,8.53,8.57,536000000.0
LHX,annual,2024-12-31,21325000000.0,15801000000.0,5524000000.0,3509000000.0,2015000000.0,1597000000.0,1502000000.0,3561000000.0,7.87,7.91,515000000.0
LHX,annual,2023-12-31,19419000000.0,14306000000.0,5113000000.0,3313000000.0,1800000000.0,1221000000.0,1227000000.0,2930000000.0,6.44,6.47,480000000.0
LHX,annual,2022-12-31,17062000000.0,12135000000.0,4927000000.0,2998000000.0,1929000000.0,1273000000.0,1062000000.0,2490000000.0,5.49,5.54,603000000.0
LHX,quarterly,2026-06-30,5881000000.0,4379000000.0,1502000000.0,838000000.0,664000000.0,710000000.0,586000000.0,1127000000.0,3.13,3.15,160000000.0
LHX,quarterly,2026-03-31,5744000000.0,4342000000.0,1402000000.0,760000000.0,642000000.0,589000000.0,512000000.0,1007000000.0,2.72,2.74,146000000.0
LHX,quarterly,2025-12-31,5648000000.0,4202000000.0,1446000000.0,1070000000.0,376000000.0,382000000.0,300000000.0,836000000.0,1.59,1.6,155000000.0
LHX,quarterly,2025-09-30,5659000000.0,4165000000.0,1494000000.0,863000000.0,631000000.0,567000000.0,462000000.0,1028000000.0,2.46,2.47,137000000.0
LHX,quarterly,2025-06-30,5426000000.0,4091000000.0,1335000000.0,751000000.0,584000000.0,524000000.0,458000000.0,979000000.0,2.44,2.45,131000000.0
LII,annual,2025-12-31,5195300000.0,3460500000.0,1734800000.0,681600000.0,1053200000.0,996800000.0,805800000.0,1155700000.0,22.79,22.89,
LII,annual,2024-12-31,5341300000.0,3563800000.0,1777500000.0,731100000.0,1046400000.0,999400000.0,811100000.0,1138600000.0,22.54,22.67,
LII,annual,2023-12-31,4981900000.0,3432700000.0,1549200000.0,703900000.0,845300000.0,738900000.0,591200000.0,880900000.0,16.54,16.61,
LII,annual,2022-12-31,4718400000.0,3433700000.0,1284700000.0,626200000.0,658500000.0,615800000.0,497100000.0,733500000.0,13.88,13.92,
LII,quarterly,2026-06-30,1545300000.0,1005800000.0,539500000.0,183100000.0,356400000.0,339600000.0,269000000.0,386900000.0,7.72,7.75,
LII,quarterly,2026-03-31,1135100000.0,783800000.0,351300000.0,185200000.0,166100000.0,146900000.0,117200000.0,191300000.0,3.35,3.37,
LII,quarterly,2025-12-31,1195000000.0,779800000.0,415200000.0,175600000.0,239600000.0,204600000.0,162100000.0,259100000.0,4.07,4.08,
LII,quarterly,2025-09-30,1426800000.0,958200000.0,468600000.0,161600000.0,307000000.0,298800000.0,245800000.0,336300000.0,6.98,7.01,
LII,quarterly,2025-06-30,1500900000.0,983400000.0,517500000.0,173300000.0,344200000.0,340000000.0,273900000.0,375100000.0,7.71,7.75,
LIN,annual,2025-12-31,33986000000.0,17389000000.0,16597000000.0,7343000000.0,9254000000.0,8897000000.0,6898000000.0,13124000000.0,14.61,14.69,147000000.0
LIN,annual,2024-12-31,33005000000.0,17143000000.0,15862000000.0,7267000000.0,8595000000.0,8569000000.0,6565000000.0,12836000000.0,13.62,13.71,150000000.0
LIN,annual,2023-12-31,32854000000.0,17492000000.0,15362000000.0,7257000000.0,8105000000.0,7988000000.0,6199000000.0,12217000000.0,12.59,12.7,146000000.0
LIN,annual,2022-12-31,33364000000.0,19450000000.0,13914000000.0,7454000000.0,6460000000.0,5543000000.0,4147000000.0,9962000000.0,8.23,8.3,143000000.0
LIN,quarterly,2026-06-30,9289000000.0,4861000000.0,4428000000.0,1891000000.0,2537000000.0,2546000000.0,1928000000.0,3570000000.0,4.15,4.17,37000000.0
LIN,quarterly,2026-03-31,8781000000.0,4523000000.0,4258000000.0,1882000000.0,2376000000.0,2431000000.0,1857000000.0,3444000000.0,3.98,4.0,38000000.0
LIN,quarterly,2025-12-31,8764000000.0,4547000000.0,4217000000.0,1865000000.0,2352000000.0,2011000000.0,1530000000.0,3234000000.0,3.26,3.28,35000000.0
LIN,quarterly,2025-09-30,8615000000.0,4379000000.0,4236000000.0,1894000000.0,2342000000.0,2360000000.0,1929000000.0,3385000000.0,4.09,4.11,36000000.0
LIN,quarterly,2025-06-30,8495000000.0,4306000000.0,4189000000.0,1850000000.0,2339000000.0,2346000000.0,1766000000.0,3355000000.0,3.73,3.75,38000000.0
LITE,annual,2026-06-30,3014000000.0,1758100000.0,1255900000.0,719700000.0,536200000.0,-7172800000.0,-6935100000.0,-6884000000.0,-92.96,-92.96,356500000.0
LITE,annual,2025-06-30,1645000000.0,1185100000.0,459900000.0,652100000.0,-192200000.0,-172100000.0,25900000.0,106800000.0,0.37,0.38,303900000.0
LITE,annual,2024-06-30,1359200000.0,1107700000.0,251500000.0,612900000.0,-361400000.0,-405700000.0,-546500000.0,-81600000.0,-8.12,-8.12,302200000.0
LITE,annual,2023-06-30,1767000000.0,1198000000.0,569000000.0,656600000.0,-87600000.0,-102400000.0,-131600000.0,188700000.0,-1.93,-1.93,307800000.0
LITE,quarterly,2026-06-30,1006300000.0,529000000.0,477300000.0,195600000.0,281700000.0,-7458300000.0,-7161700000.0,-7381100000.0,-84.65,-84.65,104400000.0
LITE,quarterly,2026-03-31,808400000.0,451400000.0,357000000.0,181400000.0,175600000.0,183800000.0,144200000.0,256600000.0,1.5,1.99,90600000.0
LITE,quarterly,2025-12-31,665500000.0,425400000.0,240100000.0,176200000.0,63900000.0,96500000.0,78200000.0,167400000.0,0.89,1.1,80100000.0
LITE,quarterly,2025-09-30,533800000.0,352300000.0,181500000.0,166500000.0,15000000.0,5200000.0,4200000.0,73100000.0,0.05,0.06,81400000.0
LITE,quarterly,2025-06-30,480700000.0,320800000.0,159900000.0,163100000.0,-3200000.0,-11400000.0,213300000.0,55100000.0,2.96,3.06,79500000.0
LLY,annual,2025-12-31,65179000000.0,11052000000.0,54127000000.0,24431000000.0,29696000000.0,25731000000.0,20640000000.0,31693000000.0,22.95,23.066607,13337000000.0
LLY,annual,2024-12-31,45043000000.0,8418000000.0,36625000000.0,19585000000.0,17040000000.0,12680000000.0,10590000000.0,18807000000.0,11.71,11.798943,10991000000.0
LLY,annual,2023-12-31,34124000000.0,7082000000.0,27042000000.0,16717000000.0,10325000000.0,6554000000.0,5240000000.0,11852000000.0,5.8,5.826687,9313000000.0
LLY,annual,2022-12-31,28541400000.0,6629800000.0,21911600000.0,13631200000.0,8280400000.0,6806400000.0,6244800000.0,8660500000.0,6.572215,6.572215,7190800000.0
LLY,quarterly,2026-06-30,22974000000.0,3268000000.0,19706000000.0,7249000000.0,12457000000.0,9247000000.0,7095000000.0,12991000000.0,7.94,7.958497,3819000000.0
LLY,quarterly,2026-03-31,19799000000.0,3577000000.0,16222000000.0,6444000000.0,9778000000.0,8850000000.0,7396000000.0,10287000000.0,8.26,8.27756,3510000000.0
LLY,quarterly,2025-12-31,19292000000.0,3371700000.0,15920300000.0,6932900000.0,8987400000.0,8266200000.0,6637700000.0,12144500000.0,7.39,7.416182,3801500000.0
LLY,quarterly,2025-09-30,17600800000.0,3008300000.0,14592500000.0,6206400000.0,8386100000.0,7232400000.0,5582500000.0,7882300000.0,6.21,6.231575,3465700000.0
LLY,quarterly,2025-06-30,15558000000.0,2448000000.0,13110000000.0,6089000000.0,7021000000.0,6777000000.0,5661000000.0,7499000000.0,6.29,6.3,3336000000.0
LMT,annual,2025-12-31,75048000000.0,67429000000.0,7619000000.0,-112000000.0,7731000000.0,5922000000.0,5017000000.0,8727000000.0,21.49,21.56,
LMT,annual,2024-12-31,71043000000.0,64113000000.0,6930000000.0,-83000000.0,7013000000.0,6220000000.0,5336000000.0,8815000000.0,22.31,22.39,
LMT,annual,2023-12-31,67571000000.0,59092000000.0,8479000000.0,-28000000.0,8507000000.0,8098000000.0,6920000000.0,10444000000.0,27.55,27.65,
LMT,annual,2022-12-31,65984000000.0,57697000000.0,8287000000.0,-61000000.0,8348000000.0,6680000000.0,5732000000.0,8707000000.0,21.66,21.74,
LMT,quarterly,2026-06-30,20063000000.0,17617000000.0,2446000000.0,-33000000.0,2479000000.0,2178000000.0,1836000000.0,2844000000.0,7.94,7.98,
LMT,quarterly,2026-03-31,18021000000.0,15943000000.0,2078000000.0,15000000.0,2063000000.0,1774000000.0,1488000000.0,2441000000.0,6.44,6.47,
LMT,quarterly,2025-12-31,20321000000.0,17999000000.0,2322000000.0,-9000000.0,2331000000.0,1531000000.0,1344000000.0,2284000000.0,5.8,5.82,
LMT,quarterly,2025-09-30,18609000000.0,16369000000.0,2240000000.0,-40000000.0,2280000000.0,1938000000.0,1619000000.0,2652000000.0,6.95,6.98,
LMT,quarterly,2025-06-30,18155000000.0,17421000000.0,734000000.0,-14000000.0,748000000.0,417000000.0,342000000.0,1090000000.0,1.46,1.46,
LNC,annual,2025-12-31,18342000000.0,,,17004000000.0,1565000000.0,1338000000.0,1177000000.0,,5.83,5.944171,
LNC,annual,2024-12-31,17989000000.0,,,13967000000.0,4358000000.0,4022000000.0,3275000000.0,,18.41,18.66354,
LNC,annual,2023-12-31,11711000000.0,,,12859000000.0,-817000000.0,-1148000000.0,-752000000.0,,-4.92,-4.917453,
LNC,annual,2022-12-31,18929000000.0,,,17204000000.0,2008000000.0,1725000000.0,1358000000.0,,7.78,7.93,
LNC,quarterly,2026-06-30,4574000000.0,,,2931000000.0,1725000000.0,1643000000.0,1332000000.0,,6.72,6.85,
LNC,quarterly,2026-03-31,5323000000.0,,,5569000000.0,-165000000.0,-246000000.0,-172000000.0,,-1.1,-1.08,
LNC,quarterly,2025-12-31,4970000000.0,,,4055000000.0,996000000.0,915000000.0,754000000.0,,3.8,3.888017,
LNC,quarterly,2025-09-30,4591000000.0,,,4067000000.0,603000000.0,524000000.0,445000000.0,,2.12,2.154088,
LNC,quarterly,2025-06-30,4065000000.0,,,3217000000.0,,848000000.0,699000000.0,,3.8,3.882619,
LNG,annual,2025-12-31,19976000000.0,10445000000.0,9531000000.0,419000000.0,9112000000.0,8282000000.0,5330000000.0,10559000000.0,24.13,24.19,
LNG,annual,2024-12-31,15703000000.0,9098000000.0,6605000000.0,477000000.0,6128000000.0,5303000000.0,3252000000.0,7533000000.0,14.2,14.24,
LNG,annual,2023-12-31,20394000000.0,4387000000.0,16007000000.0,518000000.0,15489000000.0,14578000000.0,9881000000.0,16915000000.0,40.72,40.99,
LNG,annual,2022-12-31,33428000000.0,28432000000.0,4996000000.0,437000000.0,4559000000.0,3094000000.0,1428000000.0,5619000000.0,5.64,5.69,16000000.0
LNG,annual,2021-12-31,,,,,,,,,,,7000000.0
LNG,quarterly,2026-06-30,5732000000.0,1352000000.0,4380000000.0,90000000.0,4290000000.0,4008000000.0,3068000000.0,4675000000.0,14.65,14.68,
LNG,quarterly,2026-03-31,5868000000.0,9216000000.0,-3348000000.0,140000000.0,-3488000000.0,-3753000000.0,-3502000000.0,-3125000000.0,-16.65,-16.65,
LNG,quarterly,2025-12-31,5450000000.0,1549000000.0,3901000000.0,97000000.0,3804000000.0,3571000000.0,2302000000.0,4167000000.0,10.68,10.71,
LNG,quarterly,2025-09-30,4441000000.0,2535000000.0,1906000000.0,89000000.0,1817000000.0,1599000000.0,1049000000.0,2173000000.0,4.75,4.76,
LNG,quarterly,2025-06-30,4641000000.0,2005000000.0,2636000000.0,106000000.0,2530000000.0,2323000000.0,1626000000.0,2889000000.0,7.3,7.32,
LOW,annual,2026-01-31,86286000000.0,57401000000.0,28885000000.0,18732000000.0,10153000000.0,8747000000.0,6654000000.0,12468000000.0,11.85,11.87,
LOW,annual,2025-01-31,83674000000.0,55797000000.0,27877000000.0,17411000000.0,10466000000.0,9153000000.0,6957000000.0,12597000000.0,12.23,12.25,
LOW,annual,2024-01-31,86377000000.0,57533000000.0,28844000000.0,17287000000.0,11557000000.0,10175000000.0,7726000000.0,13581000000.0,13.2,13.23,
LOW,annual,2023-01-31,97059000000.0,64802000000.0,32257000000.0,22098000000.0,10159000000.0,9036000000.0,6437000000.0,12177000000.0,10.17,10.2,
LOW,quarterly,2026-07-31,25956000000.0,17379000000.0,8577000000.0,5028000000.0,3549000000.0,3175000000.0,2399000000.0,4215000000.0,4.27,4.28,
LOW,quarterly,2026-04-30,23078000000.0,15535000000.0,7543000000.0,4989000000.0,2554000000.0,2155000000.0,1628000000.0,3207000000.0,2.9,2.9,
LOW,quarterly,2026-01-31,20585000000.0,13904000000.0,6681000000.0,4973000000.0,1708000000.0,1304000000.0,1000000000.0,2358000000.0,1.78,1.78,
LOW,quarterly,2025-10-31,20813000000.0,13697000000.0,7116000000.0,4635000000.0,2481000000.0,2129000000.0,1616000000.0,3057000000.0,2.88,2.88,
LOW,quarterly,2025-07-31,23959000000.0,15858000000.0,8101000000.0,4632000000.0,3469000000.0,3156000000.0,2398000000.0,4026000000.0,4.27,4.28,
LPTH,annual,2025-06-30,37202630.0,27072516.0,10130114.0,20293216.0,-10163102.0,-14835392.0,-14873182.0,-6135942.0,-0.36,-0.36,3063772.0
LPTH,annual,2024-06-30,31726192.0,23094946.0,8631246.0,16333326.0,-7702080.0,-7939856.0,-8007346.0,-3575001.0,-0.21,-0.21,2400420.0
LPTH,annual,2023-06-30,32933949.0,21859126.0,11074823.0,14707737.0,-3632914.0,-3812837.0,-4046871.0,-433375.0,-0.13,-0.13,2145413.0
LPTH,annual,2022-06-30,35559160.0,23744524.0,11814636.0,14432635.0,-2617999.0,-2679274.0,-3542181.0,1177179.0,-0.13,-0.13,2085686.0
LPTH,quarterly,2026-03-31,19149814.0,12193531.0,6956283.0,7815325.0,-859042.0,-4014897.0,-4106287.0,403963.0,-0.07,-0.07,1041794.0
LPTH,quarterly,2025-12-31,16351652.0,10331322.0,6020330.0,7058816.0,-1038486.0,-9374853.0,-9405409.0,-7854092.0,-0.2,-0.2,748829.0
LPTH,quarterly,2025-09-30,15058281.0,10575709.0,4482572.0,5701822.0,-1219250.0,-2811732.0,-2893002.0,-1323931.0,-0.07,-0.07,867428.0
LPTH,quarterly,2025-06-30,12209793.0,9519040.0,2690753.0,5749924.0,-3059171.0,-7178382.0,-7055980.0,-6072927.0,-0.16,-0.16,1064997.0
LPTH,quarterly,2025-03-31,9167627.0,6503526.0,2664101.0,5985322.0,-3321221.0,-3482429.0,-3582460.0,-1532446.0,-0.09,-0.09,757938.0
LRCX,annual,2026-06-30,23232690000.0,11507382000.0,11725308000.0,3525513000.0,8199795000.0,8262473000.0,7265396000.0,8860890000.0,5.76,5.79,2375873000.0
LRCX,annual,2025-06-30,18435591000.0,9456532000.0,8979059000.0,3078091000.0,5900968000.0,5958129000.0,5358217000.0,6522609000.0,4.15,4.17,2096387000.0
LRCX,annual,2024-06-30,14905386000.0,7852595000.0,7052791000.0,2770691000.0,4282100000.0,4360222000.0,3827772000.0,4905157000.0,2.9,2.913,1902444000.0
LRCX,annual,2023-06-30,17428516000.0,9651591000.0,7776925000.0,2559915000.0,5217010000.0,5109210000.0,4510931000.0,5638104000.0,3.321,3.33,1727162000.0
LRCX,quarterly,2026-06-30,6722238000.0,3243498000.0,3478740000.0,965252000.0,2513488000.0,2555142000.0,2277282000.0,2708987000.0,1.81,1.82,642922000.0
LRCX,quarterly,2026-03-31,5841488000.0,2930961000.0,2910527000.0,863511000.0,2047016000.0,2011556000.0,1825460000.0,2167211000.0,1.45,1.46,583200000.0
LRCX,quarterly,2025-12-31,5344791000.0,2693629000.0,2651162000.0,840959000.0,1810203000.0,1836613000.0,1593994000.0,1981414000.0,1.26,1.27,573305000.0
LRCX,quarterly,2025-09-30,5324173000.0,2639294000.0,2684879000.0,855791000.0,1829088000.0,1859162000.0,1568660000.0,2003278000.0,1.24,1.24,576446000.0
LRCX,quarterly,2025-06-30,5171393000.0,2581684000.0,2589709000.0,848581000.0,1741128000.0,1778981000.0,1720088000.0,1920194000.0,1.35,1.35,580178000.0
LRN,annual,2026-06-30,2518081000.0,1567481000.0,950600000.0,499833000.0,450767000.0,441162000.0,338192000.0,579502000.0,7.14,7.92,
LRN,annual,2025-06-30,2405317000.0,1461398000.0,943919000.0,524347000.0,419572000.0,383219000.0,287941000.0,508392000.0,5.95,6.69,
LRN,annual,2024-06-30,2040069000.0,1276466000.0,763603000.0,514003000.0,249600000.0,267688000.0,204183000.0,386183000.0,4.69,4.79,
LRN,annual,2023-06-30,1837358000.0,1190288000.0,647070000.0,481571000.0,165499000.0,172547000.0,126867000.0,291309000.0,2.97,3.0,
LRN,quarterly,2026-06-30,636064000.0,418782000.0,217282000.0,111430000.0,105852000.0,104325000.0,81388000.0,140993000.0,1.75,1.93,
LRN,quarterly,2026-03-31,629873000.0,398308000.0,231565000.0,102485000.0,129080000.0,120741000.0,88527000.0,156338000.0,1.93,2.09,
LRN,quarterly,2025-12-31,631261000.0,371630000.0,259631000.0,112779000.0,146852000.0,133274000.0,99477000.0,167041000.0,2.12,2.31,
LRN,quarterly,2025-09-30,620884000.0,378761000.0,242123000.0,173140000.0,68983000.0,82822000.0,68800000.0,115131000.0,1.4,1.59,
LRN,quarterly,2025-06-30,653647000.0,414728000.0,238919000.0,122576000.0,116343000.0,64331000.0,51320000.0,97224000.0,1.03,1.19,
LULU,annual,2026-01-31,11102600000.0,4818468000.0,6284132000.0,4073517000.0,2210615000.0,2238967000.0,1579183000.0,2706843000.0,13.26,13.27,
LULU,annual,2025-01-31,10588126000.0,4317315000.0,6270811000.0,3765114000.0,2505697000.0,2576077000.0,1814616000.0,2952221000.0,14.64,14.67,
LULU,annual,2024-01-31,9619278000.0,4009873000.0,5609405000.0,3402228000.0,2207177000.0,2175735000.0,1550190000.0,2586561000.0,12.2,12.23,
LULU,annual,2023-01-31,8110518000.0,3618178000.0,4492340000.0,2766199000.0,1726141000.0,1332571000.0,854800000.0,2017932000.0,6.68,6.7,
LULU,quarterly,2026-07-31,2415631000.0,953753000.0,1461878000.0,1008225000.0,453653000.0,467351000.0,329223000.0,595985000.0,2.92,2.92,
LULU,quarterly,2026-04-30,2471603000.0,1132785000.0,1338818000.0,1061872000.0,276946000.0,286077000.0,195048000.0,412281000.0,1.69,1.69,
LULU,quarterly,2026-01-31,3640801000.0,1642913000.0,1997888000.0,1185598000.0,812290000.0,813265000.0,586871000.0,946815000.0,5.01,5.01,
LULU,quarterly,2025-10-31,2565920000.0,1140004000.0,1425916000.0,990030000.0,435886000.0,441740000.0,306835000.0,563345000.0,2.59,2.59,
LULU,quarterly,2025-07-31,2525219000.0,1048017000.0,1477202000.0,953388000.0,523814000.0,533551000.0,370905000.0,643529000.0,3.1,3.1,
LUNR,annual,2025-12-31,207132000.0,201069000.0,6063000.0,93294000.0,-87231000.0,-102884000.0,-83294000.0,-95110000.0,-0.691859,-0.691859,
LUNR,annual,2024-12-31,228000000.0,225231000.0,2769000.0,55121000.0,-52352000.0,-346885000.0,-283413000.0,-344934000.0,-2.82588,-2.82588,
LUNR,annual,2023-12-31,79551000.0,103993000.0,-24442000.0,35713000.0,-60155000.0,10180000.0,61762000.0,-58779000.0,2.875005,2.875005,
LUNR,annual,2022-12-31,85946000.0,75513000.0,10433000.0,15940000.0,-5507000.0,-6428000.0,0.0,-4520000.0,0.0,0.0,
LUNR,quarterly,2026-06-30,203412000.0,170302000.0,33110000.0,80246000.0,-47136000.0,-62833000.0,-46445000.0,-43423000.0,-0.29,-0.29,7729000.0
LUNR,quarterly,2026-03-31,183630000.0,156623000.0,27007000.0,66208000.0,-39201000.0,-52526000.0,-37387000.0,-34593000.0,-0.25,-0.25,5589000.0
LUNR,quarterly,2025-12-31,43308000.0,36297000.0,7011000.0,40106000.0,-33095000.0,-55698000.0,-39875000.0,-51556000.0,-0.330099,-0.330099,
LUNR,quarterly,2025-09-30,50987000.0,46769000.0,4218000.0,19637000.0,-15419000.0,-9955000.0,-6842000.0,-7796000.0,-0.06,-0.06,
LUNR,quarterly,2025-06-30,50313000.0,62156000.0,-11843000.0,16797000.0,-28640000.0,-38206000.0,-25181000.0,-37382000.0,-0.22,-0.22,461000.0
LUV,annual,2025-12-31,28063000000.0,23168000000.0,4895000000.0,4467000000.0,428000000.0,563000000.0,441000000.0,2236000000.0,0.79,0.82,
LUV,annual,2024-12-31,27483000000.0,23024000000.0,4459000000.0,4138000000.0,321000000.0,598000000.0,465000000.0,2469000000.0,0.76,0.78,
LUV,annual,2023-12-31,26091000000.0,21868000000.0,4223000000.0,3999000000.0,224000000.0,633000000.0,465000000.0,2391000000.0,0.81,0.84,
LUV,annual,2022-12-31,23814000000.0,19062000000.0,4752000000.0,3735000000.0,1017000000.0,728000000.0,539000000.0,2380000000.0,0.87,0.91,
LUV,quarterly,2026-06-30,8432000000.0,7046000000.0,1386000000.0,1101000000.0,285000000.0,306000000.0,233000000.0,760000000.0,0.47,0.48,
LUV,quarterly,2026-03-31,7249000000.0,5882000000.0,1367000000.0,1037000000.0,330000000.0,285000000.0,227000000.0,725000000.0,0.45,0.45,
LUV,quarterly,2025-12-31,7442000000.0,5930000000.0,1512000000.0,1121000000.0,391000000.0,408000000.0,323000000.0,810000000.0,0.61,0.63,
LUV,quarterly,2025-09-30,6949000000.0,5791000000.0,1158000000.0,1123000000.0,35000000.0,68000000.0,54000000.0,484000000.0,0.1,0.1,
LUV,quarterly,2025-06-30,7244000000.0,5886000000.0,1358000000.0,1133000000.0,225000000.0,280000000.0,213000000.0,706000000.0,0.39,0.4,
LVS,annual,2025-12-31,13017000000.0,6536000000.0,6481000000.0,3392000000.0,3089000000.0,2213000000.0,1627000000.0,4499000000.0,2.35,2.35,269000000.0
LVS,annual,2024-12-31,11298000000.0,5777000000.0,5521000000.0,3055000000.0,2466000000.0,1960000000.0,1446000000.0,4055000000.0,1.96,1.97,228000000.0
LVS,annual,2023-12-31,10372000000.0,5205000000.0,5167000000.0,2812000000.0,2355000000.0,1775000000.0,1221000000.0,3859000000.0,1.62,1.62,205000000.0
LVS,annual,2022-12-31,4110000000.0,2460000000.0,1650000000.0,2420000000.0,-770000000.0,-1387000000.0,1832000000.0,406000000.0,2.4,2.4,143000000.0
LVS,quarterly,2026-06-30,3154000000.0,1674000000.0,1480000000.0,855000000.0,625000000.0,461000000.0,346000000.0,1021000000.0,0.53,0.53,43000000.0
LVS,quarterly,2026-03-31,3585000000.0,1836000000.0,1749000000.0,833000000.0,916000000.0,748000000.0,567000000.0,1314000000.0,0.85,0.85,41000000.0
LVS,quarterly,2025-12-31,3649000000.0,1881000000.0,1768000000.0,893000000.0,875000000.0,551000000.0,395000000.0,1125000000.0,0.58,0.59,59000000.0
LVS,quarterly,2025-09-30,3331000000.0,1672000000.0,1659000000.0,865000000.0,794000000.0,582000000.0,419000000.0,1158000000.0,0.61,0.61,72000000.0
LVS,quarterly,2025-06-30,3175000000.0,1538000000.0,1637000000.0,837000000.0,800000000.0,609000000.0,461000000.0,1194000000.0,0.66,0.66,69000000.0
LWLG,annual,2025-12-31,236855.0,6823.0,230032.0,20991456.0,-20761424.0,-20313797.0,-20313797.0,-18652702.0,-0.16,-0.16,11489687.0
LWLG,annual,2024-12-31,95605.0,7395.0,88210.0,23177353.0,-23089143.0,-22535041.0,-22535041.0,-21213896.0,-0.19,-0.19,16806548.0
LWLG,annual,2023-12-31,40502.0,2513.0,37989.0,21263254.0,-21225265.0,-21038032.0,-21038032.0,-19921289.0,-0.18,-0.18,15903689.0
LWLG,annual,2022-12-31,0.0,0.0,0.0,17139664.0,-17139664.0,-17230480.0,-17230480.0,-15916264.0,-0.15,-0.15,12805374.0
LWLG,quarterly,2026-06-30,32751.0,0.0,32751.0,7301891.0,-7269140.0,-6613797.0,-6613797.0,-6723678.0,-0.04,-0.04,3878703.0
LWLG,quarterly,2026-03-31,29167.0,1336.0,27831.0,6753161.0,-6725330.0,-6300540.0,-6300540.0,-6175395.0,-0.04,-0.04,3490295.0
LWLG,quarterly,2025-12-31,159167.0,1332.0,157835.0,5229050.0,-5071215.0,-4844082.0,-4844082.0,-4549805.0,,,2841055.0
LWLG,quarterly,2025-09-30,29166.0,0.0,29166.0,5208312.0,-5179146.0,-5100559.0,-5100559.0,-4635861.0,-0.04,-0.04,2917473.0
LWLG,quarterly,2025-06-30,25605.0,3463.0,22142.0,4922325.0,-4900183.0,-4966633.0,-4966633.0,-4361159.0,-0.04,-0.04,2621441.0
LYB,annual,2025-12-31,30153000000.0,27576000000.0,2577000000.0,1746000000.0,831000000.0,-715000000.0,-745000000.0,1162000000.0,-2.34,-2.34,136000000.0
LYB,annual,2024-12-31,33394000000.0,28750000000.0,4644000000.0,1777000000.0,2867000000.0,1701000000.0,1360000000.0,3704000000.0,4.15,4.16,135000000.0
LYB,annual,2023-12-31,33336000000.0,28435000000.0,4901000000.0,1669000000.0,3232000000.0,2299000000.0,2114000000.0,4310000000.0,6.46,6.48,130000000.0
LYB,annual,2022-12-31,50451000000.0,43847000000.0,6604000000.0,1434000000.0,5170000000.0,4776000000.0,3882000000.0,6330000000.0,11.81,11.84,124000000.0
LYB,quarterly,2026-06-30,9177000000.0,7139000000.0,2038000000.0,421000000.0,1617000000.0,808000000.0,558000000.0,1293000000.0,1.71,1.71,34000000.0
LYB,quarterly,2026-03-31,7197000000.0,6496000000.0,701000000.0,447000000.0,254000000.0,137000000.0,123000000.0,617000000.0,0.38,0.38,36000000.0
LYB,quarterly,2025-12-31,7091000000.0,6756000000.0,335000000.0,406000000.0,-71000000.0,-142000000.0,-142000000.0,375000000.0,,,33000000.0
LYB,quarterly,2025-09-30,7727000000.0,6821000000.0,906000000.0,435000000.0,471000000.0,-856000000.0,-892000000.0,-376000000.0,-2.77,-2.77,34000000.0
LYB,quarterly,2025-06-30,7658000000.0,6871000000.0,787000000.0,470000000.0,317000000.0,224000000.0,114000000.0,674000000.0,,0.34,35000000.0
LYV,annual,2025-12-31,25201406000.0,18763356000.0,6438050000.0,5205361000.0,1232689000.0,1030527000.0,495972000.0,1985432000.0,-0.24,-0.24,
LYV,annual,2024-12-31,23155625000.0,17380866000.0,5774759000.0,4961264000.0,813495000.0,739426000.0,896287000.0,1615323000.0,2.74,2.77,
LYV,annual,2023-12-31,22726317000.0,17290718000.0,5435599000.0,4364593000.0,1071006000.0,913274000.0,556893000.0,1780315000.0,1.34,1.35,
LYV,annual,2022-12-31,16681254000.0,12347611000.0,4333643000.0,3643694000.0,689949000.0,490524000.0,266440000.0,1218983000.0,0.64,0.66,
LYV,quarterly,2026-06-30,7666858000.0,5724216000.0,1942642000.0,1429241000.0,513401000.0,518601000.0,294446000.0,804290000.0,1.05,1.06,
LYV,quarterly,2026-03-31,3793029000.0,2478458000.0,,1691109000.0,-376538000.0,-412103000.0,-389104000.0,-152285000.0,-1.85,-1.85,
LYV,quarterly,2025-12-31,6313505000.0,4859963000.0,,1596817000.0,-143275000.0,-185690000.0,-202100000.0,62453000.0,,,
LYV,quarterly,2025-09-30,8499143000.0,6437700000.0,,1283843000.0,777600000.0,729818000.0,431458000.0,975709000.0,0.73,0.74,
LYV,quarterly,2025-06-30,7006641000.0,5210756000.0,,1310088000.0,485797000.0,420386000.0,243411000.0,651459000.0,0.41,0.41,
MA,annual,2025-12-31,32791000000.0,7251000000.0,25540000000.0,6026000000.0,19514000000.0,18578000000.0,14968000000.0,20443000000.0,16.52,16.54,
MA,annual,2024-12-31,28167000000.0,6673000000.0,21494000000.0,5167000000.0,16327000000.0,15254000000.0,12874000000.0,16797000000.0,13.89,13.91,
MA,annual,2023-12-31,25098000000.0,6022000000.0,19076000000.0,4446000000.0,14630000000.0,13639000000.0,11195000000.0,15013000000.0,11.83,11.86,
MA,annual,2022-12-31,22237000000.0,5263000000.0,16974000000.0,4252000000.0,12722000000.0,11732000000.0,9930000000.0,12953000000.0,10.22,10.26,
MA,quarterly,2026-06-30,9277000000.0,1947000000.0,7330000000.0,1602000000.0,5728000000.0,5486000000.0,4388000000.0,6013000000.0,4.97,4.98,
MA,quarterly,2026-03-31,8398000000.0,2037000000.0,6361000000.0,1396000000.0,4965000000.0,4812000000.0,3882000000.0,5296000000.0,4.35,4.35,
MA,quarterly,2025-12-31,8806000000.0,1818000000.0,6988000000.0,1859000000.0,5129000000.0,4876000000.0,4060000000.0,5332000000.0,4.52,4.53,
MA,quarterly,2025-09-30,8602000000.0,1893000000.0,6709000000.0,1539000000.0,5170000000.0,4999000000.0,3927000000.0,5475000000.0,4.34,4.35,
MA,quarterly,2025-06-30,8133000000.0,1852000000.0,6281000000.0,1367000000.0,4914000000.0,4672000000.0,3701000000.0,5148000000.0,,4.08,
MAA,annual,2025-12-31,2209126000.0,1534881000.0,674245000.0,54807000.0,619438000.0,459086000.0,446909000.0,1267312000.0,3.780015,3.790015,
MAA,annual,2024-12-31,2191015000.0,1477748000.0,713267000.0,56516000.0,656751000.0,544865000.0,527543000.0,1299811000.0,4.490018,4.490018,
MAA,annual,2023-12-31,2148468000.0,1400988000.0,747480000.0,58578000.0,688902000.0,570845000.0,552806000.0,1285936000.0,4.710019,4.710019,
MAA,annual,2022-12-31,2019866000.0,1332155000.0,687711000.0,58833000.0,628878000.0,646989000.0,637436000.0,1345740000.0,5.480022,5.490022,
MAA,quarterly,2026-06-30,555127000.0,399223000.0,155904000.0,15146000.0,140758000.0,124983000.0,121750000.0,340864000.0,1.040004,1.040004,
MAA,quarterly,2026-03-31,553725000.0,389903000.0,,16716000.0,147106000.0,131866000.0,124359000.0,345315000.0,1.060004,1.060004,
MAA,quarterly,2025-12-31,555556000.0,384017000.0,,13850000.0,157689000.0,57741000.0,57571000.0,266391000.0,0.480002,0.480002,
MAA,quarterly,2025-09-30,554373000.0,390897000.0,,12525000.0,150951000.0,103421000.0,99538000.0,306517000.0,0.840003,0.840003,
MAA,quarterly,2025-06-30,549902000.0,385686000.0,,12813000.0,151403000.0,110945000.0,108127000.0,309744000.0,0.920004,0.920004,
MAN,annual,2025-12-31,17957100000.0,14959500000.0,2997600000.0,2758800000.0,238800000.0,93400000.0,-13300000.0,274800000.0,-0.29,-0.29,
MAN,annual,2024-12-31,17853900000.0,14767100000.0,3086800000.0,2780800000.0,306000000.0,256800000.0,145100000.0,433400000.0,3.01,3.04,
MAN,annual,2023-12-31,18914500000.0,15556500000.0,3358000000.0,3047100000.0,310900000.0,205900000.0,88800000.0,374200000.0,1.76,1.78,
MAN,annual,2022-12-31,19827500000.0,16255100000.0,3572400000.0,2940700000.0,631700000.0,557100000.0,373800000.0,688600000.0,7.08,7.17,
MAN,quarterly,2026-06-30,4860200000.0,4079900000.0,780300000.0,668300000.0,112000000.0,92400000.0,53500000.0,137700000.0,1.13,1.14,
MAN,quarterly,2026-03-31,4510400000.0,3787400000.0,723000000.0,694700000.0,28300000.0,15400000.0,2500000.0,61300000.0,0.05,0.05,
MAN,quarterly,2025-12-31,4713100000.0,3946400000.0,766700000.0,686100000.0,80600000.0,65600000.0,30200000.0,109000000.0,0.64,0.65,
MAN,quarterly,2025-09-30,4634400000.0,3865500000.0,768900000.0,702300000.0,66600000.0,52900000.0,18000000.0,99000000.0,0.38,0.39,
MAN,quarterly,2025-06-30,4519300000.0,3755600000.0,763700000.0,700300000.0,63400000.0,-41800000.0,-67100000.0,6400000.0,-1.44,-1.44,
MAR,annual,2025-12-31,26186000000.0,20964000000.0,5222000000.0,1083000000.0,4139000000.0,3394000000.0,2601000000.0,4802000000.0,9.51,9.53,
MAR,annual,2024-12-31,25100000000.0,20128000000.0,4972000000.0,1128000000.0,3844000000.0,3151000000.0,2375000000.0,4338000000.0,8.33,8.36,
MAR,annual,2023-12-31,23713000000.0,18733000000.0,4980000000.0,1056000000.0,3924000000.0,3378000000.0,3083000000.0,4379000000.0,10.18,10.23,
MAR,annual,2022-12-31,20773000000.0,16215000000.0,4558000000.0,1084000000.0,3474000000.0,3114000000.0,2358000000.0,3917000000.0,7.24,7.27,
MAR,quarterly,2026-06-30,7071000000.0,5517000000.0,1554000000.0,335000000.0,1219000000.0,1044000000.0,766000000.0,1487000000.0,2.9,2.9,
MAR,quarterly,2026-03-31,6654000000.0,5313000000.0,1341000000.0,273000000.0,1068000000.0,858000000.0,648000000.0,1234000000.0,2.43,2.44,
MAR,quarterly,2025-12-31,6690000000.0,5679000000.0,1011000000.0,205000000.0,806000000.0,582000000.0,445000000.0,967000000.0,1.65,1.66,
MAR,quarterly,2025-09-30,6489000000.0,5065000000.0,1424000000.0,284000000.0,1140000000.0,994000000.0,728000000.0,1343000000.0,2.67,2.68,
MAR,quarterly,2025-06-30,6744000000.0,5237000000.0,1507000000.0,263000000.0,1244000000.0,1054000000.0,763000000.0,1400000000.0,2.78,2.78,
MARA,annual,2025-12-31,907093000.0,179041000.0,728052000.0,1550221000.0,-822169000.0,-1368268000.0,-1311480000.0,-547119000.0,-3.69,-3.69,30117000.0
MARA,annual,2024-12-31,656378000.0,98160000.0,558218000.0,1025817000.0,-467599000.0,616503000.0,541253000.0,1058684000.0,1.72,1.87,13229000.0
MARA,annual,2023-12-31,387508000.0,0.0,387508000.0,498081000.0,-110573000.0,277599000.0,261173000.0,473488000.0,1.06,1.41,2812000.0
MARA,annual,2022-12-31,117753000.0,151424000.0,-33671000.0,82870000.0,-116541000.0,-718254000.0,-694022000.0,-624564000.0,-6.12,-6.12,98000.0
MARA,quarterly,2026-06-30,174881000.0,48750000.0,126131000.0,394120000.0,-267989000.0,-610737000.0,-609685000.0,-429809000.0,-1.6,-1.6,7173000.0
MARA,quarterly,2026-03-31,174614000.0,44732000.0,129882000.0,387971000.0,-258089000.0,-1293329000.0,-1259619000.0,-1091053000.0,-3.31,-3.31,8248000.0
MARA,quarterly,2025-12-31,202314000.0,50750000.0,151564000.0,483374000.0,-331810000.0,-1893174000.0,-1709376000.0,-1594511000.0,-4.52,-4.52,3557000.0
MARA,quarterly,2025-09-30,252410000.0,43080000.0,209330000.0,365652000.0,-156322000.0,160812000.0,123134000.0,340884000.0,0.27,0.33,8716000.0
MARA,quarterly,2025-06-30,238485000.0,41730000.0,196755000.0,357063000.0,-160308000.0,1016709000.0,808235000.0,1191285000.0,1.84,2.29,8546000.0
MCD,annual,2025-12-31,26885000000.0,11451000000.0,15434000000.0,3040000000.0,12394000000.0,10897000000.0,8563000000.0,14678000000.0,11.95,12.05038,
MCD,annual,2024-12-31,25920000000.0,11210000000.0,14710000000.0,2859000000.0,11851000000.0,10345000000.0,8223000000.0,13948000000.0,11.39,11.497483,
MCD,annual,2023-12-31,25495000000.0,10931000000.0,14564000000.0,2817000000.0,11747000000.0,10522000000.0,8469000000.0,13861000000.0,11.56,11.718279,
MCD,annual,2022-12-31,23182000000.0,9975000000.0,13207000000.0,2862000000.0,10345000000.0,7825000000.0,6177000000.0,10903000000.0,8.33,8.447149,
MCD,quarterly,2026-06-30,7100000000.0,2981000000.0,4119000000.0,817000000.0,3302000000.0,2936000000.0,2362000000.0,3910000000.0,3.32,3.337848,
MCD,quarterly,2026-03-31,6517000000.0,2874000000.0,3643000000.0,759000000.0,2884000000.0,2542000000.0,1983000000.0,3508000000.0,2.78,2.790969,
MCD,quarterly,2025-12-31,7008000000.0,2978000000.0,4030000000.0,873000000.0,3157000000.0,2757000000.0,2164000000.0,3743000000.0,3.03,3.045314,
MCD,quarterly,2025-09-30,7077000000.0,2973000000.0,4104000000.0,785000000.0,3319000000.0,2949000000.0,2278000000.0,3914000000.0,3.18,3.198745,
MCD,quarterly,2025-06-30,6843000000.0,2881000000.0,3962000000.0,701000000.0,3261000000.0,2861000000.0,2253000000.0,3795000000.0,3.14,3.157211,
MCK,annual,2026-03-31,403430000000.0,388880000000.0,14550000000.0,8096000000.0,6454000000.0,6201000000.0,4762000000.0,7177000000.0,38.38,38.55,
MCK,annual,2025-03-31,359051000000.0,345728000000.0,13323000000.0,8507000000.0,4816000000.0,4359000000.0,3295000000.0,5260000000.0,25.72,25.86,
MCK,annual,2024-03-31,308951000000.0,296123000000.0,12828000000.0,8657000000.0,4171000000.0,3789000000.0,3002000000.0,4676000000.0,22.39,22.54,
MCK,annual,2023-03-31,276711000000.0,264353000000.0,12358000000.0,7776000000.0,4582000000.0,4630000000.0,3560000000.0,5486000000.0,25.03,25.23,
MCK,quarterly,2026-06-30,105380000000.0,101695000000.0,3685000000.0,2264000000.0,1421000000.0,1308000000.0,614000000.0,1580000000.0,5.15,5.17,
MCK,quarterly,2026-03-31,96295000000.0,92251000000.0,4044000000.0,1796000000.0,2248000000.0,2125000000.0,1682000000.0,2382000000.0,13.71,13.78,
MCK,quarterly,2025-12-31,106158000000.0,102473000000.0,3685000000.0,2030000000.0,1655000000.0,1630000000.0,1186000000.0,1881000000.0,9.59,9.63,
MCK,quarterly,2025-09-30,103150000000.0,99608000000.0,3542000000.0,2074000000.0,1468000000.0,1395000000.0,1110000000.0,1657000000.0,8.92,8.95,
MCK,quarterly,2025-06-30,97827000000.0,94548000000.0,3279000000.0,2196000000.0,1083000000.0,1051000000.0,784000000.0,1257000000.0,6.25,6.28,
MDB,annual,2026-01-31,2463797000.0,696058000.0,1767739000.0,1904707000.0,-136968000.0,-55691000.0,-71151000.0,-15151000.0,-0.88,-0.88,716303000.0
MDB,annual,2025-01-31,2006443000.0,535296000.0,1471147000.0,1687211000.0,-216064000.0,-131599000.0,-129072000.0,-96534000.0,-1.73,-1.73,596837000.0
MDB,annual,2024-01-31,1683011000.0,424485000.0,1258526000.0,1492258000.0,-233732000.0,-163516000.0,-176600000.0,-122004000.0,-2.48,-2.48,515940000.0
MDB,annual,2023-01-31,1284040000.0,349304000.0,934736000.0,1281391000.0,-346655000.0,-333254000.0,-345398000.0,-294275000.0,-5.03,-5.03,421692000.0
MDB,quarterly,2026-07-31,771773000.0,202008000.0,569765000.0,541365000.0,28400000.0,45945000.0,40940000.0,56402000.0,0.5,0.51,213874000.0
MDB,quarterly,2026-04-30,687616000.0,191441000.0,496175000.0,520979000.0,-24804000.0,8794000.0,4434000.0,18774000.0,0.05,0.06,200409000.0
MDB,quarterly,2026-01-31,695072000.0,187412000.0,507660000.0,507356000.0,304000.0,19403000.0,15530000.0,28470000.0,0.18,0.19,189125000.0
MDB,quarterly,2025-10-31,628309000.0,179177000.0,449132000.0,467556000.0,-18424000.0,1350000.0,-2007000.0,11713000.0,-0.02,-0.02,176610000.0
MDB,quarterly,2025-07-31,591402000.0,171428000.0,419974000.0,485268000.0,-65294000.0,-43120000.0,-47048000.0,-32136000.0,-0.58,-0.58,181739000.0
MDGL,annual,2025-12-31,958403000.0,56148000.0,902255000.0,1202352000.0,-300097000.0,-288284000.0,-288284000.0,-264469000.0,-12.85,-12.85,388525000.0
MDGL,annual,2024-12-31,180133000.0,6233000.0,173900000.0,671775000.0,-497875000.0,-465892000.0,-465892000.0,-450125000.0,-21.9,-21.9,236718000.0
MDGL,annual,2023-12-31,0.0,0.0,0.0,380496000.0,-380496000.0,-373630000.0,-373630000.0,-360391000.0,-19.99,-19.99,272350000.0
MDGL,annual,2022-12-31,0.0,0.0,0.0,293571000.0,-293571000.0,-295350000.0,-295350000.0,-290919000.0,-17.23,-17.23,245441000.0
MDGL,quarterly,2026-06-30,364252000.0,40007000.0,324245000.0,380553000.0,-56308000.0,-57939000.0,-57939000.0,-49618000.0,-1.99,-1.99,91178000.0
MDGL,quarterly,2026-03-31,311337000.0,26847000.0,284490000.0,377213000.0,-92723000.0,-94391000.0,-94391000.0,-86186000.0,-3.25,-3.25,108692000.0
MDGL,quarterly,2025-12-31,321083000.0,24448000.0,296635000.0,356244000.0,-59609000.0,-58575000.0,-58575000.0,-49886000.0,-2.57,-2.57,116268000.0
MDGL,quarterly,2025-09-30,287268000.0,18122000.0,269146000.0,383121000.0,-113975000.0,-114190000.0,-114190000.0,-106381000.0,-5.08,-5.08,174004000.0
MDGL,quarterly,2025-06-30,212802000.0,9065000.0,203737000.0,250939000.0,-47202000.0,-42281000.0,-42281000.0,-38640000.0,-1.5,-1.5,54081000.0
MDT,annual,2026-04-30,36364000000.0,12721000000.0,23643000000.0,16815000000.0,6828000000.0,6136000000.0,4801000000.0,9809000000.0,,,2873000000.0
MDT,annual,2025-04-30,33537000000.0,11632000000.0,21905000000.0,15365000000.0,6540000000.0,5628000000.0,4662000000.0,9218000000.0,3.61,3.63,2732000000.0
MDT,annual,2024-04-30,32364000000.0,11216000000.0,21148000000.0,15628000000.0,5520000000.0,4837000000.0,3676000000.0,8203000000.0,2.76,2.77,2735000000.0
MDT,annual,2023-04-30,31227000000.0,10719000000.0,20508000000.0,14678000000.0,5830000000.0,5364000000.0,3758000000.0,8697000000.0,2.82,2.83,2696000000.0
MDT,annual,2022-04-30,,,,,,,,,3.73,3.75,
MDT,quarterly,2026-04-30,9807000000.0,3398000000.0,6409000000.0,4396000000.0,2013000000.0,1834000000.0,1244000000.0,2726000000.0,0.96,0.97,671000000.0
MDT,quarterly,2026-01-31,9017000000.0,3261000000.0,5756000000.0,4154000000.0,1602000000.0,1404000000.0,1143000000.0,2334000000.0,0.89,0.89,722000000.0
MDT,quarterly,2025-10-31,8961000000.0,3061000000.0,5900000000.0,4204000000.0,1696000000.0,1597000000.0,1374000000.0,2523000000.0,1.07,1.07,754000000.0
MDT,quarterly,2025-07-31,8578000000.0,3001000000.0,5577000000.0,4061000000.0,1516000000.0,1302000000.0,1040000000.0,2226000000.0,0.81,0.81,726000000.0
MDT,quarterly,2025-04-30,8927000000.0,3147000000.0,5780000000.0,3983000000.0,1797000000.0,1261000000.0,1056000000.0,2275000000.0,0.82,0.82,684000000.0
MET,annual,2025-12-31,75654000000.0,,,70993000000.0,5722000000.0,4661000000.0,3379000000.0,,4.841808,4.841808,
MET,annual,2024-12-31,70131000000.0,,,64509000000.0,6659000000.0,5622000000.0,4426000000.0,,6.131649,6.131649,
MET,annual,2023-12-31,67934000000.0,,,65772000000.0,3207000000.0,2162000000.0,1578000000.0,,1.81,1.81,
MET,annual,2022-12-31,67409000000.0,,,61045000000.0,7302000000.0,6364000000.0,5284000000.0,,2.91,3.021441,
MET,quarterly,2026-06-30,18877000000.0,,,17843000000.0,1327000000.0,1035000000.0,736000000.0,,1.097106,1.097106,
MET,quarterly,2026-03-31,18616000000.0,,,17109000000.0,1772000000.0,1507000000.0,1185000000.0,,1.7386,1.748466,
MET,quarterly,2025-12-31,23291000000.0,,,22174000000.0,1380000000.0,1117000000.0,809000000.0,,1.17,1.182191,
MET,quarterly,2025-09-30,16881000000.0,,,15671000000.0,1481000000.0,1210000000.0,896000000.0,,1.22,1.23063,
MET,quarterly,2025-06-30,17176000000.0,,,16196000000.0,1249000000.0,980000000.0,729000000.0,,1.03,1.040549,
META,annual,2025-12-31,200966000000.0,36175000000.0,164791000000.0,81515000000.0,83276000000.0,85932000000.0,60458000000.0,105713000000.0,23.49,23.98,57372000000.0
META,annual,2024-12-31,164501000000.0,30161000000.0,134340000000.0,64960000000.0,69380000000.0,70663000000.0,62360000000.0,86876000000.0,23.86,24.61,43873000000.0
META,annual,2023-12-31,134902000000.0,25959000000.0,108943000000.0,62192000000.0,46751000000.0,47428000000.0,39098000000.0,59052000000.0,14.87,15.19,38483000000.0
META,annual,2022-12-31,116609000000.0,25249000000.0,91360000000.0,62416000000.0,28944000000.0,28819000000.0,23200000000.0,37690000000.0,8.59,8.63,35338000000.0
META,quarterly,2026-06-30,60801000000.0,11330000000.0,49471000000.0,30696000000.0,18775000000.0,18756000000.0,15848000000.0,25895000000.0,6.18,6.23,21656000000.0
META,quarterly,2026-03-31,56311000000.0,10218000000.0,46093000000.0,23221000000.0,22872000000.0,21752000000.0,26773000000.0,28313000000.0,10.44,10.57,17699000000.0
META,quarterly,2025-12-31,59893000000.0,10906000000.0,48987000000.0,24242000000.0,24745000000.0,25354000000.0,22768000000.0,31221000000.0,8.88,9.02,17135000000.0
META,quarterly,2025-09-30,51242000000.0,9206000000.0,42036000000.0,21501000000.0,20535000000.0,21663000000.0,2709000000.0,26853000000.0,1.05,1.08,15144000000.0
META,quarterly,2025-06-30,47516000000.0,8491000000.0,39025000000.0,18584000000.0,20441000000.0,20534000000.0,18337000000.0,25117000000.0,7.14,7.28,12942000000.0
METC,annual,2025-12-31,536618000.0,453389000.0,83229000.0,139185000.0,-55956000.0,-62140000.0,-51446000.0,13819000.0,-0.99,-0.99,
METC,annual,2024-12-31,666295000.0,533293000.0,133002000.0,116366000.0,16636000.0,14920000.0,11192000.0,86658000.0,0.11,0.11,
METC,annual,2023-12-31,693524000.0,493793000.0,199731000.0,104486000.0,95245000.0,104663000.0,82313000.0,167818000.0,1.73,1.77,
METC,annual,2022-12-31,565688000.0,332960000.0,232728000.0,82341000.0,150387000.0,146195000.0,116042000.0,194218000.0,2.6,2.63,
METC,quarterly,2026-06-30,144799000.0,128176000.0,16623000.0,34871000.0,-18248000.0,-19578000.0,-15415000.0,-1248000.0,-0.26,-0.26,
METC,quarterly,2026-03-31,121613000.0,108514000.0,13099000.0,37404000.0,-24305000.0,-24154000.0,-18319000.0,-7692000.0,-0.3,-0.3,
METC,quarterly,2025-12-31,128007000.0,107063000.0,20944000.0,36551000.0,-15607000.0,-15781000.0,-14705000.0,2497000.0,-0.26,-0.26,
METC,quarterly,2025-09-30,120996000.0,101842000.0,19154000.0,33636000.0,-14482000.0,-16607000.0,-13308000.0,2609000.0,-0.25,-0.25,
METC,quarterly,2025-06-30,152959000.0,134182000.0,18777000.0,32621000.0,-13844000.0,-16004000.0,-13974000.0,3852000.0,-0.29,-0.29,
MGA,annual,2025-12-31,42010000000.0,36021000000.0,5989000000.0,3879000000.0,2110000000.0,1308000000.0,829000000.0,3508000000.0,2.93,2.94,
MGA,annual,2024-12-31,42836000000.0,37037000000.0,5799000000.0,3683000000.0,2116000000.0,1542000000.0,1009000000.0,3779000000.0,3.52,3.52,
MGA,annual,2023-12-31,42797000000.0,37185000000.0,5612000000.0,3574000000.0,2038000000.0,1606000000.0,1213000000.0,3596000000.0,4.23,4.24,
MGA,annual,2022-12-31,37840000000.0,33188000000.0,4652000000.0,3079000000.0,1573000000.0,878000000.0,592000000.0,2423000000.0,2.03,2.04,
MGA,quarterly,2026-06-30,10980000000.0,9368000000.0,1612000000.0,997000000.0,615000000.0,599000000.0,469000000.0,1048000000.0,,,
MGA,quarterly,2026-03-31,10381000000.0,8958000000.0,1423000000.0,979000000.0,444000000.0,87000000.0,-12000000.0,546000000.0,-0.04,-0.04,
MGA,quarterly,2025-12-31,10848000000.0,9094000000.0,1754000000.0,1016000000.0,738000000.0,114000000.0,-1000000.0,919000000.0,0.0,0.0,
MGA,quarterly,2025-09-30,10462000000.0,8973000000.0,1489000000.0,947000000.0,542000000.0,473000000.0,305000000.0,954000000.0,1.08,1.08,
MGA,quarterly,2025-06-30,10631000000.0,9127000000.0,1504000000.0,982000000.0,522000000.0,496000000.0,379000000.0,965000000.0,1.35,1.35,
MGM,annual,2025-12-31,17537683000.0,9747552000.0,7790131000.0,6452284000.0,1337847000.0,280779000.0,205862000.0,1717615000.0,0.76,0.77,
MGM,annual,2024-12-31,17240545000.0,9393541000.0,7847004000.0,6176607000.0,1670397000.0,1117065000.0,746558000.0,2391392000.0,2.4,2.42,
MGM,annual,2023-12-31,16164249000.0,8553562000.0,7610687000.0,6027184000.0,1583503000.0,1472763000.0,1142180000.0,2747184000.0,3.19,3.22,
MGM,annual,2022-12-31,13127485000.0,6652983000.0,6474502000.0,8187785000.0,-1713283000.0,903799000.0,1473093000.0,4980803000.0,3.49,3.52,
MGM,quarterly,2026-06-30,4450993000.0,2471751000.0,1979242000.0,1677008000.0,302234000.0,413520000.0,292433000.0,797964000.0,1.11,1.12,
MGM,quarterly,2026-03-31,4454718000.0,2464528000.0,1990190000.0,1683777000.0,306413000.0,202249000.0,125136000.0,566663000.0,0.48,0.49,
MGM,quarterly,2025-12-31,4605267000.0,2577373000.0,2027894000.0,1702677000.0,325217000.0,99826000.0,293612000.0,482386000.0,1.11,1.12,
MGM,quarterly,2025-09-30,4250464000.0,2404867000.0,1845597000.0,1626152000.0,219445000.0,-219587000.0,-285255000.0,143417000.0,-1.05,-1.05,
MGM,quarterly,2025-06-30,4404870000.0,2445429000.0,1959441000.0,1579762000.0,379679000.0,133756000.0,48951000.0,481315000.0,0.18,0.18,
MHK,annual,2025-12-31,10785400000.0,8210700000.0,2574700000.0,2065000000.0,509700000.0,468700000.0,369900000.0,1139100000.0,5.93,5.96,
MHK,annual,2024-12-31,10836900000.0,8150400000.0,2686500000.0,1984800000.0,701700000.0,643000000.0,514700000.0,1329800000.0,8.14,8.18,
MHK,annual,2023-12-31,11135100000.0,8429600000.0,2705500000.0,2119700000.0,585800000.0,-364000000.0,-449000000.0,343800000.0,-6.9,-6.9,
MHK,annual,2022-12-31,11737100000.0,8793700000.0,2943400000.0,2003400000.0,940000000.0,183900000.0,25200000.0,831300000.0,0.39,0.4,
MHK,quarterly,2026-06-30,,,,,,,,,3.22,3.23,
MHK,quarterly,2026-03-31,2728700000.0,2086800000.0,641900000.0,530100000.0,111800000.0,108200000.0,117100000.0,292400000.0,1.9,1.91,
MHK,quarterly,2025-12-31,2699700000.0,2077500000.0,622200000.0,534000000.0,88200000.0,66000000.0,42000000.0,243500000.0,0.68,0.68,
MHK,quarterly,2025-09-30,2757900000.0,2103000000.0,654900000.0,518200000.0,136700000.0,132100000.0,108800000.0,307400000.0,1.75,1.75,
MHK,quarterly,2025-06-30,2802100000.0,2087700000.0,714400000.0,525700000.0,188700000.0,180500000.0,146500000.0,341300000.0,2.34,2.35,
MLM,annual,2025-12-31,6150000000.0,4261000000.0,1889000000.0,434000000.0,1455000000.0,1226000000.0,1137000000.0,2093000000.0,18.77,18.81,
MLM,annual,2024-12-31,5662000000.0,4026000000.0,1636000000.0,385000000.0,1251000000.0,2366000000.0,1995000000.0,3108000000.0,32.41,32.5,
MLM,annual,2023-12-31,5851000000.0,4106000000.0,1745000000.0,420000000.0,1325000000.0,1226000000.0,1169000000.0,1904000000.0,18.82,18.88,
MLM,annual,2022-12-31,6161000000.0,4738000000.0,1423000000.0,207000000.0,1216000000.0,1091000000.0,867000000.0,1766000000.0,13.87,13.91,
MLM,quarterly,2026-06-30,1947000000.0,1452000000.0,495000000.0,105000000.0,390000000.0,320000000.0,251000000.0,583000000.0,4.17,4.18,
MLM,quarterly,2026-03-31,1362000000.0,1052000000.0,310000000.0,143000000.0,167000000.0,117000000.0,1513000000.0,340000000.0,25.06,25.11,
MLM,quarterly,2025-12-31,1533000000.0,1066000000.0,467000000.0,117000000.0,350000000.0,279000000.0,279000000.0,494000000.0,4.62,4.63,
MLM,quarterly,2025-09-30,1846000000.0,1235000000.0,611000000.0,101000000.0,510000000.0,450000000.0,414000000.0,668000000.0,6.85,6.86,
MLM,quarterly,2025-06-30,1609000000.0,1113000000.0,496000000.0,81000000.0,415000000.0,365000000.0,328000000.0,589000000.0,5.43,5.44,
MNST,annual,2025-12-31,8294343000.0,3662148000.0,4632195000.0,2212841000.0,2419354000.0,2482529000.0,1905432000.0,2533795000.0,0.97,0.975,
MNST,annual,2024-12-31,7492709000.0,3443831000.0,4048878000.0,2118584000.0,1930294000.0,1989459000.0,1509048000.0,2010728000.0,0.81,0.815,
MNST,annual,2023-12-31,7140027000.0,3345821000.0,3794206000.0,1840851000.0,1953355000.0,2068482000.0,1630988000.0,2022253000.0,0.77,0.78,
MNST,annual,2022-12-31,6311050000.0,3136483000.0,3174567000.0,1589846000.0,1584721000.0,1571964000.0,1191624000.0,1645962000.0,0.5575,0.565,
MNST,quarterly,2026-06-30,2537473000.0,1117839000.0,1419634000.0,679192000.0,740442000.0,768269000.0,584540000.0,798853000.0,0.295,0.3,
MNST,quarterly,2026-03-31,2353291000.0,1059942000.0,1293349000.0,563391000.0,729958000.0,750128000.0,569485000.0,779128000.0,0.29,0.29,
MNST,quarterly,2025-12-31,2131053000.0,947720000.0,1183333000.0,640699000.0,542634000.0,568287000.0,449190000.0,575052000.0,0.23,0.23,
MNST,quarterly,2025-09-30,2197139000.0,972653000.0,1224486000.0,549134000.0,675352000.0,689537000.0,524455000.0,704970000.0,0.265,0.27,
MNST,quarterly,2025-06-30,2111593000.0,935180000.0,1176413000.0,544791000.0,631622000.0,646687000.0,488794000.0,676044000.0,0.25,0.25,
MO,annual,2025-12-31,20139000000.0,5597000000.0,14542000000.0,2507000000.0,12035000000.0,9389000000.0,6947000000.0,10832000000.0,4.12,4.12,
MO,annual,2024-12-31,20444000000.0,6077000000.0,14367000000.0,2737000000.0,11630000000.0,13658000000.0,11264000000.0,15068000000.0,6.54,6.54,
MO,annual,2023-12-31,20502000000.0,6218000000.0,14284000000.0,2737000000.0,11547000000.0,10928000000.0,8130000000.0,12349000000.0,4.57,4.61025,
MO,annual,2022-12-31,20688000000.0,6442000000.0,14246000000.0,2327000000.0,11919000000.0,7389000000.0,5764000000.0,8743000000.0,3.19,3.19,
MO,quarterly,2026-06-30,5356000000.0,1536000000.0,3820000000.0,663000000.0,3157000000.0,2929000000.0,2298000000.0,3280000000.0,1.37,1.37,
MO,quarterly,2026-03-31,4758000000.0,1252000000.0,3506000000.0,550000000.0,2956000000.0,2859000000.0,2183000000.0,3173000000.0,1.3,1.3,
MO,quarterly,2025-12-31,5079000000.0,1448000000.0,3631000000.0,720000000.0,2911000000.0,1513000000.0,1117000000.0,1929000000.0,,,
MO,quarterly,2025-09-30,5251000000.0,1439000000.0,3812000000.0,580000000.0,3232000000.0,3075000000.0,2375000000.0,3423000000.0,1.41,1.41,
MO,quarterly,2025-06-30,5290000000.0,1440000000.0,3850000000.0,619000000.0,3231000000.0,3118000000.0,2378000000.0,3464000000.0,1.41,1.41,
MOD,annual,2026-03-31,3181100000.0,2450000000.0,731100000.0,360100000.0,371000000.0,186500000.0,121500000.0,297800000.0,2.26,2.301136,
MOD,annual,2025-03-31,2583500000.0,1939700000.0,643800000.0,332100000.0,311700000.0,254000000.0,184000000.0,358100000.0,3.42,3.5,
MOD,annual,2024-03-31,2407800000.0,1882200000.0,525600000.0,273900000.0,251700000.0,214600000.0,161500000.0,294800000.0,3.03,3.082061,
MOD,annual,2023-03-31,2297900000.0,1908500000.0,389400000.0,234000000.0,155400000.0,125300000.0,153100000.0,200500000.0,2.9,2.93858,
MOD,quarterly,2026-06-30,874100000.0,692100000.0,182000000.0,103300000.0,78700000.0,68600000.0,73900000.0,95700000.0,1.37,1.391714,
MOD,quarterly,2026-03-31,954400000.0,739700000.0,214700000.0,101700000.0,113000000.0,95600000.0,73300000.0,124800000.0,1.36,1.388258,
MOD,quarterly,2025-12-31,805000000.0,618900000.0,186100000.0,89300000.0,96800000.0,-38500000.0,-47400000.0,-9200000.0,-0.9,-0.9,
MOD,quarterly,2025-09-30,738900000.0,574000000.0,164900000.0,84200000.0,80700000.0,63700000.0,44400000.0,91700000.0,0.83,0.84,
MOD,quarterly,2025-06-30,682800000.0,517400000.0,165400000.0,84900000.0,80500000.0,65700000.0,51200000.0,90500000.0,0.95,0.97,
MOS,annual,2025-12-31,12052400000.0,10150500000.0,1901900000.0,823200000.0,1078700000.0,1212900000.0,540700000.0,2504300000.0,1.7,1.703482,
MOS,annual,2024-12-31,11122800000.0,9610900000.0,1511900000.0,890400000.0,621500000.0,315400000.0,174900000.0,1570900000.0,0.55,0.55,
MOS,annual,2023-12-31,13696100000.0,11485500000.0,2210600000.0,929000000.0,1281600000.0,1325900000.0,1164900000.0,2475500000.0,3.5,3.52,
MOS,annual,2022-12-31,19125200000.0,13369400000.0,5755800000.0,970500000.0,4785300000.0,4642500000.0,3582800000.0,5745200000.0,10.06,10.566505,
MOS,quarterly,2026-06-30,2824100000.0,2609400000.0,214700000.0,244000000.0,-29300000.0,-300900000.0,-272800000.0,68600000.0,-0.86,-0.86,
MOS,quarterly,2026-03-31,2998000000.0,2762400000.0,235600000.0,375900000.0,-140300000.0,-285900000.0,-257600000.0,96000000.0,-0.81,-0.81,
MOS,quarterly,2025-12-31,2973700000.0,2631100000.0,342600000.0,186600000.0,156000000.0,-263500000.0,-519500000.0,68500000.0,-1.64,-1.636691,
MOS,quarterly,2025-09-30,3452100000.0,2899800000.0,552300000.0,212500000.0,339800000.0,599300000.0,411400000.0,935600000.0,1.29,1.296127,
MOS,quarterly,2025-06-30,3005700000.0,2487100000.0,518600000.0,274200000.0,244400000.0,564300000.0,410700000.0,892100000.0,1.29,1.294406,
MP,annual,2025-12-31,224441000.0,282056000.0,-57615000.0,87473000.0,-145088000.0,-117774000.0,-85874000.0,2974000.0,-0.5,-0.5,24208000.0
MP,annual,2024-12-31,203855000.0,270643000.0,-66788000.0,96954000.0,-163742000.0,-93347000.0,-65424000.0,7720000.0,-0.57,-0.39,9307000.0
MP,annual,2023-12-31,253445000.0,148423000.0,105022000.0,101411000.0,3611000.0,33075000.0,24307000.0,94038000.0,0.14,0.14,14932000.0
MP,annual,2022-12-31,527510000.0,110574000.0,416936000.0,81974000.0,334962000.0,341152000.0,289004000.0,365294000.0,1.52,1.64,4249000.0
MP,quarterly,2026-06-30,108490000.0,107671000.0,819000.0,18420000.0,-17601000.0,-29335000.0,-20296000.0,15747000.0,-0.11,-0.11,1283000.0
MP,quarterly,2026-03-31,90649000.0,106382000.0,-15733000.0,2500000.0,-18233000.0,-13642000.0,-7968000.0,28341000.0,-0.04,-0.04,1905000.0
MP,quarterly,2025-12-31,52685000.0,69659000.0,-16974000.0,-14419000.0,-2555000.0,10557000.0,9426000.0,45052000.0,0.05,0.05,2212000.0
MP,quarterly,2025-09-30,53553000.0,70974000.0,-17421000.0,48189000.0,-65610000.0,-58432000.0,-41780000.0,-27369000.0,-0.24,-0.24,19026000.0
MP,quarterly,2025-06-30,57393000.0,71208000.0,-13815000.0,29306000.0,-43121000.0,-42724000.0,-30872000.0,-16533000.0,-0.19,-0.19,2496000.0
MPC,annual,2025-12-31,132699000000.0,122697000000.0,10002000000.0,4234000000.0,5768000000.0,7015000000.0,4047000000.0,11678000000.0,13.22,13.24,
MPC,annual,2024-12-31,138864000000.0,129577000000.0,9287000000.0,4039000000.0,5248000000.0,5957000000.0,3445000000.0,10602000000.0,10.08,10.11,
MPC,annual,2023-12-31,148379000000.0,131873000000.0,16506000000.0,3920000000.0,12586000000.0,13989000000.0,9681000000.0,18561000000.0,23.63,23.73,
MPC,annual,2022-12-31,177453000000.0,154886000000.0,22567000000.0,3597000000.0,18970000000.0,20469000000.0,14516000000.0,24882000000.0,28.12,28.31,
MPC,quarterly,2026-06-30,51994000000.0,43902000000.0,8092000000.0,1113000000.0,6979000000.0,6982000000.0,5138000000.0,8219000000.0,17.73,17.76,
MPC,quarterly,2026-03-31,34200000000.0,32070000000.0,2130000000.0,1094000000.0,1036000000.0,1034000000.0,511000000.0,2229000000.0,1.73,1.73,
MPC,quarterly,2025-12-31,32574000000.0,29689000000.0,2885000000.0,1039000000.0,1846000000.0,2351000000.0,1535000000.0,3579000000.0,5.12,5.13,
MPC,quarterly,2025-09-30,34809000000.0,32041000000.0,2768000000.0,1095000000.0,1673000000.0,2403000000.0,1370000000.0,3585000000.0,4.51,4.51,
MPC,quarterly,2025-06-30,33799000000.0,30814000000.0,2985000000.0,1090000000.0,1895000000.0,1878000000.0,1216000000.0,3010000000.0,3.96,3.96,
MPWR,annual,2025-12-31,2790459000.0,1250718000.0,1539741000.0,811105000.0,728636000.0,766216000.0,621483000.0,781149000.0,12.75,12.82,382263000.0
MPWR,annual,2024-12-31,2207100000.0,986230000.0,1220870000.0,681512000.0,539358000.0,572912000.0,1592058000.0,575788000.0,36.59,36.76,324748000.0
MPWR,annual,2023-12-31,1821072000.0,799953000.0,1021119000.0,539383000.0,481736000.0,505841000.0,427374000.0,521904000.0,8.76,8.98,263643000.0
MPWR,annual,2022-12-31,1794148000.0,745596000.0,1048552000.0,521767000.0,526785000.0,524937000.0,437672000.0,563899000.0,9.05,9.37,240171000.0
MPWR,quarterly,2026-06-30,980642000.0,439572000.0,541070000.0,237176000.0,303894000.0,321729000.0,257298000.0,320961000.0,5.22,5.24,118618000.0
MPWR,quarterly,2026-03-31,804185000.0,359120000.0,445065000.0,203913000.0,241152000.0,247182000.0,193226000.0,256258000.0,3.92,3.94,100566000.0
MPWR,quarterly,2025-12-31,751155000.0,336888000.0,414267000.0,214331000.0,199936000.0,209773000.0,175692000.0,214179000.0,3.46,3.51,95597000.0
MPWR,quarterly,2025-09-30,737176000.0,330948000.0,406228000.0,211045000.0,195183000.0,205575000.0,178274000.0,208884000.0,3.71,3.72,98173000.0
MPWR,quarterly,2025-06-30,664574000.0,298558000.0,366016000.0,201258000.0,164758000.0,176978000.0,135009000.0,177878000.0,2.78,2.79,96266000.0
MRK,annual,2025-12-31,65011000000.0,16382000000.0,48629000000.0,26522000000.0,22107000000.0,21067000000.0,18254000000.0,28262000000.0,7.28,7.376466,15789000000.0
MRK,annual,2024-12-31,64168000000.0,15193000000.0,48975000000.0,28754000000.0,20221000000.0,19936000000.0,17117000000.0,25706000000.0,6.74,6.771937,17938000000.0
MRK,annual,2023-12-31,60115000000.0,16126000000.0,43989000000.0,41035000000.0,2954000000.0,1889000000.0,365000000.0,6907000000.0,0.14,0.14,30531000000.0
MRK,annual,2022-12-31,59283000000.0,17411000000.0,41872000000.0,23590000000.0,18282000000.0,16444000000.0,14519000000.0,21315000000.0,5.71,5.73,13548000000.0
MRK,quarterly,2026-06-30,16607000000.0,4395000000.0,12212000000.0,12645000000.0,-433000000.0,-683000000.0,-1335000000.0,1425000000.0,-0.540783,-0.540783,9741000000.0
MRK,quarterly,2026-03-31,16286000000.0,4195000000.0,12091000000.0,15292000000.0,-3201000000.0,-3534000000.0,-4240000000.0,-1543000000.0,-1.72,-1.716812,12592000000.0
MRK,quarterly,2025-12-31,16400000000.0,5551000000.0,10849000000.0,6784000000.0,4065000000.0,3420000000.0,2963000000.0,6297000000.0,1.19,1.197352,3886000000.0
MRK,quarterly,2025-09-30,17276000000.0,3855000000.0,13421000000.0,6867000000.0,6554000000.0,6745000000.0,5785000000.0,8226000000.0,2.32,2.32577,4234000000.0
MRK,quarterly,2025-06-30,15806000000.0,3557000000.0,12249000000.0,6697000000.0,5552000000.0,4999000000.0,4427000000.0,6423000000.0,1.76,1.768578,4048000000.0
MRVL,annual,2026-01-31,8194600000.0,4013900000.0,4180700000.0,2842300000.0,1338400000.0,3046600000.0,2670100000.0,4539800000.0,3.07,3.1,2075200000.0
MRVL,annual,2025-01-31,5767300000.0,3385100000.0,2382200000.0,2748600000.0,-366400000.0,-894700000.0,-885000000.0,651600000.0,-1.02,-1.02,1950400000.0
MRVL,annual,2024-01-31,5507700000.0,3214100000.0,2293600000.0,2730200000.0,-436600000.0,-758700000.0,-933400000.0,850700000.0,-1.08,-1.08,1896200000.0
MRVL,annual,2023-01-31,5919600000.0,2932100000.0,2987500000.0,2627900000.0,359600000.0,85100000.0,-163500000.0,1648000000.0,-0.19,-0.19,1784300000.0
MRVL,quarterly,2026-07-31,2739300000.0,1283700000.0,1455600000.0,998700000.0,456900000.0,378300000.0,308000000.0,767700000.0,0.33,0.34,741100000.0
MRVL,quarterly,2026-04-30,2417800000.0,1157000000.0,1260800000.0,910700000.0,350100000.0,83300000.0,34500000.0,660000000.0,0.04,0.04,652300000.0
MRVL,quarterly,2026-01-31,2218700000.0,1070800000.0,1147900000.0,734000000.0,413900000.0,381600000.0,396100000.0,749400000.0,0.46,0.47,536000000.0
MRVL,quarterly,2025-10-31,2074500000.0,1004700000.0,1069800000.0,702400000.0,367400000.0,2215400000.0,1901300000.0,2582500000.0,2.2,2.22,512500000.0
MRVL,quarterly,2025-07-31,2006100000.0,995500000.0,1010600000.0,711800000.0,298800000.0,233700000.0,194800000.0,617900000.0,0.22,0.23,519000000.0
MS,annual,2025-12-31,65966000000.0,,,,,21954000000.0,16861000000.0,,10.21,10.32,
MS,annual,2024-12-31,57621000000.0,,,,,17596000000.0,13390000000.0,,7.95,8.04,
MS,annual,2023-12-31,50667000000.0,,,,,11813000000.0,9087000000.0,,5.18,5.24,
MS,annual,2022-12-31,50210000000.0,,,,,14089000000.0,11029000000.0,,6.15,6.23,
MS,quarterly,2026-06-30,19884000000.0,,,,,7348000000.0,5581000000.0,,3.46,3.5,
MS,quarterly,2026-03-31,19324000000.0,,,,,7011000000.0,5567000000.0,,3.43,3.47,
MS,quarterly,2025-12-31,16762000000.0,,,,,5760000000.0,4397000000.0,,2.68,2.72,
MS,quarterly,2025-09-30,17083000000.0,,,,,6028000000.0,4610000000.0,,2.8,2.83,
MS,quarterly,2025-06-30,15604000000.0,,,,,4622000000.0,3539000000.0,,2.13,2.15,
MSFT,annual,2026-06-30,331839000000.0,106374000000.0,225465000000.0,70228000000.0,155237000000.0,165934000000.0,133749000000.0,207519000000.0,17.95,18.0,35562000000.0
MSFT,annual,2025-06-30,281724000000.0,87831000000.0,193893000000.0,65365000000.0,128528000000.0,123627000000.0,101832000000.0,155445000000.0,13.64,13.7,32488000000.0
MSFT,annual,2024-06-30,245122000000.0,74114000000.0,171008000000.0,61575000000.0,109433000000.0,107787000000.0,88136000000.0,131680000000.0,11.8,11.86,29510000000.0
MSFT,annual,2023-06-30,211915000000.0,65863000000.0,146052000000.0,57529000000.0,88523000000.0,89311000000.0,72361000000.0,105140000000.0,9.68,9.72,27195000000.0
MSFT,quarterly,2026-06-30,90007000000.0,29525000000.0,60482000000.0,19879000000.0,40603000000.0,44047000000.0,35766000000.0,55908000000.0,4.81,4.82,9997000000.0
MSFT,quarterly,2026-03-31,82886000000.0,26828000000.0,56058000000.0,17660000000.0,38398000000.0,39340000000.0,31778000000.0,50285000000.0,4.27,4.28,8915000000.0
MSFT,quarterly,2025-12-31,81273000000.0,25978000000.0,55295000000.0,17020000000.0,38275000000.0,48246000000.0,38458000000.0,58180000000.0,5.16,5.18,8504000000.0
MSFT,quarterly,2025-09-30,77673000000.0,24043000000.0,53630000000.0,15669000000.0,37961000000.0,34301000000.0,27747000000.0,48060000000.0,3.72,3.73,8146000000.0
MSFT,quarterly,2025-06-30,76441000000.0,24014000000.0,52427000000.0,18104000000.0,34323000000.0,32616000000.0,27233000000.0,44434000000.0,3.65,3.66,8829000000.0
MTB,annual,2025-12-31,9632000000.0,,,,,3692000000.0,2851000000.0,,17.0,17.1,
MTB,annual,2024-12-31,9231000000.0,,,,,3310000000.0,2588000000.0,,14.64,14.71,
MTB,annual,2023-12-31,9398000000.0,,,,,3619000000.0,2741000000.0,,15.79,15.85,
MTB,annual,2022-12-31,8013000000.0,,,,,2612000000.0,1992000000.0,,11.53,11.59,
MTB,quarterly,2026-06-30,2485000000.0,,,,,1063000000.0,818000000.0,,5.32,5.35,
MTB,quarterly,2026-03-31,2408000000.0,,,,,863000000.0,664000000.0,,4.13,4.16,
MTB,quarterly,2025-12-31,2437000000.0,,,,,971000000.0,759000000.0,,4.67,4.71,
MTB,quarterly,2025-09-30,2493000000.0,,,,,1025000000.0,792000000.0,,4.82,4.85,
MTB,quarterly,2025-06-30,2386000000.0,,,,,935000000.0,716000000.0,,4.24,4.26,
MTCH,annual,2025-12-31,3487197000.0,948374000.0,2538823000.0,1627746000.0,911077000.0,746003000.0,613446000.0,960666000.0,2.38,2.53,449508000.0
MTCH,annual,2024-12-31,3479373000.0,991273000.0,2488100000.0,1590613000.0,897487000.0,704056000.0,551276000.0,951626000.0,2.02,2.12,442175000.0
MTCH,annual,2023-12-31,3364504000.0,954014000.0,2410490000.0,1445863000.0,964627000.0,776781000.0,651539000.0,998475000.0,2.26,2.36,384185000.0
MTCH,annual,2022-12-31,3188843000.0,959963000.0,2228880000.0,1347618000.0,881262000.0,377491000.0,361946000.0,566632000.0,1.24,1.28,333639000.0
MTCH,quarterly,2026-06-30,853105000.0,204262000.0,648843000.0,403393000.0,245450000.0,214648000.0,170546000.0,280885000.0,0.7,0.73,114816000.0
MTCH,quarterly,2026-03-31,863934000.0,210656000.0,653278000.0,383095000.0,270183000.0,200531000.0,166837000.0,290955000.0,0.68,0.71,116805000.0
MTCH,quarterly,2025-12-31,878006000.0,222485000.0,655521000.0,362189000.0,293332000.0,254707000.0,209649000.0,310295000.0,0.83,0.89,109174000.0
MTCH,quarterly,2025-09-30,914275000.0,247043000.0,667232000.0,436977000.0,230255000.0,193638000.0,160749000.0,245507000.0,0.62,0.67,104969000.0
MTCH,quarterly,2025-06-30,863738000.0,241938000.0,621800000.0,427879000.0,193921000.0,157705000.0,125478000.0,218424000.0,0.49,0.51,114511000.0
MTSI,annual,2025-09-30,967258000.0,438256000.0,529002000.0,399350000.0,129652000.0,-29025000.0,-54210000.0,39786000.0,-0.73,-0.73,244466000.0
MTSI,annual,2024-09-30,729578000.0,335805000.0,393773000.0,320107000.0,73666000.0,91526000.0,76859000.0,163911000.0,1.04,1.07,182158000.0
MTSI,annual,2023-09-30,648407000.0,262610000.0,385797000.0,278397000.0,107400000.0,115158000.0,91577000.0,179695000.0,1.28,1.29,148545000.0
MTSI,annual,2022-09-30,675170000.0,268989000.0,406181000.0,273507000.0,132674000.0,243120000.0,439955000.0,308900000.0,6.18,6.3,148228000.0
MTSI,quarterly,2026-06-30,342237000.0,142685000.0,199552000.0,122437000.0,77115000.0,123850000.0,100708000.0,140986000.0,1.28,1.32,74305000.0
MTSI,quarterly,2026-03-31,288955000.0,124522000.0,164433000.0,113602000.0,50831000.0,56923000.0,46331000.0,74229000.0,0.6,0.62,68983000.0
MTSI,quarterly,2025-12-31,271612000.0,119833000.0,151779000.0,108482000.0,43297000.0,49589000.0,48767000.0,66665000.0,0.64,0.65,66459000.0
MTSI,quarterly,2025-09-30,261170000.0,118869000.0,142301000.0,102706000.0,39595000.0,55902000.0,45120000.0,75344000.0,0.59,0.61,62880000.0
MTSI,quarterly,2025-06-30,252079000.0,112643000.0,139436000.0,101776000.0,37660000.0,44080000.0,36534000.0,60104000.0,0.48,0.49,63380000.0
MTZ,annual,2025-12-31,14299171000.0,12506437000.0,1792734000.0,1140091000.0,652643000.0,515398000.0,399042000.0,1115465000.0,5.07,5.12,
MTZ,annual,2024-12-31,12303464000.0,10675987000.0,1627477000.0,1191126000.0,436351000.0,250963000.0,162788000.0,950847000.0,2.06,2.09,
MTZ,annual,2023-12-31,11995934000.0,10613762000.0,1382172000.0,1302061000.0,80111000.0,-82704000.0,-49949000.0,754863000.0,-0.64,-0.64,
MTZ,annual,2022-12-31,9778038000.0,8586333000.0,1191705000.0,1066585000.0,125120000.0,43059000.0,33354000.0,662462000.0,0.42,0.45,
MTZ,quarterly,2026-06-30,4373554000.0,3817270000.0,556284000.0,330082000.0,226202000.0,193733000.0,130117000.0,364512000.0,1.65,1.67,
MTZ,quarterly,2026-03-31,3828801000.0,3350897000.0,477904000.0,336102000.0,141802000.0,91453000.0,60840000.0,256808000.0,0.77,0.78,
MTZ,quarterly,2025-12-31,3939800000.0,3431456000.0,508344000.0,300180000.0,208164000.0,174039000.0,142713000.0,329731000.0,1.81,1.83,
MTZ,quarterly,2025-09-30,3966948000.0,3429199000.0,537749000.0,285605000.0,252144000.0,211622000.0,160660000.0,361622000.0,2.04,2.07,
MTZ,quarterly,2025-06-30,3544705000.0,3109163000.0,435542000.0,277440000.0,158102000.0,120793000.0,85766000.0,267266000.0,1.09,1.1,
MU,annual,2025-08-31,37378000000.0,22505000000.0,14873000000.0,5064000000.0,9809000000.0,9654000000.0,8539000000.0,18483000000.0,7.59,7.65,3798000000.0
MU,annual,2024-08-31,25111000000.0,19498000000.0,5613000000.0,4308000000.0,1305000000.0,1240000000.0,778000000.0,9582000000.0,0.7,0.7,3430000000.0
MU,annual,2023-08-31,15540000000.0,16956000000.0,-1416000000.0,3989000000.0,-5405000000.0,-5658000000.0,-5833000000.0,2486000000.0,-5.34,-5.34,3114000000.0
MU,annual,2022-08-31,30758000000.0,16860000000.0,13898000000.0,4189000000.0,9709000000.0,9571000000.0,8687000000.0,16876000000.0,7.75,7.81,3116000000.0
MU,quarterly,2026-05-31,41456000000.0,6400000000.0,35056000000.0,1738000000.0,33318000000.0,33212000000.0,28243000000.0,35576000000.0,24.67,25.03,1316000000.0
MU,quarterly,2026-02-28,23860000000.0,6105000000.0,17755000000.0,1620000000.0,16135000000.0,16160000000.0,13785000000.0,18478000000.0,12.07,12.25,1250000000.0
MU,quarterly,2025-11-30,13643000000.0,5997000000.0,7646000000.0,1510000000.0,6136000000.0,6061000000.0,5240000000.0,8347000000.0,4.6,4.66,1171000000.0
MU,quarterly,2025-08-31,11315000000.0,6261000000.0,5054000000.0,1361000000.0,3693000000.0,3631000000.0,3201000000.0,5904000000.0,2.83,2.86,1047000000.0
MU,quarterly,2025-05-31,9301000000.0,5793000000.0,3508000000.0,1339000000.0,2169000000.0,2113000000.0,1885000000.0,4330000000.0,1.68,1.69,965000000.0
NB,annual,2025-06-30,0.0,,,,-11958000.0,-17982000.0,-17405000.0,-17931000.0,-0.36,-0.36,
NB,annual,2024-06-30,0.0,,,13757000.0,-13757000.0,-12037000.0,-11435000.0,-7545000.0,-0.31,-0.31,
NB,annual,2023-06-30,0.0,,,37410000.0,-37410000.0,-40612000.0,-40080000.0,-38273000.0,-1.34,-1.34,
NB,annual,2022-06-30,0.0,,,7796000.0,-7796000.0,-10887000.0,-10887000.0,-8057000.0,-0.41,-0.41,
NB,quarterly,2026-03-31,0.0,,,7330000.0,-7330000.0,325000.0,669000.0,479000.0,0.01,0.01,
NB,quarterly,2025-12-31,0.0,,,9502000.0,-9502000.0,-1205000.0,-623000.0,,0.0,0.0,
NB,quarterly,2025-09-30,0.0,,,12018000.0,-12018000.0,-43507000.0,-42659000.0,,-0.53,-0.53,
NB,quarterly,2025-06-30,0.0,,,,-5063000.0,-9987000.0,-9587000.0,-9987000.0,,,
NB,quarterly,2025-03-31,0.0,,,2599000.0,-2599000.0,-5375000.0,-5297000.0,,-0.11,-0.11,
NBIS,annual,2025-12-31,529800000.0,166200000.0,363600000.0,975300000.0,-611700000.0,13800000.0,82500000.0,543800000.0,0.401949,0.401949,177300000.0
NBIS,annual,2024-12-31,91500000.0,43700000.0,47800000.0,447400000.0,-399600000.0,-353000000.0,-641400000.0,-267200000.0,-2.735059,-2.735059,114800000.0
NBIS,annual,2023-12-31,9800000.0,19600000.0,-9800000.0,275900000.0,-285700000.0,-297000000.0,241300000.0,-260600000.0,0.60174,0.605355,87100000.0
NBIS,annual,2022-12-31,13500000.0,28400000.0,-14900000.0,143100000.0,-158000000.0,-178900000.0,745600000.0,-128500000.0,1.107785,1.439463,58300000.0
NBIS,quarterly,2026-06-30,582300000.0,133600000.0,448700000.0,624600000.0,-175900000.0,-176700000.0,-190400000.0,236700000.0,-0.68,-0.68,191000000.0
NBIS,quarterly,2026-03-31,399000000.0,103800000.0,295200000.0,423200000.0,-128000000.0,615400000.0,621200000.0,920900000.0,2.11,2.4,67400000.0
NBIS,quarterly,2025-12-31,227700000.0,68500000.0,159200000.0,409200000.0,-250000000.0,-266200000.0,-268800000.0,-8300000.0,-0.986495,-0.986495,53100000.0
NBIS,quarterly,2025-09-30,146100000.0,42900000.0,103200000.0,233400000.0,-130200000.0,-119900000.0,-119600000.0,6600000.0,-0.5,-0.5,44900000.0
NBIS,quarterly,2025-06-30,105100000.0,30100000.0,75000000.0,186200000.0,-111200000.0,503300000.0,584400000.0,592800000.0,2.38,2.45,42800000.0
NCLH,annual,2025-12-31,9827592000.0,5639163000.0,4188429000.0,2627561000.0,1560868000.0,428721000.0,423246000.0,2544335000.0,0.92,0.94,
NCLH,annual,2024-12-31,9479651000.0,5688696000.0,3790955000.0,2325049000.0,1465906000.0,772907000.0,910257000.0,2493642000.0,1.89,2.09,
NCLH,annual,2023-12-31,8549924000.0,5468587000.0,3081337000.0,2150426000.0,930911000.0,163176000.0,166178000.0,1773943000.0,0.39,0.39,
NCLH,annual,2022-12-31,4843760000.0,4267086000.0,576674000.0,2128431000.0,-1551757000.0,-2276703000.0,-2269909000.0,-665138000.0,-5.41,-5.41,
NCLH,quarterly,2026-06-30,2640544000.0,1586808000.0,1053736000.0,690409000.0,363327000.0,225957000.0,222553000.0,690891000.0,0.48,0.48,
NCLH,quarterly,2026-03-31,2331221000.0,1377881000.0,953340000.0,720397000.0,232943000.0,107659000.0,104666000.0,555034000.0,0.23,0.23,
NCLH,quarterly,2025-12-31,2244400000.0,1323519000.0,920881000.0,734240000.0,186641000.0,5891000.0,14254000.0,550275000.0,0.03,0.03,
NCLH,quarterly,2025-09-30,2938142000.0,1554859000.0,1383283000.0,633834000.0,749449000.0,433636000.0,419295000.0,1035240000.0,0.86,0.93,
NCLH,quarterly,2025-06-30,2517497000.0,1456847000.0,1060650000.0,636814000.0,423836000.0,30629000.0,29992000.0,531848000.0,0.07,0.07,
NDAQ,annual,2025-12-31,8262000000.0,4773000000.0,3489000000.0,1056000000.0,2433000000.0,2145000000.0,1788000000.0,3131000000.0,3.09,3.12,
NDAQ,annual,2024-12-31,7400000000.0,4411000000.0,2989000000.0,1040000000.0,1949000000.0,1449000000.0,1117000000.0,2460000000.0,1.93,1.94,
NDAQ,annual,2023-12-31,6064000000.0,3518000000.0,2546000000.0,740000000.0,1806000000.0,1401000000.0,1059000000.0,1996000000.0,2.08,2.1,
NDAQ,annual,2022-12-31,6226000000.0,3887000000.0,2339000000.0,678000000.0,1661000000.0,1475000000.0,1125000000.0,1853000000.0,2.26,2.28,
NDAQ,quarterly,2026-06-30,2532000000.0,1512000000.0,1020000000.0,289000000.0,731000000.0,653000000.0,507000000.0,902000000.0,0.89,0.9,
NDAQ,quarterly,2026-03-31,2137000000.0,1179000000.0,958000000.0,286000000.0,672000000.0,677000000.0,519000000.0,926000000.0,0.91,0.92,
NDAQ,quarterly,2025-12-31,2124000000.0,1182000000.0,942000000.0,291000000.0,651000000.0,580000000.0,518000000.0,826000000.0,0.9,0.91,
NDAQ,quarterly,2025-09-30,1958000000.0,1088000000.0,870000000.0,263000000.0,607000000.0,529000000.0,423000000.0,771000000.0,0.73,0.74,
NDAQ,quarterly,2025-06-30,2101000000.0,1240000000.0,861000000.0,264000000.0,597000000.0,548000000.0,452000000.0,798000000.0,0.78,0.79,
NDSN,annual,2025-10-31,2791687000.0,1251903000.0,1539784000.0,815514000.0,724270000.0,597648000.0,484474000.0,852327000.0,8.51,8.56,
NDSN,annual,2024-10-31,2689921000.0,1203792000.0,1486129000.0,812128000.0,674001000.0,585481000.0,467284000.0,810580000.0,8.11,8.17,
NDSN,annual,2023-10-31,2628632000.0,1203227000.0,1425405000.0,752644000.0,672761000.0,615339000.0,487493000.0,786742000.0,8.46,8.54,
NDSN,annual,2022-10-31,2590278000.0,1163742000.0,1426536000.0,724176000.0,702360000.0,649279000.0,513103000.0,771615000.0,8.81,8.9,
NDSN,quarterly,2026-07-31,817667000.0,363935000.0,453732000.0,230640000.0,223092000.0,185939000.0,152846000.0,243308000.0,2.73,2.74,
NDSN,quarterly,2026-04-30,740847000.0,336770000.0,404077000.0,206874000.0,197203000.0,141174000.0,117316000.0,199431000.0,2.09,2.1,
NDSN,quarterly,2026-01-31,669461000.0,303339000.0,366122000.0,199717000.0,166405000.0,164501000.0,133382000.0,224217000.0,2.38,2.39,
NDSN,quarterly,2025-10-31,751820000.0,328353000.0,423467000.0,208872000.0,214595000.0,182899000.0,151634000.0,245735000.0,2.69,2.7,
NDSN,quarterly,2025-07-31,741509000.0,334992000.0,406517000.0,206539000.0,199978000.0,159124000.0,125784000.0,223228000.0,2.22,2.23,
NE,annual,2025-12-31,3285568000.0,2637409000.0,648159000.0,133147000.0,515012000.0,273102000.0,216717000.0,1012609000.0,1.35,1.36,
NE,annual,2024-12-31,3057818000.0,2221269000.0,836549000.0,140499000.0,696050000.0,492334000.0,448353000.0,972577000.0,2.96,3.01,
NE,annual,2023-12-31,2589018000.0,1845268000.0,743750000.0,128413000.0,615337000.0,512243000.0,481902000.0,765951000.0,3.32,3.48,
NE,annual,2022-12-31,1413847000.0,1108402000.0,305445000.0,82177000.0,223268000.0,191501000.0,168948000.0,375750000.0,1.73,1.99,
NE,quarterly,2026-06-30,719688000.0,619999000.0,99689000.0,26944000.0,72745000.0,-20393000.0,-36684000.0,155392000.0,-0.23,-0.23,
NE,quarterly,2026-03-31,785690000.0,617577000.0,168113000.0,30048000.0,138065000.0,193672000.0,120725000.0,371571000.0,0.75,0.76,
NE,quarterly,2025-12-31,764412000.0,664816000.0,99596000.0,29662000.0,69934000.0,13789000.0,86637000.0,203226000.0,0.54,0.55,
NE,quarterly,2025-09-30,798017000.0,657701000.0,140316000.0,33301000.0,107015000.0,10636000.0,-21095000.0,198386000.0,-0.13,-0.13,
NE,quarterly,2025-06-30,848652000.0,677872000.0,170780000.0,34976000.0,135804000.0,99968000.0,42872000.0,286134000.0,0.27,0.27,
NEE,annual,2025-12-31,27412000000.0,10343000000.0,17069000000.0,9049000000.0,8020000000.0,4530000000.0,6835000000.0,16043000000.0,3.281325,3.281325,
NEE,annual,2024-12-31,24753000000.0,9886000000.0,14867000000.0,7740000000.0,7127000000.0,6037000000.0,6946000000.0,14033000000.0,3.37,3.376762,
NEE,annual,2023-12-31,28114000000.0,10138000000.0,17976000000.0,8144000000.0,9832000000.0,7288000000.0,7310000000.0,16763000000.0,3.599212,3.6,
NEE,annual,2022-12-31,20956000000.0,10817000000.0,10139000000.0,6580000000.0,3559000000.0,3832000000.0,4147000000.0,9207000000.0,2.087066,2.087066,
NEE,quarterly,2026-06-30,7534000000.0,2833000000.0,4701000000.0,2424000000.0,2277000000.0,2538000000.0,3144000000.0,4901000000.0,1.5,1.507333,
NEE,quarterly,2026-03-31,6701000000.0,2751000000.0,3950000000.0,1999000000.0,1951000000.0,1199000000.0,2182000000.0,3948000000.0,1.04,1.046351,
NEE,quarterly,2025-12-31,6500000000.0,2769000000.0,3731000000.0,2208000000.0,1523000000.0,1318000000.0,1535000000.0,3618000000.0,0.73,0.736918,
NEE,quarterly,2025-09-30,7966000000.0,2833000000.0,5133000000.0,2749000000.0,2384000000.0,1885000000.0,2438000000.0,5231000000.0,1.18,1.18,
NEE,quarterly,2025-06-30,6700000000.0,2404000000.0,4296000000.0,2403000000.0,1893000000.0,1383000000.0,2028000000.0,4300000000.0,0.98,0.99,
NEM,annual,2025-12-31,22669000000.0,10606000000.0,12063000000.0,1040000000.0,11023000000.0,11342000000.0,7085000000.0,14092000000.0,6.39,6.41,166000000.0
NEM,annual,2024-12-31,18682000000.0,11539000000.0,7143000000.0,1233000000.0,5910000000.0,4577000000.0,3348000000.0,7528000000.0,2.92,2.92,197000000.0
NEM,annual,2023-12-31,11812000000.0,8807000000.0,3005000000.0,2297000000.0,708000000.0,-2031000000.0,-2494000000.0,320000000.0,-2.94,-2.94,200000000.0
NEM,annual,2022-12-31,11915000000.0,8653000000.0,3262000000.0,1657000000.0,1605000000.0,-51000000.0,-429000000.0,2361000000.0,-0.54,-0.54,229000000.0
NEM,quarterly,2026-06-30,6118000000.0,2692000000.0,3426000000.0,271000000.0,3155000000.0,2999000000.0,2202000000.0,3638000000.0,2.06,2.07,47000000.0
NEM,quarterly,2026-03-31,7307000000.0,2569000000.0,4738000000.0,253000000.0,4485000000.0,4583000000.0,3262000000.0,5254000000.0,3.01,3.01,45000000.0
NEM,quarterly,2025-12-31,6818000000.0,2692000000.0,4126000000.0,152000000.0,3974000000.0,3246000000.0,1301000000.0,3944000000.0,1.19,1.19,43000000.0
NEM,quarterly,2025-09-30,5524000000.0,2594000000.0,2930000000.0,314000000.0,2616000000.0,2507000000.0,1832000000.0,3202000000.0,1.67,1.67,40000000.0
NEM,quarterly,2025-06-30,5317000000.0,2621000000.0,2696000000.0,279000000.0,2417000000.0,3118000000.0,2061000000.0,3803000000.0,1.85,1.86,40000000.0
NET,annual,2025-12-31,2167937000.0,552525000.0,1615412000.0,1822617000.0,-207205000.0,-92706000.0,-102267000.0,105802000.0,-0.29,-0.29,512489000.0
NET,annual,2024-12-31,1669626000.0,378702000.0,1290924000.0,1445685000.0,-154761000.0,-70871000.0,-78800000.0,62047000.0,-0.23,-0.23,421374000.0
NET,annual,2023-12-31,1296745000.0,307005000.0,989740000.0,1175225000.0,-185485000.0,-177862000.0,-183949000.0,-36170000.0,-0.55,-0.55,358143000.0
NET,annual,2022-12-31,975241000.0,232610000.0,742631000.0,943834000.0,-201203000.0,-190733000.0,-193381000.0,-83414000.0,-0.59,-0.59,298303000.0
NET,quarterly,2026-06-30,696061000.0,196544000.0,499517000.0,554520000.0,-55003000.0,-167940000.0,-169981000.0,-99495000.0,-0.48,-0.48,159486000.0
NET,quarterly,2026-03-31,639755000.0,184158000.0,455597000.0,517591000.0,-61994000.0,-21401000.0,-22927000.0,38976000.0,-0.07,-0.07,150972000.0
NET,quarterly,2025-12-31,614507000.0,161956000.0,452551000.0,501785000.0,-49234000.0,-10508000.0,-12077000.0,44965000.0,-0.03,-0.03,141887000.0
NET,quarterly,2025-09-30,562027000.0,146316000.0,415711000.0,453171000.0,-37460000.0,1850000.0,-1290000.0,54230000.0,0.0,0.0,120956000.0
NET,quarterly,2025-06-30,512316000.0,128677000.0,383639000.0,450903000.0,-67264000.0,-47289000.0,-50446000.0,-284000.0,-0.15,-0.15,134557000.0
NFE,annual,2025-12-31,1504037000.0,1148705000.0,355332000.0,525953000.0,-170621000.0,-1770603000.0,-1843606000.0,-826128000.0,-6.63,-6.63,
NFE,annual,2024-12-31,2358944000.0,1257344000.0,1101600000.0,464141000.0,637459000.0,-174229000.0,-251189000.0,243062000.0,-1.25,-1.24,
NFE,annual,2023-12-31,2390605000.0,1086084000.0,1304521000.0,378944000.0,925577000.0,651196000.0,547230000.0,1078070000.0,2.65,2.66,
NFE,annual,2022-12-31,2368272000.0,1216586000.0,1151686000.0,341851000.0,809835000.0,61347000.0,194479000.0,430699000.0,0.93,0.93,
NFE,quarterly,2026-06-30,312502000.0,261943000.0,50559000.0,126390000.0,-75831000.0,-380919000.0,-371441000.0,-113227000.0,-1.3,-1.3,
NFE,quarterly,2026-03-31,226953000.0,241421000.0,-14468000.0,95759000.0,-110227000.0,-369063000.0,-399945000.0,-145186000.0,-1.4,-1.4,
NFE,quarterly,2025-12-31,404442000.0,261638000.0,142804000.0,150082000.0,-7278000.0,-758997000.0,-789734000.0,-575714000.0,,,
NFE,quarterly,2025-09-30,327367000.0,254679000.0,72688000.0,144570000.0,-71882000.0,-285109000.0,-299660000.0,-28790000.0,-1.07,-1.07,
NFE,quarterly,2025-06-30,304100000.0,269100000.0,35000000.0,113962000.0,-78962000.0,-536062000.0,-544266000.0,-302200000.0,-1.99,-1.99,
NFLX,annual,2025-12-31,45183036000.0,23275329000.0,21907707000.0,8581104000.0,13326603000.0,12722552000.0,10981201000.0,30254617000.0,2.53,2.58,3391390000.0
NFLX,annual,2024-12-31,39000966000.0,21038464000.0,17962502000.0,7544888000.0,10417614000.0,9965657000.0,8711631000.0,26314821000.0,1.983,2.028,2925295000.0
NFLX,annual,2023-12-31,33723297000.0,19715368000.0,14007929000.0,7053926000.0,6954003000.0,6205405000.0,5407990000.0,21508387000.0,1.203,1.225,2675758000.0
NFLX,annual,2022-12-31,31615550000.0,19168285000.0,12447265000.0,6814434000.0,5632831000.0,5263929000.0,4491924000.0,20332955000.0,0.995,1.01,2711041000.0
NFLX,quarterly,2026-06-30,12559938000.0,6036965000.0,6522973000.0,2330363000.0,4192610000.0,4068586000.0,3401414000.0,8656110000.0,0.8,0.81,1007675000.0
NFLX,quarterly,2026-03-31,12249757000.0,5888238000.0,6361519000.0,2404522000.0,3956997000.0,6547086000.0,5282791000.0,11125638000.0,1.23,1.25,959696000.0
NFLX,quarterly,2025-12-31,12050762000.0,6522621000.0,5528141000.0,2571478000.0,2956663000.0,2767741000.0,2418521000.0,7852355000.0,0.56,0.57,890300000.0
NFLX,quarterly,2025-09-30,11510307000.0,6164250000.0,5346057000.0,2097810000.0,3248247000.0,3109410000.0,2546916000.0,7374774000.0,0.587,0.6,853584000.0
NFLX,quarterly,2025-06-30,11079166000.0,5325311000.0,5753855000.0,1979161000.0,3774694000.0,3631675000.0,3125413000.0,7726411000.0,0.719,0.735,824683000.0
NI,annual,2025-12-31,6642200000.0,3294600000.0,3347600000.0,1515700000.0,1831900000.0,1216400000.0,929500000.0,3045900000.0,1.95,1.96,
NI,annual,2024-12-31,5455100000.0,2647400000.0,2807700000.0,1343900000.0,1463800000.0,1002800000.0,760400000.0,2569100000.0,1.62,1.63,
NI,annual,2023-12-31,5505400000.0,3028200000.0,2477200000.0,1178800000.0,1298400000.0,813900000.0,714300000.0,2223300000.0,1.48,1.59,
NI,annual,2022-12-31,5850600000.0,3599900000.0,2250700000.0,1089100000.0,1161600000.0,956400000.0,804100000.0,2149400000.0,1.7,1.84,
NI,quarterly,2026-06-30,1342400000.0,668500000.0,673900000.0,445800000.0,228100000.0,47100000.0,45500000.0,608500000.0,0.09,0.1,
NI,quarterly,2026-03-31,2363100000.0,1158400000.0,1204700000.0,385500000.0,819200000.0,642000000.0,507100000.0,1121900000.0,1.06,1.06,
NI,quarterly,2025-12-31,1902900000.0,966600000.0,936300000.0,421200000.0,515100000.0,332100000.0,257800000.0,857700000.0,,,
NI,quarterly,2025-09-30,1273100000.0,594700000.0,678400000.0,376200000.0,302200000.0,127600000.0,94700000.0,614300000.0,0.2,0.2,
NI,quarterly,2025-06-30,1283000000.0,658000000.0,625000000.0,360900000.0,264100000.0,124300000.0,102200000.0,550100000.0,0.22,0.22,
NJR,annual,2025-09-30,2036412000.0,1309772000.0,726640000.0,275973000.0,450667000.0,426516000.0,335627000.0,743885000.0,3.33,3.35,
NJR,annual,2024-09-30,1796539000.0,1111541000.0,684998000.0,226894000.0,458104000.0,369382000.0,289775000.0,666224000.0,2.92,2.94,
NJR,annual,2023-09-30,1962994000.0,1352511000.0,610483000.0,203483000.0,407000000.0,310069000.0,264724000.0,586024000.0,2.71,2.73,
NJR,annual,2022-09-30,2905979000.0,2310818000.0,595161000.0,188686000.0,406475000.0,342940000.0,274922000.0,558019000.0,2.85,2.86,
NJR,quarterly,2026-06-30,349180000.0,253309000.0,95871000.0,63979000.0,31892000.0,11465000.0,9689000.0,100209000.0,0.1,0.1,
NJR,quarterly,2026-03-31,939401000.0,528795000.0,410606000.0,109579000.0,301027000.0,282347000.0,218912000.0,367451000.0,2.16,2.17,
NJR,quarterly,2025-12-31,604854000.0,342916000.0,261938000.0,82730000.0,179208000.0,154892000.0,122490000.0,240144000.0,1.21,1.22,
NJR,quarterly,2025-09-30,336078000.0,244062000.0,92016000.0,53721000.0,38295000.0,16501000.0,15072000.0,95462000.0,0.15,0.15,
NJR,quarterly,2025-06-30,298946000.0,242574000.0,56372000.0,57979000.0,-1607000.0,-21716000.0,-15051000.0,56978000.0,-0.15,-0.15,
NKE,annual,2026-05-31,46398000000.0,26487000000.0,19911000000.0,16114000000.0,3797000000.0,3900000000.0,3108000000.0,4594000000.0,2.1,2.1,
NKE,annual,2025-05-31,46309000000.0,26519000000.0,19790000000.0,16088000000.0,3702000000.0,3885000000.0,3219000000.0,4510000000.0,2.16,2.17,
NKE,annual,2024-05-31,51362000000.0,28475000000.0,22887000000.0,16576000000.0,6311000000.0,6700000000.0,5700000000.0,7155000000.0,3.73,3.76,
NKE,annual,2023-05-31,51217000000.0,28925000000.0,22292000000.0,16377000000.0,5915000000.0,6201000000.0,5070000000.0,6774000000.0,3.23,3.27,
NKE,quarterly,2026-05-31,10972000000.0,5579000000.0,5393000000.0,4082000000.0,1311000000.0,1329000000.0,1069000000.0,1514000000.0,0.72,0.72,
NKE,quarterly,2026-02-28,11279000000.0,6749000000.0,4530000000.0,3977000000.0,553000000.0,650000000.0,520000000.0,769000000.0,0.35,0.35,
NKE,quarterly,2025-11-30,12427000000.0,7382000000.0,5045000000.0,4039000000.0,1006000000.0,999000000.0,792000000.0,1186000000.0,0.53,0.54,
NKE,quarterly,2025-08-31,11720000000.0,6777000000.0,4943000000.0,4016000000.0,927000000.0,922000000.0,727000000.0,1125000000.0,0.49,0.49,
NKE,quarterly,2025-05-31,11097000000.0,6628000000.0,4469000000.0,4148000000.0,321000000.0,318000000.0,211000000.0,518000000.0,0.14,0.14,
NKTX,annual,2025-12-31,0.0,,,121997000.0,-121997000.0,-104084000.0,-104084000.0,-112804000.0,-1.41,-1.41,90429000.0
NKTX,annual,2024-12-31,0.0,,,128194000.0,-128194000.0,-108790000.0,-108790000.0,-119042000.0,-1.6,-1.6,96744000.0
NKTX,annual,2023-12-31,0.0,,,131650000.0,-131650000.0,-117501000.0,-117501000.0,-125781000.0,-2.4,-2.4,96773000.0
NKTX,annual,2022-12-31,0.0,,,118955000.0,-118955000.0,-113837000.0,-113837000.0,-116318000.0,-2.61,-2.61,90897000.0
NKTX,quarterly,2026-06-30,0.0,,,43128000.0,-43128000.0,-40368000.0,-40368000.0,-40396000.0,-0.54,-0.54,29046000.0
NKTX,quarterly,2026-03-31,0.0,,,30876000.0,-30876000.0,-27832000.0,-27832000.0,-28536000.0,-0.37,-0.37,24988000.0
NKTX,quarterly,2025-12-31,0.0,,,30961000.0,-30961000.0,-27409000.0,-27409000.0,-28704000.0,-0.37,-0.37,25281000.0
NKTX,quarterly,2025-09-30,0.0,,,27286000.0,-27286000.0,-21715000.0,-21715000.0,-24980000.0,-0.29,-0.29,20198000.0
NKTX,quarterly,2025-06-30,0.0,,,27186000.0,-27186000.0,-22977000.0,-22977000.0,-24855000.0,-0.31,-0.31,20778000.0
NNE,annual,2025-09-30,0.0,,,45009033.0,-45009033.0,-40067076.0,-40067076.0,-44358295.0,-1.06,-1.06,15446513.0
NNE,annual,2024-09-30,0.0,,,10576558.0,-10576558.0,-10151556.0,-10151556.0,-10469633.0,-0.39,-0.39,3725565.0
NNE,annual,2023-09-30,0.0,,,6283395.0,-6283395.0,-6250401.0,-6250401.0,-6283395.0,-0.218779,-0.218779,1534000.0
NNE,quarterly,2026-06-30,214042.0,151831.0,62211.0,15480669.0,-15418458.0,-10104135.0,-10104135.0,-15002071.0,-0.19,-0.19,3994448.0
NNE,quarterly,2026-03-31,0.0,,,14248739.0,-14248739.0,-9180166.0,-9180166.0,-13919776.0,-0.18,-0.18,5659427.0
NNE,quarterly,2025-12-31,0.0,,,12215163.0,-12215163.0,-6516279.0,-6516279.0,-11923293.0,-0.13,-0.13,5400410.0
NNE,quarterly,2025-09-30,0.0,,,10459046.0,-10459046.0,-8050410.0,-8050410.0,-10170389.0,,,4162534.0
NNE,quarterly,2025-06-30,0.0,0.0,0.0,8740773.0,-8740773.0,-7594583.0,-7594583.0,-8551823.0,-0.19,-0.19,3666513.0
NOC,annual,2025-12-31,41954000000.0,33641000000.0,8313000000.0,4033000000.0,4280000000.0,5068000000.0,4182000000.0,7205000000.0,29.08,29.14,
NOC,annual,2024-12-31,41033000000.0,32671000000.0,8362000000.0,3992000000.0,4370000000.0,5016000000.0,4174000000.0,7007000000.0,28.34,28.39,
NOC,annual,2023-12-31,39290000000.0,32739000000.0,6551000000.0,4014000000.0,2537000000.0,2346000000.0,2056000000.0,4229000000.0,13.53,13.57,
NOC,annual,2022-12-31,36602000000.0,29128000000.0,7474000000.0,3873000000.0,3601000000.0,5836000000.0,4896000000.0,7684000000.0,31.47,31.61,
NOC,quarterly,2026-06-30,10876000000.0,8755000000.0,2121000000.0,1025000000.0,1096000000.0,1168000000.0,1094000000.0,1696000000.0,7.68,7.7,
NOC,quarterly,2026-03-31,9881000000.0,7921000000.0,1960000000.0,971000000.0,989000000.0,1030000000.0,875000000.0,1564000000.0,6.14,6.16,
NOC,quarterly,2025-12-31,11712000000.0,9416000000.0,2296000000.0,1025000000.0,1271000000.0,1740000000.0,1427000000.0,2321000000.0,,,
NOC,quarterly,2025-09-30,10423000000.0,8196000000.0,2227000000.0,985000000.0,1242000000.0,1323000000.0,1100000000.0,1863000000.0,7.67,7.69,
NOC,quarterly,2025-06-30,10351000000.0,8141000000.0,2210000000.0,1016000000.0,1194000000.0,1427000000.0,1174000000.0,1950000000.0,8.15,8.17,
NOW,annual,2025-12-31,13278000000.0,2983000000.0,10295000000.0,8471000000.0,1824000000.0,2261000000.0,1748000000.0,3022000000.0,1.67,1.69,2960000000.0
NOW,annual,2024-12-31,10984000000.0,2287000000.0,8697000000.0,7333000000.0,1364000000.0,1738000000.0,1425000000.0,2325000000.0,1.368,1.384,2543000000.0
NOW,annual,2023-12-31,8971000000.0,1921000000.0,7050000000.0,6288000000.0,762000000.0,1008000000.0,1731000000.0,1324000000.0,1.684,1.696,2124000000.0
NOW,annual,2022-12-31,7245000000.0,1573000000.0,5672000000.0,5317000000.0,355000000.0,399000000.0,325000000.0,788000000.0,0.32,0.322,1768000000.0
NOW,quarterly,2026-06-30,3987000000.0,1169000000.0,2818000000.0,2656000000.0,162000000.0,438000000.0,298000000.0,911000000.0,0.29,0.29,915000000.0
NOW,quarterly,2026-03-31,3770000000.0,940000000.0,2830000000.0,2327000000.0,503000000.0,673000000.0,469000000.0,937000000.0,0.45,0.45,823000000.0
NOW,quarterly,2025-12-31,3568000000.0,834000000.0,2734000000.0,2291000000.0,443000000.0,541000000.0,401000000.0,758000000.0,0.38,0.39,773000000.0
NOW,quarterly,2025-09-30,3407000000.0,774000000.0,2633000000.0,2061000000.0,572000000.0,694000000.0,502000000.0,894000000.0,0.48,0.484,750000000.0
NOW,quarterly,2025-06-30,3215000000.0,724000000.0,2491000000.0,2133000000.0,358000000.0,471000000.0,385000000.0,649000000.0,0.368,0.372,734000000.0
NRG,annual,2025-12-31,30713000000.0,24761000000.0,5952000000.0,4008000000.0,1944000000.0,1134000000.0,864000000.0,3281000000.0,4.01,4.09,
NRG,annual,2024-12-31,28130000000.0,22100000000.0,6030000000.0,3748000000.0,2282000000.0,1448000000.0,1125000000.0,3502000000.0,4.99,5.14,
NRG,annual,2023-12-31,28823000000.0,26483000000.0,2340000000.0,3389000000.0,-1049000000.0,-213000000.0,-202000000.0,1749000000.0,-1.12,-1.12,
NRG,annual,2022-12-31,31543000000.0,27443000000.0,4100000000.0,1876000000.0,2224000000.0,1663000000.0,1221000000.0,2800000000.0,5.17,5.17,
NRG,quarterly,2026-06-30,7481000000.0,5470000000.0,2011000000.0,1056000000.0,955000000.0,663000000.0,506000000.0,1467000000.0,2.31,2.32,
NRG,quarterly,2026-03-31,10256000000.0,8858000000.0,1398000000.0,1025000000.0,373000000.0,83000000.0,125000000.0,800000000.0,0.52,0.52,
NRG,quarterly,2025-12-31,7753000000.0,6330000000.0,1423000000.0,1093000000.0,330000000.0,64000000.0,66000000.0,683000000.0,,,
NRG,quarterly,2025-09-30,7635000000.0,6241000000.0,1394000000.0,972000000.0,422000000.0,238000000.0,152000000.0,785000000.0,0.69,0.7,
NRG,quarterly,2025-06-30,6740000000.0,5629000000.0,1111000000.0,1068000000.0,43000000.0,-153000000.0,-104000000.0,339000000.0,-0.62,-0.62,
NSC,annual,2025-12-31,12180000000.0,7753000000.0,4427000000.0,-144000000.0,4571000000.0,3665000000.0,2873000000.0,5850000000.0,12.75,12.801849,
NSC,annual,2024-12-31,12123000000.0,7580000000.0,4543000000.0,-334000000.0,4877000000.0,3329000000.0,2622000000.0,5489000000.0,11.57,11.58532,
NSC,annual,2023-12-31,12156000000.0,7721000000.0,4435000000.0,109000000.0,4326000000.0,2320000000.0,1827000000.0,4340000000.0,8.02,8.095489,
NSC,annual,2022-12-31,12745000000.0,7506000000.0,5239000000.0,34000000.0,5205000000.0,4130000000.0,3270000000.0,6043000000.0,13.88,14.3373,
NSC,quarterly,2026-06-30,3465000000.0,2170000000.0,1295000000.0,29000000.0,1266000000.0,959000000.0,734000000.0,1514000000.0,3.26,3.26791,
NSC,quarterly,2026-03-31,2998000000.0,1964000000.0,1034000000.0,42000000.0,992000000.0,715000000.0,547000000.0,1264000000.0,2.43,2.435506,
NSC,quarterly,2025-12-31,2974000000.0,2005000000.0,969000000.0,-189000000.0,1158000000.0,765000000.0,644000000.0,1313000000.0,2.869611,2.869611,
NSC,quarterly,2025-09-30,3103000000.0,1946000000.0,1157000000.0,-32000000.0,1189000000.0,924000000.0,711000000.0,1469000000.0,3.16,3.168638,
NSC,quarterly,2025-06-30,3110000000.0,1875000000.0,1235000000.0,4000000.0,1231000000.0,998000000.0,768000000.0,1545000000.0,3.41,3.419186,
NTAP,annual,2026-04-30,6925000000.0,2026000000.0,4899000000.0,3204000000.0,1695000000.0,1648000000.0,1276000000.0,1957000000.0,6.35,6.41,991000000.0
NTAP,annual,2025-04-30,6572000000.0,1959000000.0,4613000000.0,3188000000.0,1425000000.0,1383000000.0,1186000000.0,1690000000.0,5.67,5.81,1012000000.0
NTAP,annual,2024-04-30,6268000000.0,1835000000.0,4433000000.0,3165000000.0,1268000000.0,1263000000.0,986000000.0,1582000000.0,4.63,4.74,1029000000.0
NTAP,annual,2023-04-30,6362000000.0,2153000000.0,4209000000.0,3050000000.0,1159000000.0,1066000000.0,1274000000.0,1381000000.0,5.79,5.87,956000000.0
NTAP,quarterly,2026-07-31,,,,,,,,,1.88,1.91,
NTAP,quarterly,2026-04-30,1948000000.0,583000000.0,1365000000.0,834000000.0,531000000.0,518000000.0,404000000.0,595000000.0,2.03,2.05,261000000.0
NTAP,quarterly,2026-01-31,1713000000.0,504000000.0,1209000000.0,778000000.0,431000000.0,433000000.0,334000000.0,507000000.0,1.67,1.69,237000000.0
NTAP,quarterly,2025-10-31,1705000000.0,478000000.0,1227000000.0,805000000.0,422000000.0,393000000.0,305000000.0,471000000.0,1.51,1.53,251000000.0
NTAP,quarterly,2025-07-31,1559000000.0,461000000.0,1098000000.0,787000000.0,311000000.0,304000000.0,233000000.0,384000000.0,1.15,1.16,242000000.0
NTLA,annual,2025-12-31,67671000.0,,,508661000.0,-440990000.0,-412694000.0,-412694000.0,-425067000.0,-3.81,-3.81,388861000.0
NTLA,annual,2024-12-31,57877000.0,,,592140000.0,-534263000.0,-519021000.0,-519021000.0,-523978000.0,-5.25,-5.25,466311000.0
NTLA,annual,2023-12-31,36275000.0,,,551566000.0,-515291000.0,-481192000.0,-481192000.0,-506315000.0,-5.42,-5.42,435069000.0
NTLA,annual,2022-12-31,52121000.0,,,510285000.0,-458164000.0,-474186000.0,-474186000.0,-450592000.0,-6.16,-6.16,419979000.0
NTLA,quarterly,2026-06-30,7659000.0,,,120419000.0,-112760000.0,-106634000.0,-106634000.0,-110678000.0,-0.8,-0.8,82595000.0
NTLA,quarterly,2026-03-31,15048000.0,,,115580000.0,-100532000.0,-96231000.0,-96231000.0,-98330000.0,-0.81,-0.81,80737000.0
NTLA,quarterly,2025-12-31,23017000.0,,,121727000.0,-98710000.0,-95786000.0,-95786000.0,-92695000.0,-0.83,-0.83,88652000.0
NTLA,quarterly,2025-09-30,13782000.0,,,125259000.0,-111477000.0,-101324000.0,-101324000.0,-106541000.0,-0.92,-0.92,94747000.0
NTLA,quarterly,2025-06-30,14245000.0,,,124241000.0,-109996000.0,-101255000.0,-101255000.0,-107522000.0,-0.98,-0.98,97035000.0
NTR,annual,2025-12-31,26885000000.0,18538000000.0,8347000000.0,4478000000.0,3869000000.0,3049000000.0,2267000000.0,6147000000.0,4.66,4.66,
NTR,annual,2024-12-31,25972000000.0,18442000000.0,7530000000.0,4569000000.0,2961000000.0,1136000000.0,674000000.0,4212000000.0,1.36,1.36,
NTR,annual,2023-12-31,29056000000.0,20582000000.0,8474000000.0,4614000000.0,3860000000.0,1952000000.0,1258000000.0,4885000000.0,2.53,2.53,
NTR,annual,2022-12-31,37884000000.0,22460000000.0,15424000000.0,5241000000.0,10183000000.0,10246000000.0,7660000000.0,12779000000.0,14.18,14.22,
NTR,quarterly,2026-06-30,10812000000.0,7561000000.0,3251000000.0,1262000000.0,1989000000.0,1604000000.0,1214000000.0,2381000000.0,2.53,2.53,
NTR,quarterly,2026-03-31,6046000000.0,4400000000.0,1646000000.0,1139000000.0,507000000.0,184000000.0,131000000.0,966000000.0,0.27,0.27,
NTR,quarterly,2025-12-31,5340000000.0,3452000000.0,1888000000.0,1117000000.0,771000000.0,738000000.0,571000000.0,1530000000.0,1.18,1.18,
NTR,quarterly,2025-09-30,6007000000.0,4043000000.0,1964000000.0,1087000000.0,877000000.0,637000000.0,464000000.0,1424000000.0,0.96,0.96,
NTR,quarterly,2025-06-30,10438000000.0,7263000000.0,3175000000.0,1248000000.0,1927000000.0,1627000000.0,1221000000.0,2396000000.0,2.5,2.51,
NUE,annual,2025-12-31,32494000000.0,28616000000.0,3878000000.0,1219000000.0,2659000000.0,2568000000.0,1744000000.0,4218000000.0,7.52,7.53,
NUE,annual,2024-12-31,30734000000.0,26632000000.0,4102000000.0,1123000000.0,2979000000.0,2902000000.0,2027000000.0,4486000000.0,8.46,8.47,
NUE,annual,2023-12-31,34714000000.0,26899000000.0,7815000000.0,1585000000.0,6230000000.0,6273000000.0,4525000000.0,7688000000.0,18.0,18.05,
NUE,annual,2022-12-31,41512000000.0,29009000000.0,12503000000.0,1997000000.0,10506000000.0,10245000000.0,7607000000.0,11568000000.0,28.79,28.88,
NUE,quarterly,2026-06-30,10397000000.0,8363000000.0,2034000000.0,405000000.0,1629000000.0,1625000000.0,1156000000.0,2044000000.0,5.04,5.05,
NUE,quarterly,2026-03-31,9496000000.0,7995000000.0,1501000000.0,378000000.0,1123000000.0,1096000000.0,743000000.0,1519000000.0,3.23,3.23,
NUE,quarterly,2025-12-31,7687000000.0,6825000000.0,862000000.0,334000000.0,528000000.0,501000000.0,378000000.0,912000000.0,1.64,1.64,
NUE,quarterly,2025-09-30,8521000000.0,7333000000.0,1188000000.0,300000000.0,888000000.0,883000000.0,607000000.0,1288000000.0,2.63,2.63,
NUE,quarterly,2025-06-30,8456000000.0,7233000000.0,1223000000.0,304000000.0,919000000.0,899000000.0,603000000.0,1314000000.0,2.6,2.6,
NVDA,annual,2026-01-31,215938000000.0,62475000000.0,153463000000.0,23076000000.0,130387000000.0,141450000000.0,120067000000.0,144552000000.0,4.9,4.93,18497000000.0
NVDA,annual,2025-01-31,130497000000.0,32639000000.0,97858000000.0,16405000000.0,81453000000.0,84026000000.0,72880000000.0,86137000000.0,2.94,2.97,12914000000.0
NVDA,annual,2024-01-31,60922000000.0,16621000000.0,44301000000.0,11329000000.0,32972000000.0,33818000000.0,29760000000.0,35583000000.0,1.19,1.21,8675000000.0
NVDA,annual,2023-01-31,26974000000.0,11618000000.0,15356000000.0,9779000000.0,5577000000.0,4181000000.0,4368000000.0,5986000000.0,0.174,0.176,7339000000.0
NVDA,quarterly,2026-07-31,96221000000.0,24079000000.0,72142000000.0,8408000000.0,63734000000.0,71507000000.0,59688000000.0,72861000000.0,2.46,2.47,7054000000.0
NVDA,quarterly,2026-04-30,81615000000.0,20458000000.0,61157000000.0,7621000000.0,53536000000.0,69903000000.0,58321000000.0,71002000000.0,2.39,2.4,6321000000.0
NVDA,quarterly,2026-01-31,68127000000.0,17034000000.0,51093000000.0,6794000000.0,44299000000.0,50398000000.0,42960000000.0,51283000000.0,1.76,1.77,5512000000.0
NVDA,quarterly,2025-10-31,57006000000.0,15157000000.0,41849000000.0,5839000000.0,36010000000.0,37936000000.0,31910000000.0,38748000000.0,1.3,1.31,4705000000.0
NVDA,quarterly,2025-07-31,46743000000.0,12890000000.0,33853000000.0,5413000000.0,28440000000.0,31206000000.0,26422000000.0,31937000000.0,1.08,1.08,4291000000.0
NVO,annual,2025-12-31,309064000000.0,58788000000.0,250276000000.0,122618000000.0,127658000000.0,130540000000.0,102434000000.0,156729000000.0,23.03,23.06,52039000000.0
NVO,annual,2024-12-31,290403000000.0,44522000000.0,245881000000.0,117542000000.0,128339000000.0,127191000000.0,100988000000.0,147938000000.0,22.63,22.67,48062000000.0
NVO,annual,2023-12-31,232261000000.0,35765000000.0,196496000000.0,93922000000.0,102574000000.0,104674000000.0,83683000000.0,114629000000.0,18.62,18.67,32443000000.0
NVO,annual,2022-12-31,176954000000.0,28448000000.0,148506000000.0,73697000000.0,74809000000.0,69062000000.0,55525000000.0,76802000000.0,12.22,12.26,24047000000.0
NVO,quarterly,2026-06-30,78488000000.0,17100000000.0,61388000000.0,34327000000.0,27061000000.0,26875000000.0,20989000000.0,28375000000.0,4.74,4.74,17787000000.0
NVO,quarterly,2026-03-31,96823000000.0,13598000000.0,83225000000.0,23607000000.0,59618000000.0,62172000000.0,48557000000.0,69207000000.0,10.91,10.93,10284000000.0
NVO,quarterly,2025-12-31,79144000000.0,15148000000.0,63996000000.0,32260000000.0,31736000000.0,34185000000.0,26891000000.0,37298000000.0,6.04,6.06,14648000000.0
NVO,quarterly,2025-09-30,74976000000.0,17904000000.0,57072000000.0,33390000000.0,23682000000.0,25517000000.0,20006000000.0,31439000000.0,4.5,4.5,15393000000.0
NVO,quarterly,2025-06-30,76857000000.0,12846000000.0,64011000000.0,30562000000.0,33449000000.0,33805000000.0,26503000000.0,43596000000.0,5.96,5.96,11690000000.0
NVR,annual,2025-12-31,10341845000.0,7953401000.0,2388444000.0,699126000.0,1689318000.0,1761932000.0,1339816000.0,1815277000.0,436.55,462.0,
NVR,annual,2024-12-31,10543571000.0,7850549000.0,2693022000.0,699103000.0,1993919000.0,2115506000.0,1681928000.0,2161664000.0,506.69,540.88,
NVR,annual,2023-12-31,9534889000.0,7051198000.0,2483691000.0,680037000.0,1803654000.0,1928373000.0,1591611000.0,1973029000.0,463.31,491.52,
NVR,annual,2022-12-31,10538287000.0,7662271000.0,2876016000.0,625299000.0,2250717000.0,2253194000.0,1725575000.0,2310114000.0,491.82,525.2,
NVR,quarterly,2026-06-30,2330339000.0,1841217000.0,489122000.0,176874000.0,312248000.0,318641000.0,236458000.0,332066000.0,83.96,87.65,
NVR,quarterly,2026-03-31,1884692000.0,1474539000.0,410153000.0,180098000.0,230055000.0,251694000.0,198359000.0,265623000.0,67.76,71.33,
NVR,quarterly,2025-12-31,2717314000.0,2096645000.0,620669000.0,168588000.0,452081000.0,468722000.0,363815000.0,482879000.0,121.54,128.52,
NVR,quarterly,2025-09-30,2614386000.0,2021398000.0,592988000.0,165133000.0,427855000.0,444073000.0,342688000.0,457351000.0,112.33,119.26,
NVR,quarterly,2025-06-30,2603307000.0,1999983000.0,603324000.0,175595000.0,427729000.0,447133000.0,333737000.0,459807000.0,108.54,114.52,
NWSA,annual,2026-06-30,9028000000.0,,,7886000000.0,1142000000.0,1046000000.0,573000000.0,1627000000.0,1.03,1.03,
NWSA,annual,2025-06-30,8452000000.0,,,7496000000.0,956000000.0,923000000.0,1180000000.0,1415000000.0,2.07,2.08,
NWSA,annual,2024-06-30,8252000000.0,,,7451000000.0,801000000.0,585000000.0,266000000.0,1241000000.0,0.46,0.47,
NWSA,annual,2023-06-30,8012000000.0,,,7338000000.0,674000000.0,380000000.0,149000000.0,1089000000.0,0.26,0.26,
NWSA,quarterly,2026-06-30,2337000000.0,,,2042000000.0,295000000.0,278000000.0,179000000.0,423000000.0,0.33,0.33,
NWSA,quarterly,2026-03-31,2185000000.0,,,1964000000.0,221000000.0,189000000.0,89000000.0,343000000.0,0.16,0.16,
NWSA,quarterly,2025-12-31,2362000000.0,,,1959000000.0,403000000.0,367000000.0,193000000.0,521000000.0,0.34,0.34,
NWSA,quarterly,2025-09-30,2144000000.0,,,1921000000.0,223000000.0,212000000.0,112000000.0,340000000.0,0.2,0.2,
NWSA,quarterly,2025-06-30,2109000000.0,,,1907000000.0,202000000.0,132000000.0,743000000.0,322000000.0,1.31,,
NXPI,annual,2025-12-31,12269000000.0,5553000000.0,6716000000.0,3681000000.0,3035000000.0,2663000000.0,2021000000.0,3961000000.0,7.95,8.0,2360000000.0
NXPI,annual,2024-12-31,12614000000.0,5495000000.0,7119000000.0,3647000000.0,3472000000.0,3099000000.0,2510000000.0,4422000000.0,9.73,9.84,2347000000.0
NXPI,annual,2023-12-31,13276000000.0,5723000000.0,7553000000.0,3877000000.0,3676000000.0,3352000000.0,2797000000.0,4896000000.0,10.7,10.83,2418000000.0
NXPI,annual,2022-12-31,13205000000.0,5688000000.0,7517000000.0,3723000000.0,3794000000.0,3363000000.0,2787000000.0,5040000000.0,10.55,10.64,2148000000.0
NXPI,quarterly,2026-06-30,3496000000.0,1494000000.0,2002000000.0,926000000.0,1076000000.0,974000000.0,767000000.0,1270000000.0,3.02,3.04,604000000.0
NXPI,quarterly,2026-03-31,3181000000.0,1393000000.0,1788000000.0,904000000.0,884000000.0,1409000000.0,1122000000.0,1702000000.0,4.43,4.44,588000000.0
NXPI,quarterly,2025-12-31,3335000000.0,1528000000.0,1807000000.0,1058000000.0,749000000.0,636000000.0,455000000.0,978000000.0,1.79,1.8,665000000.0
NXPI,quarterly,2025-09-30,3173000000.0,1386000000.0,1787000000.0,892000000.0,895000000.0,795000000.0,631000000.0,1114000000.0,2.48,2.5,575000000.0
NXPI,quarterly,2025-06-30,2926000000.0,1364000000.0,1562000000.0,876000000.0,686000000.0,601000000.0,445000000.0,923000000.0,1.75,1.76,573000000.0
NXT,annual,2026-03-31,3559390000.0,2399295000.0,1160095000.0,462829000.0,697266000.0,713826000.0,585883000.0,747051000.0,3.84,3.96,120909000.0
NXT,annual,2025-03-31,2959197000.0,1950372000.0,1008825000.0,369713000.0,639112000.0,648016000.0,509168000.0,674519000.0,3.47,3.55,79392000.0
NXT,annual,2024-03-31,2499841000.0,1686792000.0,813049000.0,225931000.0,587118000.0,607997000.0,306241000.0,626180000.0,3.37,3.97,42360000.0
NXT,annual,2023-03-31,1902137000.0,1615164000.0,286973000.0,118488000.0,168485000.0,169083000.0,118887000.0,175542000.0,0.02,0.02,21619000.0
NXT,quarterly,2026-06-30,935170000.0,599317000.0,335853000.0,144946000.0,190907000.0,198925000.0,165355000.0,207944000.0,1.07,1.1,44508000.0
NXT,quarterly,2026-03-31,880517000.0,583140000.0,297377000.0,143791000.0,153586000.0,159635000.0,150603000.0,168989000.0,0.97,1.01,43166000.0
NXT,quarterly,2025-12-31,909352000.0,621220000.0,288132000.0,112027000.0,176105000.0,180499000.0,131236000.0,189274000.0,0.85,0.88,29294000.0
NXT,quarterly,2025-09-30,905268000.0,612408000.0,292860000.0,111515000.0,181345000.0,182725000.0,146861000.0,190816000.0,0.97,0.99,26889000.0
NXT,quarterly,2025-06-30,864253000.0,582527000.0,281726000.0,95496000.0,186230000.0,190967000.0,157183000.0,197972000.0,1.04,1.06,21560000.0
O,annual,2025-12-31,5749377000.0,428800000.0,5320577000.0,2726754000.0,2593823000.0,1155129000.0,1058590000.0,4785826000.0,1.17,1.17,
O,annual,2024-12-31,5271142000.0,377675000.0,4893467000.0,2572539000.0,2320928000.0,933942000.0,860772000.0,4327660000.0,0.98,0.98,
O,annual,2023-12-31,4078993000.0,316964000.0,3762029000.0,2039713000.0,1722316000.0,928935000.0,872309000.0,3617493000.0,1.26,1.26,
O,annual,2022-12-31,3343681000.0,226330000.0,3117351000.0,1808848000.0,1308503000.0,917599000.0,869408000.0,2978892000.0,1.42,1.42,
O,quarterly,2026-06-30,1427170000.0,112439000.0,1314731000.0,709540000.0,605191000.0,396321000.0,343955000.0,1344164000.0,0.37,0.37,
O,quarterly,2026-03-31,1446487000.0,116843000.0,1329644000.0,728263000.0,601381000.0,347130000.0,311766000.0,1260750000.0,0.33,0.33,
O,quarterly,2025-12-31,1708836000.0,108076000.0,1600760000.0,657716000.0,943044000.0,323436000.0,296085000.0,1238565000.0,0.32,0.32,
O,quarterly,2025-09-30,1387631000.0,106621000.0,1281010000.0,698601000.0,582409000.0,341498000.0,315771000.0,1260224000.0,0.35,0.35,
O,quarterly,2025-06-30,1338516000.0,107422000.0,1231094000.0,698286000.0,532808000.0,223076000.0,196919000.0,1147952000.0,0.22,0.22,
ODFL,annual,2025-12-31,5496389000.0,3681025000.0,1815364000.0,454319000.0,1361045000.0,1361308000.0,1023703000.0,1726295000.0,4.84,4.86,
ODFL,annual,2024-12-31,5814810000.0,3792017000.0,2022793000.0,478795000.0,1543998000.0,1557597000.0,1186073000.0,1902387000.0,5.48,5.51,
ODFL,annual,2023-12-31,5866152000.0,3793953000.0,2072199000.0,431526000.0,1640673000.0,1647776000.0,1239502000.0,1972689000.0,5.63,5.665,
ODFL,annual,2022-12-31,6260077000.0,4003951000.0,2256126000.0,415494000.0,1840632000.0,1841349000.0,1377159000.0,2118978000.0,6.09,6.13,
ODFL,quarterly,2026-06-30,1554004000.0,990518000.0,563486000.0,98185000.0,465301000.0,467468000.0,350601000.0,559253000.0,1.68,1.69,
ODFL,quarterly,2026-03-31,1334696000.0,905082000.0,429614000.0,112273000.0,317341000.0,317678000.0,238258000.0,410285000.0,1.14,1.14,
ODFL,quarterly,2025-12-31,1307296000.0,894784000.0,412512000.0,108261000.0,304251000.0,305147000.0,229470000.0,398102000.0,1.09,1.1,
ODFL,quarterly,2025-09-30,1406511000.0,927712000.0,478799000.0,117955000.0,360844000.0,360301000.0,270947000.0,452525000.0,1.28,1.29,
ODFL,quarterly,2025-06-30,1407724000.0,933757000.0,473967000.0,116072000.0,357895000.0,357216000.0,268626000.0,447887000.0,1.27,1.27,
OHI,annual,2025-12-31,1190099000.0,14438000.0,1175661000.0,431720000.0,743941000.0,624433000.0,590185000.0,1164715000.0,1.94,1.96,
OHI,annual,2024-12-31,1051390000.0,14561000.0,1036829000.0,377166000.0,659663000.0,420746000.0,406326000.0,947110000.0,1.55,1.57,
OHI,annual,2023-12-31,949740000.0,15025000.0,934715000.0,445742000.0,488973000.0,255633000.0,242180000.0,810844000.0,1.0,1.01,
OHI,annual,2022-12-31,878244000.0,15500000.0,862744000.0,470467000.0,392277000.0,436141000.0,426927000.0,1001792000.0,1.8,1.81,
OHI,quarterly,2026-06-30,328246000.0,16197000.0,312049000.0,118820000.0,193229000.0,379757000.0,362823000.0,509715000.0,1.19,1.21,
OHI,quarterly,2026-03-31,322955000.0,9010000.0,313945000.0,106866000.0,207079000.0,159918000.0,151049000.0,293813000.0,0.47,0.47,
OHI,quarterly,2025-12-31,319217000.0,4373000.0,314844000.0,113136000.0,201708000.0,171297000.0,164835000.0,305789000.0,0.55,0.55,
OHI,quarterly,2025-09-30,311591000.0,3503000.0,308088000.0,101984000.0,206104000.0,191349000.0,179719000.0,331578000.0,0.59,0.6,
OHI,quarterly,2025-06-30,282506000.0,3771000.0,278735000.0,99056000.0,179679000.0,147194000.0,136599000.0,280600000.0,0.46,0.46,
OKE,annual,2025-12-31,33629000000.0,24887000000.0,8742000000.0,2920000000.0,5822000000.0,4490000000.0,3393000000.0,7787000000.0,5.42,5.43,
OKE,annual,2024-12-31,21698000000.0,14445000000.0,7253000000.0,2191000000.0,5062000000.0,4110000000.0,3035000000.0,6615000000.0,5.17,5.19,
OKE,annual,2023-12-31,17677000000.0,12698000000.0,4979000000.0,749000000.0,4230000000.0,3497000000.0,2659000000.0,5132000000.0,5.48,5.49,
OKE,annual,2022-12-31,22387000000.0,18536000000.0,3851000000.0,1044000000.0,2807000000.0,2250000000.0,1722000000.0,3552000000.0,3.84,3.85,
OKE,quarterly,2026-06-30,12049000000.0,9629000000.0,2420000000.0,823000000.0,1597000000.0,1266000000.0,966000000.0,2087000000.0,1.53,1.53,
OKE,quarterly,2026-03-31,9618000000.0,7431000000.0,2187000000.0,752000000.0,1435000000.0,1021000000.0,774000000.0,1838000000.0,1.23,1.23,
OKE,quarterly,2025-12-31,9065000000.0,6784000000.0,2281000000.0,742000000.0,1539000000.0,1252000000.0,977000000.0,2093000000.0,1.55,1.55,
OKE,quarterly,2025-09-30,8634000000.0,6340000000.0,2294000000.0,726000000.0,1568000000.0,1237000000.0,939000000.0,2065000000.0,1.49,1.49,
OKE,quarterly,2025-06-30,7887000000.0,5728000000.0,2159000000.0,706000000.0,1453000000.0,1113000000.0,841000000.0,1919000000.0,1.34,1.34,
OKLO,annual,2025-12-31,0.0,,,139294000.0,-139294000.0,-110192000.0,-105663000.0,-138772000.0,-0.72,-0.72,58852000.0
OKLO,annual,2024-12-31,0.0,,,52801000.0,-52801000.0,-72933000.0,-73616000.0,-52533000.0,-0.74,-0.74,26711000.0
OKLO,annual,2023-12-31,0.0,,,18636000.0,-18636000.0,-32173000.0,-32173000.0,-18561000.0,-0.457521,-0.457521,9763000.0
OKLO,annual,2022-12-31,0.0,,,10024811.0,-10024811.0,-10023891.0,-10023891.0,-9995279.0,-0.142546,-0.142546,6024267.0
OKLO,quarterly,2026-06-30,1210000.0,721000.0,489000.0,73679000.0,-73190000.0,-51689000.0,-48536000.0,-72853000.0,-0.28,-0.28,39474000.0
OKLO,quarterly,2026-03-31,0.0,,,51249000.0,-51249000.0,-29910000.0,-33065000.0,-51086000.0,-0.19,-0.19,27049000.0
OKLO,quarterly,2025-12-31,0.0,,,57096000.0,-57096000.0,-42526000.0,-41446000.0,-56947000.0,,,24593000.0
OKLO,quarterly,2025-09-30,0.0,,,36309000.0,-36309000.0,-29191000.0,-29722000.0,-36185000.0,-0.2,-0.2,14945000.0
OKLO,quarterly,2025-06-30,0.0,0.0,0.0,28015000.0,-28015000.0,-24254000.0,-24685000.0,-27890000.0,-0.18,-0.18,11468000.0
ON,annual,2025-12-31,5995400000.0,4011500000.0,1983900000.0,1232800000.0,751100000.0,131300000.0,121000000.0,888200000.0,0.29,0.29,583600000.0
ON,annual,2024-12-31,7082300000.0,3866200000.0,3216100000.0,1314500000.0,1901600000.0,1837400000.0,1572800000.0,2542600000.0,3.63,3.68,612700000.0
ON,annual,2023-12-31,8253000000.0,4369500000.0,3883500000.0,1269900000.0,2613600000.0,2535800000.0,2183700000.0,3220100000.0,4.89,5.07,577300000.0
ON,annual,2022-12-31,8326200000.0,4249000000.0,4077200000.0,1312500000.0,2764700000.0,2362200000.0,1902200000.0,3008900000.0,4.24,4.39,600200000.0
ON,quarterly,2026-06-30,1603500000.0,987200000.0,616300000.0,316500000.0,299800000.0,270900000.0,226800000.0,425900000.0,0.56,0.58,140800000.0
ON,quarterly,2026-03-31,1513300000.0,930200000.0,583100000.0,307200000.0,275900000.0,-44600000.0,-33400000.0,254800000.0,-0.08,-0.08,144300000.0
ON,quarterly,2025-12-31,1530100000.0,979100000.0,551000000.0,292100000.0,258900000.0,217100000.0,181800000.0,449300000.0,0.45,0.45,133800000.0
ON,quarterly,2025-09-30,1550900000.0,963700000.0,587200000.0,303200000.0,284000000.0,273000000.0,255000000.0,437200000.0,0.63,0.63,141900000.0
ON,quarterly,2025-06-30,1468700000.0,916800000.0,551900000.0,309300000.0,242600000.0,202200000.0,170300000.0,376500000.0,0.41,0.41,143800000.0
ONDS,annual,2025-12-31,50731000.0,30575000.0,20156000.0,78540000.0,-58384000.0,-132892000.0,-132019000.0,-118331000.0,-0.62,-0.62,20879000.0
ONDS,annual,2024-12-31,7193000.0,6848000.0,345000.0,34954000.0,-34609000.0,-38007000.0,-38007000.0,-28723000.0,-0.61,-0.61,12476000.0
ONDS,annual,2023-12-31,15691430.0,9310256.0,6381174.0,44610474.0,-38229300.0,-44844872.0,-44844872.0,-34637790.0,-0.88,-0.88,17145235.0
ONDS,annual,2022-12-31,2125817.0,1016654.0,1109163.0,51119085.0,-50009922.0,-73241805.0,-73241805.0,-64626619.0,-1.73,-1.73,24044005.0
ONDS,quarterly,2026-06-30,83772000.0,47641000.0,36131000.0,179843000.0,-143712000.0,-118749000.0,-88245000.0,-98214000.0,-0.19,-0.18,30953000.0
ONDS,quarterly,2026-03-31,50122000.0,25464000.0,24658000.0,67329000.0,-42671000.0,361495000.0,362948000.0,368513000.0,0.770154,0.770154,13519000.0
ONDS,quarterly,2025-12-31,30111120.0,17380135.0,12730985.0,36051893.0,-23320908.0,-100832100.0,-99664283.0,-96758596.0,,,8669836.0
ONDS,quarterly,2025-09-30,10098310.0,7493915.0,2604395.0,18107945.0,-15503550.0,-7173400.0,-7468217.0,-5161273.0,-0.03,-0.03,4512756.0
ONDS,quarterly,2025-06-30,6273000.0,2941000.0,3332000.0,12582000.0,-9250000.0,-10751000.0,-10751000.0,-7608000.0,-0.08,-0.08,4237000.0
ONON,annual,2025-12-31,3014000000.0,1120300000.0,1893600000.0,1516600000.0,377000000.0,205200000.0,203700000.0,354500000.0,0.61,0.62,
ONON,annual,2024-12-31,2318300000.0,912600000.0,1405700000.0,1194200000.0,211500000.0,279600000.0,242300000.0,400000000.0,0.74,0.75,
ONON,annual,2023-12-31,1792100000.0,724800000.0,1067200000.0,887000000.0,180200000.0,69100000.0,79600000.0,141000000.0,0.25,0.25,
ONON,annual,2022-12-31,1222100000.0,537200000.0,684900000.0,599800000.0,85100000.0,77900000.0,57700000.0,128600000.0,0.18,0.18,
ONON,quarterly,2026-06-30,850300000.0,294600000.0,555700000.0,436300000.0,119400000.0,125700000.0,105000000.0,168800000.0,0.31,0.31,
ONON,quarterly,2026-03-31,831900000.0,297600000.0,534300000.0,416900000.0,117400000.0,116100000.0,103300000.0,159700000.0,0.31,0.31,
ONON,quarterly,2025-12-31,743800000.0,268400000.0,475300000.0,392800000.0,82500000.0,70000000.0,69100000.0,104600000.0,0.21,0.21,
ONON,quarterly,2025-09-30,794400000.0,272100000.0,522200000.0,397500000.0,124700000.0,118600000.0,118900000.0,158900000.0,0.36,0.36,
ONON,quarterly,2025-06-30,749200000.0,288400000.0,460800000.0,368000000.0,92800000.0,-47300000.0,-40900000.0,-8900000.0,-0.12,-0.12,
ONTO,annual,2025-12-31,1005263000.0,505493000.0,499770000.0,348419000.0,151351000.0,162902000.0,136759000.0,211790000.0,2.78,2.78,131978000.0
ONTO,annual,2024-12-31,987321000.0,472013000.0,515308000.0,319196000.0,196112000.0,220447000.0,201670000.0,258421000.0,4.06,4.09,113860000.0
ONTO,annual,2023-12-31,815868000.0,395614000.0,420254000.0,300604000.0,119650000.0,132582000.0,121159000.0,186862000.0,2.46,2.47,104442000.0
ONTO,annual,2022-12-31,1005183000.0,465962000.0,539221000.0,302507000.0,236714000.0,241584000.0,223334000.0,301376000.0,4.49,4.52,111953000.0
ONTO,quarterly,2026-06-30,343129000.0,159875000.0,183254000.0,115943000.0,67311000.0,68496000.0,60102000.0,92837000.0,1.21,1.22,38879000.0
ONTO,quarterly,2026-03-31,291949000.0,145560000.0,146389000.0,107666000.0,38723000.0,38052000.0,33750000.0,64207000.0,0.67,0.68,35098000.0
ONTO,quarterly,2025-12-31,266866000.0,143074000.0,123792000.0,102931000.0,20861000.0,19525000.0,10529000.0,40790000.0,0.21,0.21,36163000.0
ONTO,quarterly,2025-09-30,218193000.0,107570000.0,110623000.0,82861000.0,27762000.0,31979000.0,28224000.0,41144000.0,0.57,0.58,32493000.0
ONTO,quarterly,2025-06-30,253597000.0,131475000.0,122122000.0,83651000.0,38471000.0,39741000.0,33911000.0,52759000.0,0.69,0.69,35292000.0
OPEN,annual,2025-12-31,4371000000.0,4021000000.0,350000000.0,627000000.0,-277000000.0,-1300000000.0,-1300000000.0,-1123000000.0,-1.7,-1.7,79000000.0
OPEN,annual,2024-12-31,5153000000.0,4720000000.0,433000000.0,736000000.0,-303000000.0,-391000000.0,-392000000.0,-205000000.0,-0.56,-0.56,141000000.0
OPEN,annual,2023-12-31,6946000000.0,6459000000.0,487000000.0,859000000.0,-372000000.0,-274000000.0,-275000000.0,9000000.0,-0.42,-0.42,167000000.0
OPEN,annual,2022-12-31,15567000000.0,14900000000.0,667000000.0,1521000000.0,-854000000.0,-1351000000.0,-1353000000.0,-876000000.0,-2.16,-2.16,169000000.0
OPEN,quarterly,2026-06-30,883000000.0,797000000.0,86000000.0,227000000.0,-141000000.0,-162000000.0,-162000000.0,-124000000.0,-0.17,-0.17,27000000.0
OPEN,quarterly,2026-03-31,720000000.0,648000000.0,72000000.0,231000000.0,-159000000.0,-173000000.0,-173000000.0,-142000000.0,-0.18,-0.18,24000000.0
OPEN,quarterly,2025-12-31,736000000.0,679000000.0,57000000.0,207000000.0,-150000000.0,-1097000000.0,-1096000000.0,-1058000000.0,-1.26,-1.26,18000000.0
OPEN,quarterly,2025-09-30,915000000.0,849000000.0,66000000.0,133000000.0,-67000000.0,-89000000.0,-90000000.0,-43000000.0,-0.12,-0.12,19000000.0
OPEN,quarterly,2025-06-30,1567000000.0,1439000000.0,128000000.0,135000000.0,-7000000.0,-29000000.0,-29000000.0,19000000.0,-0.04,-0.04,21000000.0
ORCL,annual,2026-05-31,67357000000.0,23021000000.0,44336000000.0,21892000000.0,22444000000.0,19554000000.0,17087000000.0,33447000000.0,5.83,5.94,10272000000.0
ORCL,annual,2025-05-31,57399000000.0,16927000000.0,40472000000.0,22420000000.0,18052000000.0,14160000000.0,12443000000.0,23912000000.0,4.34,4.46,9860000000.0
ORCL,annual,2024-05-31,52961000000.0,15143000000.0,37818000000.0,21747000000.0,16071000000.0,11741000000.0,10467000000.0,21394000000.0,3.71,3.82,8915000000.0
ORCL,annual,2023-05-31,49954000000.0,13564000000.0,36390000000.0,22617000000.0,13773000000.0,9126000000.0,8503000000.0,18739000000.0,3.07,3.15,8623000000.0
ORCL,quarterly,2026-05-31,19184000000.0,6671000000.0,12513000000.0,5558000000.0,6955000000.0,5369000000.0,4304000000.0,9655000000.0,1.45,1.47,2614000000.0
ORCL,quarterly,2026-02-28,17190000000.0,6092000000.0,11098000000.0,5461000000.0,5637000000.0,4416000000.0,3721000000.0,8162000000.0,1.27,1.29,2607000000.0
ORCL,quarterly,2025-11-30,16058000000.0,5374000000.0,10684000000.0,5526000000.0,5158000000.0,6342000000.0,6135000000.0,9509000000.0,2.1,2.14,2561000000.0
ORCL,quarterly,2025-08-31,14926000000.0,4884000000.0,10042000000.0,5350000000.0,4692000000.0,3427000000.0,2927000000.0,6121000000.0,1.01,1.04,2491000000.0
ORCL,quarterly,2025-05-31,15903000000.0,4741000000.0,11162000000.0,5971000000.0,5191000000.0,4152000000.0,3427000000.0,6826000000.0,,,2654000000.0
OSCR,annual,2025-12-31,11701427000.0,,,12138724000.0,-419696000.0,-437297000.0,-443151000.0,,-1.69,-1.69,
OSCR,annual,2024-12-31,9177941000.0,,,9144515000.0,57160000.0,33426000.0,25432000.0,,0.1,0.1,
OSCR,annual,2023-12-31,5862869000.0,,,6130169000.0,-242697000.0,-267300000.0,-270728000.0,,-1.22,-1.22,
OSCR,annual,2022-12-31,4125584000.0,,,4735659000.0,-587452000.0,-610075000.0,-606275000.0,,-2.85,-2.85,
OSCR,quarterly,2026-06-30,4880220000.0,,,4497209000.0,387720000.0,383011000.0,361808000.0,,1.1,1.2,
OSCR,quarterly,2026-03-31,4647194000.0,,,3948421000.0,704156000.0,698773000.0,678996000.0,,2.07,2.28,
OSCR,quarterly,2025-12-31,2805235000.0,,,3157916000.0,-353778000.0,-352681000.0,-352611000.0,,-1.24,-1.24,
OSCR,quarterly,2025-09-30,2985984000.0,,,3125275000.0,-132434000.0,-139291000.0,-137450000.0,,-0.53,-0.53,
OSCR,quarterly,2025-06-30,2863945000.0,,,3097481000.0,-227689000.0,-233536000.0,-228361000.0,,-0.89,-0.89,
OWL,annual,2025-12-31,2870178000.0,1307040000.0,1563138000.0,1106888000.0,456250000.0,347911000.0,78833000.0,894064000.0,0.1,0.12,
OWL,annual,2024-12-31,2295427000.0,1017483000.0,1277944000.0,671187000.0,606757000.0,469228000.0,109584000.0,866038000.0,0.2,0.2,
OWL,annual,2023-12-31,1731608000.0,870642000.0,860966000.0,543150000.0,317816000.0,246384000.0,54343000.0,632647000.0,0.1,0.12,
OWL,annual,2022-12-31,1369722000.0,894686000.0,475036000.0,477519000.0,-2483000.0,-49615000.0,-9289000.0,269666000.0,-0.02,-0.02,
OWL,quarterly,2026-06-30,753052000.0,359408000.0,393644000.0,277233000.0,116411000.0,70945000.0,11393000.0,212003000.0,0.02,0.02,
OWL,quarterly,2026-03-31,753811000.0,375874000.0,377937000.0,268448000.0,109489000.0,95833000.0,15542000.0,230632000.0,0.02,0.02,
OWL,quarterly,2025-12-31,755596000.0,313426000.0,442170000.0,275172000.0,166998000.0,167754000.0,47667000.0,301955000.0,,,
OWL,quarterly,2025-09-30,727990000.0,341374000.0,386616000.0,273940000.0,112676000.0,55321000.0,6310000.0,196143000.0,0.01,0.01,
OWL,quarterly,2025-06-30,703106000.0,326300000.0,376806000.0,277524000.0,99282000.0,84494000.0,17426000.0,222070000.0,0.02,0.03,
OXY,annual,2025-12-31,21593000000.0,14050000000.0,7543000000.0,3821000000.0,3722000000.0,3052000000.0,2326000000.0,11664000000.0,1.61,1.65,
OXY,annual,2024-12-31,22019000000.0,13728000000.0,8291000000.0,3593000000.0,4698000000.0,3265000000.0,3056000000.0,11385000000.0,2.44,2.59,
OXY,annual,2023-12-31,23156000000.0,14723000000.0,8433000000.0,3680000000.0,4753000000.0,4236000000.0,4696000000.0,11642000000.0,3.9,4.22,
OXY,annual,2022-12-31,36634000000.0,18989000000.0,17645000000.0,3980000000.0,13665000000.0,14117000000.0,13304000000.0,22073000000.0,12.4,13.41,
OXY,quarterly,2026-06-30,8065000000.0,3427000000.0,4638000000.0,973000000.0,3665000000.0,3915000000.0,2977000000.0,5870000000.0,2.75,2.8,
OXY,quarterly,2026-03-31,5230000000.0,3333000000.0,1897000000.0,970000000.0,927000000.0,390000000.0,3345000000.0,2616000000.0,3.13,3.19,
OXY,quarterly,2025-12-31,1752000000.0,912000000.0,840000000.0,723000000.0,117000000.0,-184000000.0,102000000.0,1650000000.0,-0.07,-0.07,
OXY,quarterly,2025-09-30,6624000000.0,4463000000.0,2161000000.0,987000000.0,1174000000.0,1166000000.0,830000000.0,3723000000.0,0.65,0.67,
OXY,quarterly,2025-06-30,5258000000.0,3406000000.0,1852000000.0,1054000000.0,798000000.0,560000000.0,458000000.0,2654000000.0,0.26,0.27,
PAAS,annual,2025-12-31,3619000000.0,2214000000.0,1405000000.0,267000000.0,1138000000.0,1238000000.0,978000000.0,1790000000.0,2.56,2.56,
PAAS,annual,2024-12-31,2819000000.0,2270000000.0,549000000.0,199000000.0,350000000.0,432000000.0,112000000.0,1051000000.0,0.31,0.31,
PAAS,annual,2023-12-31,2316100000.0,2019300000.0,296800000.0,214100000.0,82700000.0,-58800000.0,-103700000.0,476800000.0,-0.32,-0.32,
PAAS,annual,2022-12-31,1494700000.0,1446300000.0,48400000.0,114700000.0,-66300000.0,-301000000.0,-341700000.0,20300000.0,-1.62,-1.62,
PAAS,quarterly,2026-06-30,1124000000.0,667000000.0,457000000.0,30000000.0,427000000.0,484000000.0,304000000.0,626000000.0,0.72,0.72,
PAAS,quarterly,2026-03-31,1154000000.0,546000000.0,608000000.0,48000000.0,560000000.0,641000000.0,457000000.0,778000000.0,1.08,1.08,
PAAS,quarterly,2025-12-31,1179300000.0,611400000.0,567900000.0,114600000.0,453300000.0,540600000.0,451500000.0,692500000.0,1.07,1.07,
PAAS,quarterly,2025-09-30,854600000.0,541600000.0,313000000.0,62700000.0,250300000.0,249100000.0,168600000.0,383800000.0,0.44,0.45,
PAAS,quarterly,2025-06-30,812000000.0,539000000.0,273000000.0,39000000.0,234000000.0,235000000.0,189000000.0,379000000.0,0.52,0.52,
PANW,annual,2025-07-31,9221500000.0,2451600000.0,6769900000.0,5527000000.0,1242900000.0,1595700000.0,1133900000.0,1941000000.0,1.6,1.71,1984100000.0
PANW,annual,2024-07-31,8027500000.0,2059200000.0,5968300000.0,5284400000.0,683900000.0,988300000.0,2577600000.0,1276400000.0,3.64,4.035,1809400000.0
PANW,annual,2023-07-31,6892700000.0,1909700000.0,4983000000.0,4595700000.0,387300000.0,566300000.0,439700000.0,869000000.0,0.64,0.725,1604000000.0
PANW,annual,2022-07-31,5501500000.0,1718700000.0,3782800000.0,3971600000.0,-188800000.0,-207200000.0,-267000000.0,95600000.0,-0.451667,-0.451667,1417700000.0
PANW,quarterly,2026-04-30,3002000000.0,974000000.0,2028000000.0,2211000000.0,-183000000.0,-156000000.0,-177000000.0,178000000.0,-0.22,-0.22,734000000.0
PANW,quarterly,2026-01-31,2594000000.0,685000000.0,1909000000.0,1512000000.0,397000000.0,549000000.0,432000000.0,640000000.0,0.61,0.61,511000000.0
PANW,quarterly,2025-10-31,2474000000.0,638000000.0,1836000000.0,1527000000.0,309000000.0,412000000.0,334000000.0,501000000.0,0.47,0.49,528000000.0
PANW,quarterly,2025-07-31,2536300000.0,679000000.0,1857300000.0,1360100000.0,497200000.0,591800000.0,253800000.0,675700000.0,0.36,0.38,503500000.0
PANW,quarterly,2025-04-30,2289000000.0,619000000.0,1670000000.0,1451000000.0,219000000.0,311000000.0,262000000.0,400000000.0,0.37,0.39,494000000.0
PARA,annual,2025-12-31,12161419.0,2188583.0,9972836.0,28437816.0,-18464980.0,-22431458.0,-22492075.0,-18879800.0,-119.0,-119.0,
PARA,annual,2024-12-31,4527879.0,1422542.0,3105337.0,16573081.0,-13467744.0,-31513389.0,-31513389.0,-28304392.0,-1395.0,-1395.0,
PARA,annual,2023-12-31,4561300.0,1444618.0,3116682.0,12912233.0,-9795551.0,-14406262.0,-14406262.0,-8671383.0,-1200.0,-1200.0,
PARA,annual,2022-12-31,5332979.0,1956964.0,3376015.0,9284839.0,-5908824.0,-15468502.0,-15468502.0,-12926806.0,-1207.062193,-1207.062193,
PARA,quarterly,2026-06-30,2273000.0,450000.0,1823000.0,6209000.0,-4386000.0,-5046000.0,-4965000.0,-4405000.0,-3.05,-3.05,
PARA,quarterly,2026-03-31,2696000.0,521000.0,2175000.0,7955000.0,-5780000.0,-8469000.0,-8417000.0,-7954000.0,-11.69,-11.69,
PARA,quarterly,2025-12-31,2810846.0,508658.0,2302188.0,6589385.0,-4287197.0,-5084035.0,-5031981.0,-3679723.0,,,
PARA,quarterly,2025-09-30,2844508.0,519411.0,2325097.0,6755303.0,-4430206.0,-5617482.0,-5887591.0,-4922459.0,-328.0,-328.0,
PARA,quarterly,2025-06-30,3127000.0,554000.0,2573000.0,7413000.0,-4840000.0,-8159000.0,-7928000.0,-7317000.0,-82.58,-82.58,
PAYX,annual,2026-05-31,6512000000.0,1674500000.0,4837500000.0,2327000000.0,2510500000.0,2310900000.0,1760100000.0,3023000000.0,4.89,4.9,
PAYX,annual,2025-05-31,5571700000.0,1540400000.0,4031300000.0,1823600000.0,2207700000.0,2175900000.0,1657300000.0,2490800000.0,4.58,4.6,
PAYX,annual,2024-05-31,5278300000.0,1479300000.0,3799000000.0,1624900000.0,2174100000.0,2218000000.0,1690400000.0,2431800000.0,4.67,4.69,
PAYX,annual,2023-05-31,5007100000.0,1453000000.0,3554100000.0,1521000000.0,2033100000.0,2048200000.0,1557300000.0,2261500000.0,4.3,4.32,
PAYX,quarterly,2026-05-31,1605500000.0,417300000.0,1188200000.0,583500000.0,604700000.0,554200000.0,420600000.0,732100000.0,1.17,1.18,
PAYX,quarterly,2026-02-28,1808900000.0,431200000.0,1377700000.0,585700000.0,792000000.0,739000000.0,560300000.0,918100000.0,1.56,1.56,
PAYX,quarterly,2025-11-30,1557600000.0,412200000.0,1145400000.0,573500000.0,571900000.0,520200000.0,395400000.0,697800000.0,1.1,1.1,
PAYX,quarterly,2025-08-31,1540000000.0,413800000.0,1126200000.0,584300000.0,541900000.0,497500000.0,383800000.0,675000000.0,1.06,1.07,
PAYX,quarterly,2025-05-31,1427300000.0,393900000.0,1033400000.0,602300000.0,431100000.0,389300000.0,297200000.0,538700000.0,0.82,0.82,
PCAR,annual,2025-12-31,28444800000.0,23707300000.0,4737500000.0,1775800000.0,2961700000.0,3023500000.0,2375800000.0,3789100000.0,4.51,4.52,445500000.0
PCAR,annual,2024-12-31,33663800000.0,26954200000.0,6709600000.0,1817200000.0,4892400000.0,5400900000.0,4162000000.0,5809300000.0,7.9,7.92,452900000.0
PCAR,annual,2023-12-31,35127400000.0,27394800000.0,7732600000.0,1786200000.0,5946400000.0,5718200000.0,4600800000.0,6870300000.0,8.76,8.78,410900000.0
PCAR,annual,2022-12-31,28819700000.0,23593200000.0,5226500000.0,1547900000.0,3678600000.0,3848700000.0,3011600000.0,4468800000.0,5.753333,5.76,341200000.0
PCAR,quarterly,2026-06-30,7546700000.0,6222600000.0,1324100000.0,444900000.0,879200000.0,981500000.0,752000000.0,1094200000.0,1.43,1.43,114300000.0
PCAR,quarterly,2026-03-31,6776500000.0,5647400000.0,1129100000.0,454500000.0,674600000.0,776300000.0,605300000.0,874700000.0,1.15,1.15,109100000.0
PCAR,quarterly,2025-12-31,6820800000.0,5757500000.0,1063300000.0,461200000.0,602100000.0,704900000.0,556900000.0,811300000.0,1.06,1.06,106200000.0
PCAR,quarterly,2025-09-30,6671800000.0,5592600000.0,1079200000.0,443200000.0,636000000.0,743600000.0,590000000.0,841800000.0,1.12,1.12,111000000.0
PCAR,quarterly,2025-06-30,7510500000.0,6234200000.0,1276300000.0,437800000.0,838500000.0,931900000.0,723800000.0,1045800000.0,1.37,1.38,112900000.0
PEP,annual,2025-12-31,93925000000.0,43066000000.0,50859000000.0,37368000000.0,13491000000.0,10244000000.0,8240000000.0,15543000000.0,6.0,6.026299,
PEP,annual,2024-12-31,91854000000.0,41744000000.0,50110000000.0,37190000000.0,12920000000.0,11946000000.0,9578000000.0,16680000000.0,6.95,6.981105,
PEP,annual,2023-12-31,91471000000.0,41881000000.0,49590000000.0,36677000000.0,12913000000.0,11417000000.0,9074000000.0,15754000000.0,6.56,6.604076,
PEP,annual,2022-12-31,86392000000.0,40576000000.0,45816000000.0,34459000000.0,11357000000.0,10705000000.0,8910000000.0,14924000000.0,6.42,6.470588,
PEP,quarterly,2026-06-30,24181000000.0,11070000000.0,13111000000.0,9088000000.0,4023000000.0,3852000000.0,2981000000.0,5164000000.0,2.18,2.18,
PEP,quarterly,2026-03-31,19443000000.0,8712000000.0,10731000000.0,7518000000.0,3213000000.0,2970000000.0,2327000000.0,4175000000.0,1.7,1.7,
PEP,quarterly,2025-12-31,29343000000.0,13723000000.0,15620000000.0,12063000000.0,3557000000.0,3000000000.0,2540000000.0,4707000000.0,1.85,1.857621,
PEP,quarterly,2025-09-30,23937000000.0,11113000000.0,12824000000.0,9122000000.0,3702000000.0,3331000000.0,2603000000.0,4593000000.0,1.9,1.9,
PEP,quarterly,2025-06-30,22726000000.0,10304000000.0,12422000000.0,8773000000.0,3649000000.0,1571000000.0,1263000000.0,2808000000.0,0.92,0.92,
PFE,annual,2025-12-31,62579000000.0,16067000000.0,46512000000.0,29105000000.0,17407000000.0,7520000000.0,7771000000.0,16783000000.0,1.36,1.37,10437000000.0
PFE,annual,2024-12-31,63627000000.0,17851000000.0,45776000000.0,30838000000.0,14938000000.0,8023000000.0,8031000000.0,18127000000.0,1.41,1.42,10822000000.0
PFE,annual,2023-12-31,59554000000.0,24954000000.0,34600000000.0,30183000000.0,4417000000.0,1058000000.0,2119000000.0,9557000000.0,0.37,0.38,10679000000.0
PFE,annual,2022-12-31,101175000000.0,34344000000.0,66831000000.0,28714000000.0,38117000000.0,34729000000.0,31372000000.0,41031000000.0,5.47,5.59,11428000000.0
PFE,quarterly,2026-06-30,15034000000.0,4092000000.0,10942000000.0,7405000000.0,3537000000.0,-653000000.0,-248000000.0,1636000000.0,-0.04,-0.04,2809000000.0
PFE,quarterly,2026-03-31,14450000000.0,3548000000.0,10902000000.0,6634000000.0,4268000000.0,3170000000.0,2687000000.0,5451000000.0,0.47,0.47,2490000000.0
PFE,quarterly,2025-12-31,17557000000.0,5272000000.0,12285000000.0,8598000000.0,3687000000.0,-1642000000.0,-1648000000.0,756000000.0,-0.29,-0.29,3206000000.0
PFE,quarterly,2025-09-30,16654000000.0,4172000000.0,12482000000.0,6955000000.0,5527000000.0,3334000000.0,3541000000.0,5648000000.0,0.62,0.62,2546000000.0
PFE,quarterly,2025-06-30,14653000000.0,3778000000.0,10875000000.0,7108000000.0,3767000000.0,3044000000.0,2910000000.0,5323000000.0,0.51,0.51,2482000000.0
PFGC,annual,2026-06-30,67839500000.0,59748900000.0,8090600000.0,7203100000.0,887500000.0,485800000.0,359300000.0,1713400000.0,2.29,2.3,
PFGC,annual,2025-06-30,63298900000.0,55882300000.0,7416600000.0,6600300000.0,816300000.0,458800000.0,340200000.0,1535100000.0,2.18,2.2,
PFGC,annual,2024-06-30,58281200000.0,51704100000.0,6577100000.0,5750700000.0,826400000.0,596800000.0,435900000.0,1385700000.0,2.79,2.82,
PFGC,annual,2023-06-30,57254700000.0,50999800000.0,6254900000.0,5489100000.0,765800000.0,544000000.0,397200000.0,1258700000.0,2.54,2.58,
PFGC,quarterly,2026-06-30,18028900000.0,15860100000.0,2168800000.0,1845000000.0,323800000.0,221700000.0,162300000.0,537200000.0,1.03,1.04,
PFGC,quarterly,2026-03-31,16290000000.0,14351200000.0,1938800000.0,1789900000.0,148900000.0,55900000.0,41700000.0,363800000.0,0.27,0.27,
PFGC,quarterly,2025-12-31,16444700000.0,14478300000.0,1966400000.0,1776300000.0,190100000.0,86700000.0,61700000.0,391100000.0,0.39,0.4,
PFGC,quarterly,2025-09-30,17075900000.0,15059300000.0,2016600000.0,1791900000.0,224700000.0,121500000.0,93600000.0,421300000.0,0.6,0.6,
PFGC,quarterly,2025-06-30,16938900000.0,14936700000.0,2002200000.0,1734400000.0,267800000.0,176700000.0,131500000.0,466800000.0,0.84,0.85,
PG,annual,2026-06-30,87032000000.0,43362000000.0,43670000000.0,23922000000.0,19748000000.0,20377000000.0,16046000000.0,24414000000.0,6.62,6.75,
PG,annual,2025-06-30,84284000000.0,41164000000.0,43120000000.0,22669000000.0,20451000000.0,20167000000.0,15974000000.0,23921000000.0,6.51,6.67,
PG,annual,2024-06-30,84039000000.0,40848000000.0,43191000000.0,23305000000.0,19886000000.0,18761000000.0,14879000000.0,22582000000.0,6.02,6.18,
PG,annual,2023-06-30,82006000000.0,42760000000.0,39246000000.0,21112000000.0,18134000000.0,18353000000.0,14653000000.0,21823000000.0,5.9,6.07,
PG,quarterly,2026-06-30,21204000000.0,10920000000.0,10284000000.0,6334000000.0,3950000000.0,3933000000.0,3044000000.0,4981000000.0,1.26,1.28,
PG,quarterly,2026-03-31,21235000000.0,10722000000.0,10513000000.0,5936000000.0,4577000000.0,4989000000.0,3932000000.0,5997000000.0,1.63,1.66,
PG,quarterly,2025-12-31,22208000000.0,10834000000.0,11374000000.0,6008000000.0,5366000000.0,5421000000.0,4319000000.0,6443000000.0,1.78,1.82,
PG,quarterly,2025-09-30,22386000000.0,10887000000.0,11499000000.0,5643000000.0,5856000000.0,6034000000.0,4750000000.0,6992000000.0,1.95,2.0,
PG,quarterly,2025-06-30,20889000000.0,10631000000.0,10258000000.0,5904000000.0,4354000000.0,4521000000.0,3615000000.0,5456000000.0,1.48,1.51,
PGR,annual,2025-12-31,87637000000.0,,,73414000000.0,14501000000.0,14223000000.0,11308000000.0,,19.23,19.29,
PGR,annual,2024-12-31,75343000000.0,,,64630000000.0,10992000000.0,10713000000.0,8480000000.0,,14.4,14.45,
PGR,annual,2023-12-31,62083000000.0,,,57179000000.0,5172000000.0,4904000000.0,3903000000.0,,6.58,6.61,
PGR,annual,2022-12-31,49587000000.0,,,48665000000.0,1166000000.0,922000000.0,722000000.0,,1.18,1.19,
PGR,quarterly,2026-06-30,23599000000.0,,,19390000000.0,4297000000.0,4209000000.0,3311000000.0,,5.67,5.68,
PGR,quarterly,2026-03-31,22180000000.0,,,18614000000.0,3636000000.0,3566000000.0,2818000000.0,,4.8,4.81,
PGR,quarterly,2025-12-31,22738000000.0,,,19056000000.0,3751000000.0,3682000000.0,2951000000.0,,,,
PGR,quarterly,2025-09-30,22502000000.0,,,19179000000.0,3393000000.0,3323000000.0,2615000000.0,,4.45,4.46,
PGR,quarterly,2025-06-30,21995000000.0,,,18013000000.0,4051000000.0,3982000000.0,3175000000.0,,5.4,5.42,
PHM,annual,2025-12-31,17311953000.0,12739349000.0,4572604000.0,1594021000.0,2978583000.0,2911321000.0,2218730000.0,3024433000.0,11.12,11.21,
PHM,annual,2024-12-31,17946950000.0,12725745000.0,5221205000.0,1331310000.0,3889895000.0,4005879000.0,3083262000.0,4095520000.0,14.69,14.82,
PHM,annual,2023-12-31,16061578000.0,11342093000.0,4719485000.0,1323180000.0,3396305000.0,3449267000.0,2602372000.0,3530560000.0,11.72,11.79,
PHM,annual,2022-12-31,16002979000.0,11168481000.0,4834498000.0,1392340000.0,3442158000.0,3439558000.0,2617317000.0,3510760000.0,11.01,11.07,
PHM,quarterly,2026-06-30,3982957000.0,2985436000.0,997521000.0,384378000.0,613143000.0,622439000.0,472003000.0,647942000.0,2.48,2.49,
PHM,quarterly,2026-03-31,3408572000.0,2586466000.0,822106000.0,381746000.0,440360000.0,449396000.0,346996000.0,474098000.0,1.79,1.81,
PHM,quarterly,2025-12-31,4610748000.0,3468255000.0,1142493000.0,402581000.0,739912000.0,655239000.0,501615000.0,692364000.0,2.56,2.58,
PHM,quarterly,2025-09-30,4404799000.0,3240507000.0,1164292000.0,402982000.0,761310000.0,767788000.0,585834000.0,793793000.0,2.96,2.98,
PHM,quarterly,2025-06-30,4403755000.0,3205549000.0,1198206000.0,392754000.0,805452000.0,807156000.0,608483000.0,832343000.0,3.03,3.05,
PINS,annual,2025-12-31,4221767000.0,841521000.0,3380246000.0,3060363000.0,319883000.0,445890000.0,416855000.0,345034000.0,0.61,0.62,1427447000.0
PINS,annual,2024-12-31,3646166000.0,750355000.0,2895811000.0,2715994000.0,179817000.0,287605000.0,1862106000.0,201083000.0,2.67,2.74,1240564000.0
PINS,annual,2023-12-31,3055071000.0,688760000.0,2366311000.0,2491989000.0,-125678000.0,-16440000.0,-35610000.0,-104169000.0,-0.05,-0.05,1068416000.0
PINS,annual,2022-12-31,2802574000.0,678597000.0,2123977000.0,2225654000.0,-101677000.0,-85944000.0,-96047000.0,-55188000.0,-0.14,-0.14,948980000.0
PINS,quarterly,2026-06-30,1179654000.0,257354000.0,922300000.0,963163000.0,-40863000.0,-49159000.0,-46669000.0,-29078000.0,-0.08,-0.08,451010000.0
PINS,quarterly,2026-03-31,1007514000.0,238552000.0,768962000.0,802157000.0,-33195000.0,-63500000.0,-73587000.0,-24369000.0,-0.12,-0.12,380789000.0
PINS,quarterly,2025-12-31,1319347000.0,226917000.0,1092430000.0,791256000.0,301174000.0,327707000.0,277070000.0,307182000.0,0.41,0.41,364905000.0
PINS,quarterly,2025-09-30,1049205000.0,212325000.0,836880000.0,778364000.0,58516000.0,87196000.0,92108000.0,65721000.0,0.13,0.14,371253000.0
PINS,quarterly,2025-06-30,998227000.0,203009000.0,795218000.0,799548000.0,-4330000.0,34652000.0,38755000.0,1760000.0,0.06,0.06,359624000.0
PKG,annual,2025-12-31,8989300000.0,7099700000.0,1889600000.0,634200000.0,1255400000.0,1027800000.0,774100000.0,1759700000.0,8.58,8.61,
PKG,annual,2024-12-31,8383300000.0,6600200000.0,1783100000.0,610300000.0,1172800000.0,1064400000.0,805100000.0,1631400000.0,8.93,8.97,
PKG,annual,2023-12-31,7802400000.0,6103500000.0,1698900000.0,580900000.0,1118000000.0,1014100000.0,765200000.0,1585100000.0,8.48,8.52,
PKG,annual,2022-12-31,8478000000.0,6387400000.0,2090600000.0,608600000.0,1482000000.0,1364800000.0,1029800000.0,1892000000.0,11.03,11.08,
PKG,quarterly,2026-06-30,2489900000.0,1977400000.0,512500000.0,179300000.0,333200000.0,259000000.0,192100000.0,468600000.0,2.15,2.16,
PKG,quarterly,2026-03-31,2367800000.0,1914900000.0,452900000.0,180300000.0,272600000.0,219800000.0,170900000.0,477600000.0,1.91,1.92,
PKG,quarterly,2025-12-31,2363600000.0,1916100000.0,447500000.0,165300000.0,282200000.0,134500000.0,101800000.0,390000000.0,1.13,1.13,
PKG,quarterly,2025-09-30,2313400000.0,1809100000.0,504300000.0,154300000.0,350000000.0,305200000.0,226900000.0,477100000.0,2.51,2.52,
PKG,quarterly,2025-06-30,2171300000.0,1688300000.0,483000000.0,153200000.0,329800000.0,320600000.0,241500000.0,474300000.0,2.67,2.68,
PL,annual,2026-01-31,307727000.0,135242000.0,172485000.0,267558000.0,-95073000.0,-242205000.0,-246860000.0,-196944000.0,-0.8,-0.8,106749000.0
PL,annual,2025-01-31,244352000.0,104627000.0,139725000.0,250848000.0,-111123000.0,-120736000.0,-123196000.0,-74267000.0,-0.42,-0.42,101006000.0
PL,annual,2024-01-31,220696000.0,107746000.0,112950000.0,280260000.0,-167310000.0,-139694000.0,-140509000.0,-92055000.0,-0.5,-0.5,116339000.0
PL,annual,2023-01-31,191256000.0,97248000.0,94008000.0,269683000.0,-175675000.0,-161119000.0,-161966000.0,-132345000.0,-0.61,-0.61,110916000.0
PL,quarterly,2026-07-31,116052000.0,50420000.0,65632000.0,79141000.0,-13509000.0,-8620000.0,-9353000.0,3607000.0,-0.03,-0.03,35156000.0
PL,quarterly,2026-04-30,94150000.0,43749000.0,50401000.0,85289000.0,-34888000.0,-137861000.0,-138872000.0,-125226000.0,-0.4,-0.4,33420000.0
PL,quarterly,2026-01-31,86822000.0,39792000.0,47030000.0,83032000.0,-36002000.0,-150009000.0,-152455000.0,-138205000.0,-0.48,-0.48,32193000.0
PL,quarterly,2025-10-31,81254000.0,34670000.0,46584000.0,64924000.0,-18340000.0,-58401000.0,-59185000.0,-47473000.0,-0.19,-0.19,27327000.0
PL,quarterly,2025-07-31,73386000.0,31118000.0,42268000.0,60228000.0,-17960000.0,-22095000.0,-22592000.0,-11156000.0,-0.07,-0.07,24155000.0
PLD,annual,2025-12-31,8790127000.0,2234654000.0,6555473000.0,3141171000.0,3414302000.0,3769316000.0,3328231000.0,7367603000.0,3.56,3.58,
PLD,annual,2024-12-31,8201610000.0,2057241000.0,6144369000.0,3046328000.0,3098041000.0,4114878000.0,3731635000.0,7532693000.0,4.01,4.02,
PLD,annual,2023-12-31,8023469000.0,2010335000.0,6013134000.0,2928651000.0,3084483000.0,3464183000.0,3059214000.0,6567797000.0,3.29,3.3,
PLD,annual,2022-12-31,5973692000.0,1509094000.0,4464598000.0,2184196000.0,2280402000.0,3690810000.0,3364856000.0,5795490000.0,4.25,4.28,
PLD,quarterly,2026-06-30,2425452000.0,626451000.0,1799001000.0,839310000.0,959691000.0,1232127000.0,1062191000.0,2197956000.0,1.13,1.14,
PLD,quarterly,2026-03-31,2297723000.0,602172000.0,1695551000.0,868519000.0,827032000.0,1092786000.0,981976000.0,2078292000.0,1.05,1.05,
PLD,quarterly,2025-12-31,2252712000.0,578775000.0,1673937000.0,821580000.0,852357000.0,1564909000.0,1399783000.0,2463918000.0,,,
PLD,quarterly,2025-09-30,2213881000.0,553905000.0,1659976000.0,767385000.0,892591000.0,875795000.0,764266000.0,1782068000.0,0.82,0.82,
PLD,quarterly,2025-06-30,2183869000.0,552880000.0,1630989000.0,775798000.0,855191000.0,645709000.0,571229000.0,1554796000.0,0.61,0.61,
PLTK,annual,2025-12-31,2755400000.0,758500000.0,1996900000.0,1995600000.0,1300000.0,-172900000.0,-206400000.0,205200000.0,-0.55,-0.55,426700000.0
PLTK,annual,2024-12-31,2549300000.0,692100000.0,1857200000.0,1396700000.0,460500000.0,280500000.0,162200000.0,601400000.0,0.44,0.44,403000000.0
PLTK,annual,2023-12-31,2567000000.0,718500000.0,1848500000.0,1295600000.0,552900000.0,392100000.0,235000000.0,704300000.0,0.64,0.64,406400000.0
PLTK,annual,2022-12-31,2615500000.0,735700000.0,1879800000.0,1408400000.0,471400000.0,360800000.0,275300000.0,640300000.0,0.69,0.69,472300000.0
PLTK,quarterly,2026-06-30,731100000.0,192900000.0,538200000.0,403100000.0,135100000.0,68500000.0,48000000.0,151500000.0,0.13,0.13,96400000.0
PLTK,quarterly,2026-03-31,744700000.0,192200000.0,552500000.0,602100000.0,-49600000.0,-73800000.0,-57500000.0,5800000.0,-0.15,-0.15,98000000.0
PLTK,quarterly,2025-12-31,678800000.0,186900000.0,491900000.0,768400000.0,-276500000.0,-317200000.0,-309300000.0,-228100000.0,-0.82,-0.82,109600000.0
PLTK,quarterly,2025-09-30,674600000.0,178400000.0,496200000.0,396300000.0,99900000.0,58100000.0,39100000.0,154200000.0,0.11,0.11,98800000.0
PLTK,quarterly,2025-06-30,696000000.0,195800000.0,500200000.0,390100000.0,110100000.0,45100000.0,33200000.0,142600000.0,0.09,0.09,114500000.0
PLTR,annual,2025-12-31,4475446000.0,789177000.0,3686269000.0,2272254000.0,1414015000.0,1657368000.0,1625033000.0,1440160000.0,0.63,0.69,557677000.0
PLTR,annual,2024-12-31,2865507000.0,565990000.0,2299517000.0,1989114000.0,310403000.0,489173000.0,462190000.0,341990000.0,0.190277,0.210307,507878000.0
PLTR,annual,2023-12-31,2225012000.0,431105000.0,1793907000.0,1673941000.0,119966000.0,237091000.0,209825000.0,153320000.0,0.090131,0.100146,404624000.0
PLTR,annual,2022-12-31,1905871000.0,408549000.0,1497322000.0,1658523000.0,-161201000.0,-361027000.0,-373705000.0,-138679000.0,-0.180263,-0.180263,359679000.0
PLTR,quarterly,2026-06-30,1935464000.0,296870000.0,1638594000.0,726590000.0,912004000.0,1081345000.0,1061890000.0,920224000.0,0.41,0.44,192513000.0
PLTR,quarterly,2026-03-31,1632583000.0,215798000.0,1416785000.0,662787000.0,753998000.0,888601000.0,870527000.0,760763000.0,0.34,0.36,160981000.0
PLTR,quarterly,2025-12-31,1406802000.0,215966000.0,1190836000.0,615442000.0,575394000.0,621383000.0,608676000.0,582412000.0,0.24,0.26,143554000.0
PLTR,quarterly,2025-09-30,1181092000.0,207307000.0,973785000.0,580529000.0,393256000.0,480501000.0,475599000.0,399231000.0,0.180263,0.200292,144191000.0
PLTR,quarterly,2025-06-30,1003697000.0,192934000.0,810763000.0,541446000.0,269317000.0,332168000.0,326727000.0,275847000.0,0.13019,0.140204,135043000.0
PM,annual,2025-12-31,40648000000.0,13366000000.0,27282000000.0,12349000000.0,14933000000.0,13880000000.0,11348000000.0,17463000000.0,7.26,7.27,
PM,annual,2024-12-31,37878000000.0,13329000000.0,24549000000.0,11147000000.0,13402000000.0,12199000000.0,7057000000.0,15749000000.0,4.53,4.53,
PM,annual,2023-12-31,35174000000.0,12893000000.0,22281000000.0,10060000000.0,12221000000.0,10450000000.0,7813000000.0,13374000000.0,5.02,5.02,
PM,annual,2022-12-31,31762000000.0,11402000000.0,20360000000.0,8114000000.0,12246000000.0,11634000000.0,9048000000.0,13479000000.0,5.81,5.82,
PM,quarterly,2026-06-30,11192000000.0,3533000000.0,7659000000.0,3129000000.0,4530000000.0,4292000000.0,2817000000.0,5048000000.0,1.8,1.8,
PM,quarterly,2026-03-31,10146000000.0,3241000000.0,6905000000.0,3012000000.0,3893000000.0,3661000000.0,2438000000.0,4408000000.0,1.56,1.56,
PM,quarterly,2025-12-31,10362000000.0,3560000000.0,6802000000.0,3429000000.0,3373000000.0,3146000000.0,2141000000.0,4506000000.0,1.37,1.37,
PM,quarterly,2025-09-30,10845000000.0,3487000000.0,7358000000.0,3095000000.0,4263000000.0,4019000000.0,3478000000.0,4754000000.0,2.23,2.23,
PM,quarterly,2025-06-30,10140000000.0,3274000000.0,6866000000.0,3113000000.0,3753000000.0,3424000000.0,3039000000.0,4191000000.0,1.95,1.95,
PNC,annual,2025-12-31,23077000000.0,,,,,8486000000.0,6936000000.0,,16.59,16.6,
PNC,annual,2024-12-31,20809000000.0,,,,,7242000000.0,5889000000.0,,13.74,13.76,
PNC,annual,2023-12-31,21509000000.0,,,,,6736000000.0,5578000000.0,,12.79,12.8,
PNC,annual,2022-12-31,21114000000.0,,,,,7473000000.0,6041000000.0,,13.85,13.86,
PNC,quarterly,2026-06-30,6429000000.0,,,,,2586000000.0,2040000000.0,,4.81,4.82,
PNC,quarterly,2026-03-31,6157000000.0,,,,,2187000000.0,1760000000.0,,4.13,,
PNC,quarterly,2025-12-31,6068000000.0,,,,,2329000000.0,2020000000.0,,4.88,,
PNC,quarterly,2025-09-30,5900000000.0,,,,,2287000000.0,1808000000.0,,4.35,,
PNC,quarterly,2025-06-30,5662000000.0,,,,,2024000000.0,1627000000.0,,3.85,,
POET,annual,2025-12-31,1074865.0,,,34938486.0,-33863621.0,-62963213.0,-62963213.0,-59503268.0,-0.68,-0.68,18084303.0
POET,annual,2024-12-31,41427.0,,,23604263.0,-23562836.0,-56695823.0,-56695823.0,-54572955.0,-0.94,-0.94,11334641.0
POET,annual,2023-12-31,465777.0,,,20873085.0,-20407308.0,-20267365.0,-20267365.0,-18275022.0,-0.51,-0.51,10077930.0
POET,annual,2022-12-31,552748.0,,,20263014.0,-19710266.0,-21036690.0,-21036690.0,-19693794.0,-0.57,-0.57,10746743.0
POET,quarterly,2026-06-30,569925.0,,,14587896.0,-14017971.0,-11338060.0,-11338060.0,-10243213.0,-0.07,-0.07,6993258.0
POET,quarterly,2026-03-31,503389.0,,,15121047.0,-14617658.0,-12344086.0,-12344086.0,-11339869.0,-0.08,-0.08,5840334.0
POET,quarterly,2025-12-31,341202.0,,,9952205.0,-9611003.0,-42671682.0,-42671682.0,-41719263.0,,,5345349.0
POET,quarterly,2025-09-30,298434.0,,,8036833.0,-7738399.0,-9369714.0,-9369714.0,-8445581.0,-0.1,-0.1,4472495.0
POET,quarterly,2025-06-30,268469.0,,,7723081.0,-7454612.0,-17263375.0,-17263375.0,-16439636.0,-0.21,-0.21,3752352.0
POOL,annual,2025-12-31,5289396000.0,3716938000.0,1572458000.0,992254000.0,580204000.0,533434000.0,406404000.0,631809000.0,10.85,10.89,
POOL,annual,2024-12-31,5310953000.0,3735606000.0,1575347000.0,958143000.0,617204000.0,566954000.0,434325000.0,662685000.0,11.3,11.37,
POOL,annual,2023-12-31,5541595000.0,3881551000.0,1660044000.0,913477000.0,746567000.0,688136000.0,523229000.0,786707000.0,13.35,13.45,
POOL,annual,2022-12-31,6179727000.0,4246315000.0,1933412000.0,907629000.0,1025783000.0,984872000.0,748462000.0,1064808000.0,18.7,18.89,
POOL,quarterly,2026-06-30,1822938000.0,1282176000.0,540762000.0,273083000.0,267679000.0,253406000.0,188089000.0,281329000.0,5.17,5.18,
POOL,quarterly,2026-03-31,1138014000.0,808144000.0,329870000.0,247260000.0,82610000.0,70244000.0,53229000.0,96157000.0,1.45,1.46,
POOL,quarterly,2025-12-31,982209000.0,686464000.0,295745000.0,243736000.0,52009000.0,40626000.0,31588000.0,66578000.0,0.85,0.85,
POOL,quarterly,2025-09-30,1451131000.0,1021948000.0,429183000.0,251196000.0,177987000.0,165983000.0,127013000.0,190907000.0,3.4,3.41,
POOL,quarterly,2025-06-30,1784530000.0,1249369000.0,535161000.0,262491000.0,272670000.0,260451000.0,194258000.0,284799000.0,5.17,5.19,
PRIM,annual,2025-12-31,7574900000.0,6761800000.0,813100000.0,399200000.0,413900000.0,384000000.0,274900000.0,504600000.0,5.02,5.09,
PRIM,annual,2024-12-31,6366800000.0,5663600000.0,703200000.0,383300000.0,319900000.0,254900000.0,180900000.0,415700000.0,3.31,3.37,
PRIM,annual,2023-12-31,5715300000.0,5127800000.0,587500000.0,328700000.0,258800000.0,177600000.0,126100000.0,362800000.0,2.33,2.37,
PRIM,annual,2022-12-31,4420599000.0,3963714000.0,456885000.0,281577000.0,175308000.0,159286000.0,133021000.0,297655000.0,2.47,2.5,
PRIM,quarterly,2026-06-30,1688200000.0,1605800000.0,82400000.0,106300000.0,-23900000.0,-36600000.0,-24200000.0,4600000.0,-0.45,-0.45,
PRIM,quarterly,2026-03-31,1559900000.0,1425200000.0,134700000.0,105800000.0,28900000.0,19900000.0,17400000.0,48300000.0,0.32,0.32,
PRIM,quarterly,2025-12-31,1857621000.0,1682628000.0,174993000.0,97455000.0,77538000.0,71866000.0,51724000.0,102445000.0,0.95,0.96,
PRIM,quarterly,2025-09-30,2178422000.0,1942708000.0,235714000.0,97694000.0,138020000.0,131066000.0,94617000.0,161846000.0,1.73,1.75,
PRIM,quarterly,2025-06-30,1890700000.0,1659000000.0,231700000.0,104600000.0,127100000.0,118700000.0,84300000.0,148700000.0,1.54,1.56,
PRU,annual,2025-12-31,60967000000.0,,,56310000000.0,,4656000000.0,3576000000.0,,9.99,10.048323,
PRU,annual,2024-12-31,70675000000.0,,,67466000000.0,,3209000000.0,2727000000.0,,7.5,7.538462,
PRU,annual,2023-12-31,54265000000.0,,,51193000000.0,,3072000000.0,2488000000.0,,6.74,6.764787,
PRU,annual,2022-12-31,56986000000.0,,,58878000000.0,,-1892000000.0,-1647000000.0,,-4.491002,-4.491002,
PRU,quarterly,2026-06-30,15692000000.0,,,14514000000.0,,1178000000.0,985000000.0,,2.795174,2.8,
PRU,quarterly,2026-03-31,15546000000.0,,,14813000000.0,,733000000.0,597000000.0,,1.68,1.691113,
PRU,quarterly,2025-12-31,15676000000.0,,,14461000000.0,,1214000000.0,905000000.0,,2.55,2.56447,
PRU,quarterly,2025-09-30,17950000000.0,,,16168000000.0,,1782000000.0,1431000000.0,,4.01,4.033039,
PRU,quarterly,2025-06-30,13804000000.0,,,13064000000.0,,740000000.0,533000000.0,,1.48,1.48,
PSA,annual,2025-12-31,4824113000.0,1309975000.0,3514138000.0,1253647000.0,2260491000.0,1789804000.0,1784348000.0,3246139000.0,9.01,9.04,
PSA,annual,2024-12-31,4695616000.0,1258001000.0,3437615000.0,1236443000.0,2201172000.0,2089079000.0,2072011000.0,3506246000.0,10.64,10.68,
PSA,annual,2023-12-31,4517690000.0,1147946000.0,3369744000.0,1050688000.0,2319056000.0,2170941000.0,2148327000.0,3342129000.0,11.06,11.11,
PSA,annual,2022-12-31,4182163000.0,1052907000.0,3129256000.0,959818000.0,2169438000.0,4380600000.0,4349147000.0,5405065000.0,23.5,23.64,17540000.0
PSA,annual,2021-12-31,,,,,,,,,,,8403000.0
PSA,quarterly,2026-06-30,1232881000.0,344106000.0,888775000.0,332126000.0,556649000.0,505654000.0,499960000.0,878192000.0,2.55,2.56,
PSA,quarterly,2026-03-31,1217741000.0,339943000.0,877798000.0,321074000.0,556724000.0,530944000.0,526273000.0,901685000.0,2.71,2.72,
PSA,quarterly,2025-12-31,1215792000.0,329273000.0,886519000.0,320836000.0,565683000.0,495332000.0,507075000.0,872062000.0,2.6,2.6,
PSA,quarterly,2025-09-30,1224043000.0,330850000.0,893193000.0,317771000.0,575422000.0,517604000.0,511063000.0,887660000.0,2.62,2.63,
PSA,quarterly,2025-06-30,1201094000.0,318005000.0,883089000.0,308943000.0,574146000.0,364651000.0,358419000.0,719476000.0,1.76,1.76,
PSX,annual,2025-12-31,132376000000.0,119344000000.0,13032000000.0,9651000000.0,3381000000.0,5420000000.0,4403000000.0,9757000000.0,10.79,10.82,
PSX,annual,2024-12-31,143153000000.0,132325000000.0,10828000000.0,9082000000.0,1746000000.0,2675000000.0,2117000000.0,5985000000.0,4.99,5.01,
PSX,annual,2023-12-31,147399000000.0,130063000000.0,17336000000.0,9386000000.0,7950000000.0,9469000000.0,7015000000.0,12372000000.0,15.48,15.56,
PSX,annual,2022-12-31,169990000000.0,151561000000.0,18429000000.0,8809000000.0,9620000000.0,14639000000.0,11024000000.0,16910000000.0,23.27,23.36,
PSX,quarterly,2026-06-30,51004000000.0,44249000000.0,6755000000.0,2475000000.0,4280000000.0,4971000000.0,3847000000.0,5883000000.0,9.55,9.59,
PSX,quarterly,2026-03-31,32540000000.0,29774000000.0,2766000000.0,2652000000.0,114000000.0,260000000.0,207000000.0,1116000000.0,0.51,0.51,
PSX,quarterly,2025-12-31,34108000000.0,29955000000.0,4153000000.0,2532000000.0,1621000000.0,3453000000.0,2906000000.0,4579000000.0,7.17,7.2,
PSX,quarterly,2025-09-30,34515000000.0,31045000000.0,3470000000.0,2505000000.0,965000000.0,199000000.0,133000000.0,1296000000.0,0.32,0.32,
PSX,quarterly,2025-06-30,33323000000.0,29893000000.0,3430000000.0,2240000000.0,1190000000.0,1120000000.0,877000000.0,2210000000.0,2.15,2.15,
PWR,annual,2025-12-31,28479697000.0,24204616000.0,4275081000.0,2688004000.0,1587077000.0,1389505000.0,1028378000.0,2561283000.0,6.8,6.91,
PWR,annual,2024-12-31,23672795000.0,20162034000.0,3510761000.0,2207713000.0,1303048000.0,1212030000.0,904824000.0,2157039000.0,6.03,6.16,
PWR,annual,2023-12-31,20882206000.0,17945120000.0,2937086000.0,1844151000.0,1092935000.0,969956000.0,744689000.0,1770669000.0,5.0,5.13,
PWR,annual,2022-12-31,17073903000.0,14544748000.0,2529155000.0,1690684000.0,838471000.0,703886000.0,491189000.0,1472869000.0,3.32,3.42,
PWR,quarterly,2026-06-30,9556997000.0,8011819000.0,1545178000.0,855447000.0,689731000.0,617163000.0,451381000.0,964806000.0,2.96,3.01,
PWR,quarterly,2026-03-31,7874787000.0,6767458000.0,1107329000.0,773107000.0,334222000.0,256356000.0,220625000.0,595298000.0,1.45,1.47,
PWR,quarterly,2025-12-31,7841948000.0,6624912000.0,1217036000.0,736798000.0,480238000.0,419589000.0,315450000.0,749021000.0,2.08,2.11,
PWR,quarterly,2025-09-30,7631408000.0,6414974000.0,1216434000.0,706145000.0,510289000.0,462444000.0,339420000.0,771320000.0,2.24,2.28,
PWR,quarterly,2025-06-30,6773007000.0,5765433000.0,1007574000.0,641533000.0,366041000.0,318623000.0,229250000.0,590105000.0,1.52,1.54,
PYPL,annual,2025-12-31,33172000000.0,17707000000.0,15465000000.0,9069000000.0,6396000000.0,6292000000.0,5233000000.0,7696000000.0,5.41,5.46,3103000000.0
PYPL,annual,2024-12-31,31797000000.0,17139000000.0,14658000000.0,8895000000.0,5763000000.0,5329000000.0,4147000000.0,6743000000.0,3.99,4.03,2979000000.0
PYPL,annual,2023-12-31,29771000000.0,16067000000.0,13704000000.0,8760000000.0,4944000000.0,5411000000.0,4246000000.0,6830000000.0,3.84,3.85,2973000000.0
PYPL,annual,2022-12-31,27518000000.0,13745000000.0,13773000000.0,9729000000.0,4044000000.0,3366000000.0,2419000000.0,4987000000.0,2.09,2.1,3253000000.0
PYPL,quarterly,2026-06-30,8682000000.0,4782000000.0,3900000000.0,2360000000.0,1540000000.0,1310000000.0,1104000000.0,1682000000.0,1.25,1.26,849000000.0
PYPL,quarterly,2026-03-31,8353000000.0,4543000000.0,3810000000.0,2248000000.0,1562000000.0,1393000000.0,1113000000.0,1742000000.0,1.21,1.22,793000000.0
PYPL,quarterly,2025-12-31,8676000000.0,4642000000.0,4034000000.0,2443000000.0,1591000000.0,1627000000.0,1437000000.0,1972000000.0,1.53,1.54,804000000.0
PYPL,quarterly,2025-09-30,8417000000.0,4546000000.0,3871000000.0,2282000000.0,1589000000.0,1533000000.0,1248000000.0,1891000000.0,1.3,1.31,801000000.0
PYPL,quarterly,2025-06-30,8288000000.0,4444000000.0,3844000000.0,2224000000.0,1620000000.0,1529000000.0,1261000000.0,1882000000.0,1.29,1.3,767000000.0
QBTS,annual,2025-12-31,24587000.0,4281000.0,20306000.0,120674000.0,-100368000.0,-355062000.0,-355062000.0,-348743000.0,-1.11,-1.11,50734000.0
QBTS,annual,2024-12-31,8827000.0,3264000.0,5563000.0,82786000.0,-77223000.0,-143879000.0,-143879000.0,-138050000.0,-0.75,-0.75,35300000.0
QBTS,annual,2023-12-31,8758000.0,4136000.0,4622000.0,85168000.0,-80546000.0,-82715000.0,-82715000.0,-80833000.0,-0.6,-0.6,37878000.0
QBTS,annual,2022-12-31,7173000.0,2923000.0,4250000.0,63708000.0,-59458000.0,-53702000.0,-53702000.0,-49034000.0,-0.45,-0.45,32101000.0
QBTS,quarterly,2026-06-30,3076000.0,1372000.0,1704000.0,54982000.0,-53278000.0,-48020000.0,-48028000.0,-42680000.0,-0.13,-0.13,28239000.0
QBTS,quarterly,2026-03-31,2858000.0,1040000.0,1818000.0,56545000.0,-54727000.0,-46809000.0,-18357000.0,-42400000.0,-0.05,-0.05,25793000.0
QBTS,quarterly,2025-12-31,2752000.0,968000.0,1784000.0,36623000.0,-34839000.0,-42326000.0,-42326000.0,-38268000.0,-0.12,-0.12,13677000.0
QBTS,quarterly,2025-09-30,3739000.0,1070000.0,2669000.0,30405000.0,-27736000.0,-139986000.0,-139986000.0,-139217000.0,-0.41,-0.41,14075000.0
QBTS,quarterly,2025-06-30,3095000.0,1119000.0,1976000.0,28478000.0,-26502000.0,-167329000.0,-167329000.0,-166616000.0,-0.55,-0.55,12694000.0
QCOM,annual,2025-09-30,44284000000.0,19738000000.0,24546000000.0,12152000000.0,12394000000.0,12663000000.0,5541000000.0,14929000000.0,5.01,5.05,9042000000.0
QCOM,annual,2024-09-30,38962000000.0,17060000000.0,21902000000.0,11649000000.0,10253000000.0,10336000000.0,10142000000.0,12739000000.0,8.97,9.09,8893000000.0
QCOM,annual,2023-09-30,35820000000.0,15869000000.0,19951000000.0,11301000000.0,8650000000.0,7443000000.0,7232000000.0,9946000000.0,6.42,6.47,8818000000.0
QCOM,annual,2022-09-30,44200000000.0,18635000000.0,25565000000.0,9705000000.0,15860000000.0,14998000000.0,12936000000.0,17250000000.0,11.37,11.52,8194000000.0
QCOM,quarterly,2026-06-30,9947000000.0,4670000000.0,5277000000.0,3651000000.0,1626000000.0,2462000000.0,2002000000.0,3036000000.0,1.87,1.89,2607000000.0
QCOM,quarterly,2026-03-31,10599000000.0,4900000000.0,5699000000.0,3390000000.0,2309000000.0,2232000000.0,7370000000.0,2816000000.0,6.88,6.92,2463000000.0
QCOM,quarterly,2025-12-31,12252000000.0,5568000000.0,6684000000.0,3318000000.0,3366000000.0,3547000000.0,3004000000.0,4109000000.0,2.78,2.81,2453000000.0
QCOM,quarterly,2025-09-30,11271000000.0,5034000000.0,6237000000.0,3280000000.0,2957000000.0,2971000000.0,-3117000000.0,3513000000.0,-2.89,-2.89,2370000000.0
QCOM,quarterly,2025-06-30,10365000000.0,4606000000.0,5759000000.0,2997000000.0,2762000000.0,2952000000.0,2666000000.0,3518000000.0,2.43,2.44,2226000000.0
QUBT,annual,2025-12-31,682000.0,615000.0,67000.0,51144000.0,-51077000.0,-18674000.0,-18674000.0,-13666000.0,-0.11,-0.11,20473000.0
QUBT,annual,2024-12-31,373000.0,261000.0,112000.0,26049000.0,-25937000.0,-68542000.0,-68542000.0,-61954000.0,-0.73,-0.73,11318000.0
QUBT,annual,2023-12-31,358000.0,196000.0,162000.0,26405000.0,-26243000.0,-27022000.0,-27022000.0,-21891000.0,-0.42,-0.42,8891000.0
QUBT,annual,2022-12-31,136000.0,61000.0,75000.0,28720000.0,-28645000.0,-25978000.0,-25978000.0,-23343000.0,-0.69,-0.69,5216000.0
QUBT,quarterly,2026-06-30,5551000.0,6717000.0,-1166000.0,21847000.0,-23013000.0,-11753000.0,-11753000.0,-8136000.0,-0.05,-0.05,8428000.0
QUBT,quarterly,2026-03-31,3691000.0,4412000.0,-721000.0,19829000.0,-20550000.0,-4050000.0,-4050000.0,-1557000.0,-0.02,-0.02,6969000.0
QUBT,quarterly,2025-12-31,198000.0,296000.0,-98000.0,22118000.0,-22216000.0,-1556000.0,-1556000.0,-79000.0,-0.01,-0.01,7004000.0
QUBT,quarterly,2025-09-30,384000.0,258000.0,126000.0,10530000.0,-10404000.0,2382000.0,2382000.0,3713000.0,0.01,0.01,4509000.0
QUBT,quarterly,2025-06-30,61000.0,35000.0,26000.0,10197000.0,-10171000.0,-36482000.0,-36482000.0,-35419000.0,-0.26,-0.26,5975000.0
RBLX,annual,2025-12-31,4890551000.0,1072299000.0,3818252000.0,5050594000.0,-1232342000.0,-1068025000.0,-1065057000.0,-802175000.0,-1.54,-1.54,1567747000.0
RBLX,annual,2024-12-31,3601979000.0,801162000.0,2800817000.0,3864134000.0,-1063317000.0,-936500000.0,-935384000.0,-670250000.0,-1.44,-1.44,1444207000.0
RBLX,annual,2023-12-31,2799274000.0,649115000.0,2150159000.0,3409226000.0,-1259067000.0,-1158483000.0,-1151946000.0,-910950000.0,-1.87,-1.87,1253598000.0
RBLX,annual,2022-12-31,2225052000.0,547658000.0,1677394000.0,2601178000.0,-923784000.0,-930589000.0,-924366000.0,-761864000.0,-1.55,-1.55,873477000.0
RBLX,quarterly,2026-06-30,1469000000.0,292000000.0,1177000000.0,1406000000.0,-229000000.0,-183000000.0,-183000000.0,-108000000.0,-0.26,-0.26,420000000.0
RBLX,quarterly,2026-03-31,1442000000.0,294000000.0,1148000000.0,1442000000.0,-294000000.0,-247000000.0,-246000000.0,-176000000.0,-0.35,-0.35,422000000.0
RBLX,quarterly,2025-12-31,1415021000.0,315005000.0,1100016000.0,1458654000.0,-358638000.0,-317153000.0,-316000000.0,-244113000.0,,,409845000.0
RBLX,quarterly,2025-09-30,1359646000.0,296456000.0,1063190000.0,1359725000.0,-296535000.0,-256568000.0,-255626000.0,-191744000.0,-0.37,-0.37,398306000.0
RBLX,quarterly,2025-06-30,1081000000.0,236000000.0,845000000.0,1167000000.0,-322000000.0,-279000000.0,-278000000.0,-214000000.0,-0.41,-0.41,385000000.0
RCAT,annual,2025-12-31,40729000.0,39455000.0,1274000.0,67871000.0,-66597000.0,-71632000.0,-72075000.0,-64332000.0,-0.73,-0.73,17890000.0
RCAT,annual,2024-04-30,17836000.0,14155000.0,3681000.0,22567000.0,-18886000.0,-21527000.0,-24053000.0,-17463000.0,-0.4,-0.4,6266000.0
RCAT,annual,2023-04-30,4620834.0,5455145.0,-834311.0,22676599.0,-23510910.0,-26376643.0,-28107029.0,-22544838.0,-0.52,-0.52,5860189.0
RCAT,annual,2022-04-30,6428963.0,5503448.0,925515.0,13927801.0,-13002286.0,-11689128.0,-11689128.0,-11276601.0,-0.24,-0.24,2606141.0
RCAT,quarterly,2026-06-30,20189000.0,16929000.0,3260000.0,41905000.0,-38645000.0,-35236000.0,-35259000.0,-37173000.0,-0.26,-0.26,14219000.0
RCAT,quarterly,2026-03-31,15471000.0,13506000.0,1965000.0,29267000.0,-27302000.0,-26548000.0,-26553000.0,-26490000.0,-0.22,-0.22,7972000.0
RCAT,quarterly,2025-12-31,26234369.0,25122515.0,1111854.0,25053019.0,-23941165.0,-19907803.0,-19656241.0,-23329875.0,-0.17,-0.17,4891009.0
RCAT,quarterly,2025-09-30,9646392.0,9008890.0,637502.0,18168591.0,-17531089.0,-15321886.0,-16016448.0,-16988770.0,-0.16,-0.16,5968131.0
RCAT,quarterly,2025-06-30,3218577.0,2843523.0,375054.0,13021601.0,-12646547.0,-13278960.0,-13278960.0,-12123156.0,-0.15,-0.15,3598267.0
RCL,annual,2025-12-31,17934000000.0,9083000000.0,8851000000.0,3941000000.0,4910000000.0,4373000000.0,4268000000.0,7083000000.0,15.61,15.75,
RCL,annual,2024-12-31,16485000000.0,8652000000.0,7833000000.0,3725000000.0,4108000000.0,2943000000.0,2877000000.0,6133000000.0,11.0,11.0,
RCL,annual,2023-12-31,13900000000.0,7775000000.0,6125000000.0,3247000000.0,2878000000.0,1710000000.0,1697000000.0,4567000000.0,6.31,6.63,
RCL,annual,2022-12-31,8840000000.0,6616000000.0,2224000000.0,2990000000.0,-766000000.0,-2156000000.0,-2156000000.0,615000000.0,-8.45,-8.45,
RCL,quarterly,2026-06-30,4832000000.0,2547000000.0,2285000000.0,977000000.0,1308000000.0,1150000000.0,1128000000.0,1850000000.0,4.2,4.21,
RCL,quarterly,2026-03-31,4452000000.0,2247000000.0,2205000000.0,1043000000.0,1162000000.0,976000000.0,941000000.0,1715000000.0,3.48,3.49,
RCL,quarterly,2025-12-31,4258000000.0,2241000000.0,2017000000.0,1083000000.0,934000000.0,846000000.0,754000000.0,1566000000.0,2.76,2.78,
RCL,quarterly,2025-09-30,5139000000.0,2480000000.0,2659000000.0,957000000.0,1702000000.0,1579000000.0,1575000000.0,2263000000.0,5.74,5.79,
RCL,quarterly,2025-06-30,4538000000.0,2283000000.0,2255000000.0,925000000.0,1330000000.0,1232000000.0,1210000000.0,1877000000.0,4.41,4.45,
RDDT,annual,2025-12-31,2202506000.0,194216000.0,2008290000.0,1566306000.0,441984000.0,528690000.0,529721000.0,457932000.0,2.62,2.84,783145000.0
RDDT,annual,2024-12-31,1300205000.0,123595000.0,1176610000.0,1737178000.0,-560568000.0,-485207000.0,-484276000.0,-544925000.0,-3.33,-3.33,935152000.0
RDDT,annual,2023-12-31,804029000.0,111011000.0,693018000.0,833179000.0,-140161000.0,-87023000.0,-90824000.0,-126459000.0,-0.571245,-0.571245,438346000.0
RDDT,annual,2022-12-31,666701000.0,104799000.0,561902000.0,734064000.0,-172162000.0,-157928000.0,-158550000.0,-164162000.0,-1.072791,-1.072791,365164000.0
RDDT,quarterly,2026-06-30,804905000.0,70308000.0,734597000.0,502881000.0,231716000.0,256835000.0,252848000.0,235974000.0,1.25,1.31,231276000.0
RDDT,quarterly,2026-03-31,663411000.0,56267000.0,607144000.0,424232000.0,182912000.0,205728000.0,203981000.0,187122000.0,1.01,1.07,207246000.0
RDDT,quarterly,2025-12-31,725607000.0,58718000.0,666889000.0,435061000.0,231828000.0,254818000.0,251603000.0,235979000.0,1.24,1.32,198885000.0
RDDT,quarterly,2025-09-30,584911000.0,52509000.0,532402000.0,393860000.0,138542000.0,160577000.0,162663000.0,142442000.0,0.8,0.87,196379000.0
RDDT,quarterly,2025-06-30,499627000.0,45900000.0,453727000.0,386016000.0,67711000.0,88858000.0,89297000.0,71645000.0,0.45,0.48,196610000.0
RDW,annual,2025-12-31,335381000.0,318096000.0,17285000.0,191041000.0,-173756000.0,-251566000.0,-226552000.0,-179223000.0,-2.28,-2.28,19761000.0
RDW,annual,2024-12-31,304101000.0,259646000.0,44455000.0,77526000.0,-33071000.0,-116331000.0,-114315000.0,-91156000.0,-2.35,-2.35,6128000.0
RDW,annual,2023-12-31,243800000.0,185831000.0,57969000.0,73504000.0,-15535000.0,-27750000.0,-27263000.0,-6327000.0,-0.73,-0.73,4979000.0
RDW,annual,2022-12-31,160549000.0,131854000.0,28695000.0,75283000.0,-46588000.0,-138592000.0,-130617000.0,-119085000.0,-2.09,-2.09,4941000.0
RDW,quarterly,2026-06-30,117074000.0,84530000.0,32544000.0,54623000.0,-22079000.0,-39109000.0,-40971000.0,-26853000.0,-0.19,-0.19,12547000.0
RDW,quarterly,2026-03-31,96972000.0,71164000.0,25808000.0,95469000.0,-69661000.0,-75861000.0,-76502000.0,-62144000.0,-0.4,-0.4,12582000.0
RDW,quarterly,2025-12-31,108794000.0,98296000.0,10498000.0,57320000.0,-46822000.0,-84563000.0,-85473000.0,-66078000.0,-0.58,-0.58,9535000.0
RDW,quarterly,2025-09-30,103432000.0,86622000.0,16810000.0,57978000.0,-41168000.0,-34290000.0,-41152000.0,-15887000.0,-0.29,-0.29,7693000.0
RDW,quarterly,2025-06-30,61760000.0,80824000.0,-19064000.0,56184000.0,-75248000.0,-129583000.0,-96979000.0,-100768000.0,-1.41,-1.41,1720000.0
REG,annual,2025-12-31,1553524000.0,457159000.0,1096365000.0,513300000.0,583065000.0,540951000.0,527460000.0,1152451000.0,2.809206,2.809206,
REG,annual,2024-12-31,1453904000.0,433052000.0,1020852000.0,507046000.0,513806000.0,409840000.0,400388000.0,993577000.0,2.11,2.138066,
REG,annual,2023-12-31,1322466000.0,394769000.0,927697000.0,459547000.0,468150000.0,370867000.0,364557000.0,877398000.0,2.04,2.04,
REG,annual,2022-12-31,1224022000.0,345943000.0,878079000.0,405766000.0,472313000.0,488035000.0,482865000.0,953918000.0,2.81,2.829411,
REG,quarterly,2026-06-30,,,,,,,,,0.61,0.613545,
REG,quarterly,2026-03-31,412453000.0,124710000.0,287743000.0,133029000.0,154714000.0,132798000.0,128549000.0,293308000.0,0.68,0.683474,
REG,quarterly,2025-12-31,404194000.0,121530000.0,282664000.0,134650000.0,148014000.0,208132000.0,202479000.0,366680000.0,1.088385,1.088385,
REG,quarterly,2025-09-30,387570000.0,112551000.0,275019000.0,131629000.0,143390000.0,112617000.0,109373000.0,268734000.0,0.58,0.583025,
REG,quarterly,2025-06-30,380848000.0,108259000.0,272589000.0,126959000.0,145630000.0,108349000.0,106021000.0,259278000.0,0.56,0.566708,
REGN,annual,2025-12-31,14342900000.0,2100700000.0,12242200000.0,8540200000.0,3702000000.0,5230700000.0,4504900000.0,5818200000.0,41.48,43.07,5850200000.0
REGN,annual,2024-12-31,14202000000.0,1970500000.0,12231500000.0,8240800000.0,3990700000.0,4779900000.0,4412600000.0,5318000000.0,38.34,40.9,5233000000.0
REGN,annual,2023-12-31,13117200000.0,1815800000.0,11301400000.0,7254300000.0,4047100000.0,4199300000.0,3953600000.0,4693300000.0,34.77,37.05,4625100000.0
REGN,annual,2022-12-31,12172900000.0,1560400000.0,10612500000.0,5873600000.0,4738900000.0,4858800000.0,4338400000.0,5259600000.0,38.22,40.51,3847600000.0
REGN,quarterly,2026-06-30,4290700000.0,576500000.0,3714200000.0,2293700000.0,1420500000.0,1527800000.0,1296900000.0,1662500000.0,12.23,12.62,1631600000.0
REGN,quarterly,2026-03-31,3605400000.0,669400000.0,2936000000.0,2191200000.0,744800000.0,831200000.0,727200000.0,967300000.0,6.75,6.99,1543500000.0
REGN,quarterly,2025-12-31,3884300000.0,584600000.0,3299700000.0,2401100000.0,898600000.0,1043700000.0,844600000.0,1200900000.0,7.86,8.21,1626100000.0
REGN,quarterly,2025-09-30,3754300000.0,521600000.0,3232700000.0,2122800000.0,1109900000.0,1763300000.0,1460000000.0,1919300000.0,13.62,14.09,1475000000.0
REGN,quarterly,2025-06-30,3675600000.0,530200000.0,3145400000.0,2065900000.0,1079500000.0,1518700000.0,1391600000.0,1657400000.0,12.81,13.24,1431700000.0
RGLD,annual,2025-12-31,1030471000.0,316613000.0,713858000.0,49183000.0,664675000.0,573866000.0,466281000.0,779970000.0,6.69,6.7,
RGLD,annual,2024-12-31,719395000.0,248562000.0,470833000.0,40934000.0,429899000.0,426092000.0,332023000.0,580267000.0,5.04,5.04,
RGLD,annual,2023-12-31,605717000.0,262754000.0,342963000.0,39761000.0,303202000.0,282140000.0,239440000.0,477944000.0,3.63,3.64,
RGLD,annual,2022-12-31,603206000.0,280598000.0,322608000.0,34612000.0,287996000.0,272868000.0,238982000.0,468973000.0,3.63,3.64,
RGLD,quarterly,2026-06-30,450539000.0,159731000.0,290808000.0,13445000.0,277363000.0,295800000.0,236393000.0,402010000.0,2.78,2.78,
RGLD,quarterly,2026-03-31,469125000.0,154503000.0,314622000.0,17531000.0,297091000.0,307106000.0,281130000.0,411223000.0,3.3,3.31,
RGLD,quarterly,2025-12-31,375323000.0,133104000.0,242219000.0,17638000.0,224581000.0,146378000.0,93611000.0,244114000.0,1.16,1.16,
RGLD,quarterly,2025-09-30,252068000.0,66713000.0,185355000.0,10213000.0,175142000.0,160509000.0,126824000.0,202028000.0,1.92,1.92,
RGLD,quarterly,2025-06-30,209643000.0,57534000.0,152109000.0,10269000.0,141840000.0,143012000.0,132349000.0,175709000.0,2.01,2.01,
RGTI,annual,2025-12-31,7088000.0,5024000.0,2064000.0,86724000.0,-84660000.0,-216210000.0,-216210000.0,-208041000.0,-0.7,-0.7,61345000.0
RGTI,annual,2024-12-31,10790000.0,5093000.0,5697000.0,74207000.0,-68510000.0,-200988000.0,-200988000.0,-190827000.0,-1.09,-1.09,49750000.0
RGTI,annual,2023-12-31,12008000.0,2800000.0,9208000.0,80512000.0,-71304000.0,-75107000.0,-75107000.0,-61902000.0,-0.57,-0.57,52768000.0
RGTI,annual,2022-12-31,13102000.0,2873000.0,10229000.0,113932000.0,-103703000.0,-71521000.0,-71521000.0,-59218000.0,-0.7,-0.7,59952000.0
RGTI,quarterly,2026-06-30,5138000.0,2950000.0,2188000.0,30250000.0,-28062000.0,-52606000.0,-52606000.0,-25193000.0,-0.16,-0.16,20728000.0
RGTI,quarterly,2026-03-31,4400000.0,3022000.0,1378000.0,27329000.0,-25951000.0,33109000.0,33109000.0,-23336000.0,-0.06,0.1,19957000.0
RGTI,quarterly,2025-12-31,1868000.0,1216000.0,652000.0,23249000.0,-22597000.0,-18207000.0,-18207000.0,-15835000.0,-0.06,-0.06,17348000.0
RGTI,quarterly,2025-09-30,1947000.0,1543000.0,404000.0,20953000.0,-20549000.0,-200968000.0,-200968000.0,-198894000.0,-0.62,-0.62,15020000.0
RGTI,quarterly,2025-06-30,1801000.0,1235000.0,566000.0,20448000.0,-19882000.0,-39654000.0,-39654000.0,-17988000.0,-0.13,-0.13,13522000.0
RHI,annual,2025-12-31,5378506000.0,3376193000.0,2002313000.0,1925852000.0,76461000.0,194352000.0,132990000.0,158087000.0,1.328359,1.328359,
RHI,annual,2024-12-31,5795837000.0,3548607000.0,2247230000.0,2005756000.0,241474000.0,357671000.0,251598000.0,330789000.0,2.44,2.450765,
RHI,annual,2023-12-31,6392517000.0,3817513000.0,2575004000.0,2110414000.0,464590000.0,576583000.0,411146000.0,563557000.0,3.88,3.896011,
RHI,annual,2022-12-31,7238142000.0,4144093000.0,3094049000.0,2118963000.0,975086000.0,896955000.0,657919000.0,1053076000.0,6.03,6.079796,
RHI,quarterly,2026-06-30,1336365000.0,862338000.0,474027000.0,536326000.0,-62299000.0,40592000.0,26318000.0,-43961000.0,0.26,0.263335,
RHI,quarterly,2026-03-31,1300179000.0,820270000.0,479909000.0,442998000.0,36911000.0,31442000.0,13790000.0,55581000.0,0.138423,0.138423,
RHI,quarterly,2025-12-31,1302379000.0,812816000.0,489563000.0,467112000.0,22451000.0,46917000.0,31756000.0,41600000.0,0.31913,0.31913,
RHI,quarterly,2025-09-30,1354477000.0,850246000.0,504231000.0,490643000.0,13588000.0,63719000.0,42916000.0,33358000.0,0.429602,0.429602,
RHI,quarterly,2025-06-30,1369743000.0,860269000.0,509474000.0,507934000.0,1540000.0,61433000.0,40968000.0,22629000.0,0.408007,0.408007,
RIG,annual,2025-12-31,3965000000.0,659000000.0,3306000000.0,2601000000.0,705000000.0,-2948000000.0,-2915000000.0,-1734000000.0,-3.04,-3.04,
RIG,annual,2024-12-31,3524000000.0,739000000.0,2785000000.0,2413000000.0,372000000.0,-523000000.0,-512000000.0,582000000.0,-0.6,-0.6,
RIG,annual,2023-12-31,2832000000.0,744000000.0,2088000000.0,2173000000.0,-85000000.0,-941000000.0,-954000000.0,501000000.0,-1.24,-1.24,
RIG,annual,2022-12-31,2575000000.0,735000000.0,1840000000.0,1861000000.0,-21000000.0,-562000000.0,-621000000.0,851000000.0,-0.89,-0.89,
RIG,quarterly,2026-06-30,966000000.0,148000000.0,818000000.0,664000000.0,154000000.0,184000000.0,170000000.0,302000000.0,0.04,0.15,
RIG,quarterly,2026-03-31,1081000000.0,143000000.0,938000000.0,655000000.0,283000000.0,17000000.0,71000000.0,436000000.0,0.06,0.06,
RIG,quarterly,2025-12-31,1043000000.0,147000000.0,896000000.0,655000000.0,241000000.0,82000000.0,25000000.0,402000000.0,,,
RIG,quarterly,2025-09-30,1028000000.0,161000000.0,867000000.0,630000000.0,237000000.0,-1897000000.0,-1923000000.0,-1582000000.0,-2.0,-2.0,
RIG,quarterly,2025-06-30,988000000.0,175000000.0,813000000.0,648000000.0,165000000.0,-1093000000.0,-938000000.0,-806000000.0,-1.06,-1.06,
RIOT,annual,2025-12-31,647435000.0,401875000.0,245560000.0,588858000.0,-343298000.0,-663331000.0,-663181000.0,-292376000.0,-1.95,-1.95,
RIOT,annual,2024-12-31,376658000.0,262755000.0,113903000.0,445283000.0,-331380000.0,110145000.0,109401000.0,324183000.0,0.34,0.4,
RIOT,annual,2023-12-31,280678000.0,254333000.0,26345000.0,281485000.0,-255140000.0,-54565000.0,-49472000.0,200643000.0,-0.28,-0.28,
RIOT,annual,2022-12-31,259171000.0,193696000.0,65475000.0,148057000.0,-82582000.0,-521302000.0,-509553000.0,-412043000.0,-3.65,-3.65,
RIOT,quarterly,2026-06-30,174235000.0,132994000.0,41241000.0,169729000.0,-128488000.0,-237275000.0,-237170000.0,-136804000.0,-0.68,-0.68,
RIOT,quarterly,2026-03-31,167219000.0,135676000.0,31543000.0,152891000.0,-121348000.0,-500186000.0,-500477000.0,-399834000.0,-1.44,-1.44,
RIOT,quarterly,2025-12-31,152831000.0,105775000.0,47056000.0,174372000.0,-127316000.0,-693340000.0,-690748000.0,-582890000.0,,,
RIOT,quarterly,2025-09-30,180229000.0,109472000.0,70757000.0,122127000.0,-51370000.0,106165000.0,104480000.0,197146000.0,0.26,0.3,
RIOT,quarterly,2025-06-30,152988000.0,91039000.0,61949000.0,150786000.0,-88837000.0,219774000.0,219454000.0,309064000.0,0.58,,
RIVN,annual,2025-12-31,5387000000.0,5243000000.0,144000000.0,3729000000.0,-3585000000.0,-3620000000.0,-3646000000.0,-2562000000.0,-3.07,-3.07,1668000000.0
RIVN,annual,2024-12-31,4970000000.0,6170000000.0,-1200000000.0,3489000000.0,-4689000000.0,-4741000000.0,-4747000000.0,-3392000000.0,-4.69,-4.69,1613000000.0
RIVN,annual,2023-12-31,4434000000.0,6464000000.0,-2030000000.0,3709000000.0,-5739000000.0,-5431000000.0,-5432000000.0,-4274000000.0,-5.74,-5.74,1995000000.0
RIVN,annual,2022-12-31,1658000000.0,4781000000.0,-3123000000.0,3733000000.0,-6856000000.0,-6748000000.0,-6752000000.0,-5993000000.0,-7.4,-7.4,1944000000.0
RIVN,quarterly,2026-06-30,1658000000.0,1479000000.0,179000000.0,1015000000.0,-836000000.0,-838000000.0,-833000000.0,-533000000.0,-0.63,-0.63,466000000.0
RIVN,quarterly,2026-03-31,1381000000.0,1262000000.0,119000000.0,1000000000.0,-881000000.0,-418000000.0,-416000000.0,-159000000.0,-0.33,-0.33,458000000.0
RIVN,quarterly,2025-12-31,1286000000.0,1166000000.0,120000000.0,953000000.0,-833000000.0,-801000000.0,-811000000.0,-536000000.0,-0.66,-0.66,424000000.0
RIVN,quarterly,2025-09-30,1558000000.0,1534000000.0,24000000.0,1007000000.0,-983000000.0,-1167000000.0,-1173000000.0,-911000000.0,-0.96,-0.96,453000000.0
RIVN,quarterly,2025-06-30,1303000000.0,1509000000.0,-206000000.0,908000000.0,-1114000000.0,-1113000000.0,-1117000000.0,-848000000.0,-0.97,-0.97,410000000.0
RKLB,annual,2025-12-31,601799000.0,394618000.0,207181000.0,436019000.0,-228838000.0,-225897000.0,-198209000.0,-155473000.0,-0.37,-0.37,270716000.0
RKLB,annual,2024-12-31,436214000.0,320065000.0,116149000.0,305950000.0,-189801000.0,-189411000.0,-190175000.0,-129577000.0,-0.38,-0.38,174394000.0
RKLB,annual,2023-12-31,244592000.0,193183000.0,51409000.0,229327000.0,-177918000.0,-178921000.0,-182571000.0,-131652000.0,-0.38,-0.38,119054000.0
RKLB,annual,2022-12-31,210996000.0,192006000.0,18990000.0,154194000.0,-135204000.0,-132946000.0,-135944000.0,-95200000.0,-0.29,-0.29,65168000.0
RKLB,quarterly,2026-06-30,234066000.0,149490000.0,84576000.0,142090000.0,-57514000.0,-43931000.0,-49258000.0,-22407000.0,-0.08,-0.08,82429000.0
RKLB,quarterly,2026-03-31,200348000.0,123855000.0,76493000.0,132462000.0,-55969000.0,-46814000.0,-45022000.0,-30550000.0,-0.07,-0.07,80513000.0
RKLB,quarterly,2025-12-31,179652000.0,111420000.0,68232000.0,119274000.0,-51042000.0,-41644000.0,-52922000.0,-5958000.0,-0.09,-0.09,78779000.0
RKLB,quarterly,2025-09-30,155080000.0,97766000.0,57314000.0,116283000.0,-58969000.0,-59348000.0,-18257000.0,-47032000.0,-0.03,-0.03,70694000.0
RKLB,quarterly,2025-06-30,144498000.0,98110000.0,46388000.0,106027000.0,-59639000.0,-63476000.0,-66414000.0,-47328000.0,-0.13,-0.13,66134000.0
RL,annual,2026-03-31,8114500000.0,2445300000.0,5669200000.0,4371900000.0,1297300000.0,1177700000.0,941100000.0,1464900000.0,15.11,15.42,
RL,annual,2025-03-31,7079000000.0,2226100000.0,4852900000.0,3863000000.0,989900000.0,,742900000.0,1214400000.0,11.61,11.86,
RL,annual,2024-03-31,6631400000.0,2199600000.0,4431800000.0,3600500000.0,831300000.0,,646300000.0,1048600000.0,9.71,9.91,
RL,annual,2023-03-31,6443600000.0,2277800000.0,4165800000.0,3408900000.0,756900000.0,,522700000.0,952800000.0,7.58,7.72,
RL,quarterly,2026-06-30,1959800000.0,515600000.0,1444200000.0,1077000000.0,367200000.0,342200000.0,262200000.0,414100000.0,4.28,4.36,
RL,quarterly,2026-03-31,1978700000.0,599900000.0,1378800000.0,1160500000.0,218300000.0,193100000.0,151600000.0,267400000.0,2.45,2.49,
RL,quarterly,2025-12-31,2406000000.0,724300000.0,1681700000.0,1178600000.0,503100000.0,463800000.0,361600000.0,536800000.0,5.82,5.91,
RL,quarterly,2025-09-30,2010700000.0,644300000.0,1366400000.0,1083400000.0,283000000.0,242800000.0,207500000.0,315700000.0,3.32,3.39,
RL,quarterly,2025-06-30,1719100000.0,476800000.0,1242300000.0,949400000.0,292900000.0,278000000.0,220400000.0,345000000.0,3.52,3.62,
RMBS,annual,2025-12-31,707630000.0,144415000.0,563215000.0,302997000.0,260218000.0,281956000.0,230455000.0,325318000.0,2.11,2.14,187708000.0
RMBS,annual,2024-12-31,556624000.0,110107000.0,446517000.0,267481000.0,179036000.0,200043000.0,179821000.0,244149000.0,1.65,1.67,162881000.0
RMBS,annual,2023-12-31,461117000.0,103422000.0,357695000.0,266193000.0,91502000.0,187160000.0,333904000.0,237078000.0,3.01,3.09,156827000.0
RMBS,annual,2022-12-31,454793000.0,107579000.0,347214000.0,267161000.0,80053000.0,-7825000.0,-14310000.0,41176000.0,-0.13,-0.13,158769000.0
RMBS,quarterly,2026-06-30,207385000.0,41973000.0,165412000.0,89399000.0,76013000.0,79489000.0,67605000.0,91180000.0,0.61,0.62,51099000.0
RMBS,quarterly,2026-03-31,180189000.0,36532000.0,143657000.0,81929000.0,61728000.0,68630000.0,59858000.0,80185000.0,0.55,0.55,50229000.0
RMBS,quarterly,2025-12-31,190244000.0,40211000.0,150033000.0,79207000.0,70826000.0,77206000.0,63840000.0,88703000.0,0.58,0.59,49246000.0
RMBS,quarterly,2025-09-30,178513000.0,36592000.0,141921000.0,78666000.0,63255000.0,69288000.0,48377000.0,80355000.0,0.44,0.45,49511000.0
RMBS,quarterly,2025-06-30,172209000.0,34770000.0,137439000.0,74431000.0,63008000.0,67839000.0,57935000.0,78425000.0,0.53,0.54,46331000.0
RNR,annual,2025-12-31,12776742000.0,,,8762667000.0,4134927000.0,,2682334000.0,,,56.23,
RNR,annual,2024-12-31,11648061000.0,,,8654901000.0,3086928000.0,,1870360000.0,,,35.31,
RNR,annual,2023-12-31,9091134000.0,,,5981074000.0,3183241000.0,,2561132000.0,,,52.4,
RNR,annual,2022-12-31,5049163000.0,,,6267998000.0,-1170500000.0,,-1061203000.0,,,-25.5,
RNR,quarterly,2026-06-30,2750772000.0,,,1633034000.0,1149516000.0,1117738000.0,663078000.0,,15.48,15.54,
RNR,quarterly,2026-03-31,2174431000.0,,,1625617000.0,580600000.0,548814000.0,293379000.0,,6.57,6.6,
RNR,quarterly,2025-12-31,2952185000.0,,,1688453000.0,1295123000.0,1263732000.0,760482000.0,,16.75,16.82,
RNR,quarterly,2025-09-30,3185631000.0,,,1705061000.0,1511152000.0,1480570000.0,916510000.0,,19.4,19.47,
RNR,quarterly,2025-06-30,3186266000.0,,,1845707000.0,1372352000.0,1340559000.0,835351000.0,,17.2,17.25,
ROK,annual,2025-09-30,8342000000.0,4326000000.0,4016000000.0,2593000000.0,1423000000.0,917000000.0,869000000.0,1398000000.0,7.67,7.728951,679000000.0
ROK,annual,2024-09-30,8264000000.0,4413000000.0,3851000000.0,2659000000.0,1192000000.0,1100000000.0,953000000.0,1571000000.0,8.28,8.42418,658000000.0
ROK,annual,2023-09-30,9058000000.0,4635000000.0,4423000000.0,2730000000.0,1693000000.0,1608000000.0,1387000000.0,1993000000.0,11.95,12.085366,706000000.0
ROK,annual,2022-09-30,7760400000.0,4658400000.0,3102000000.0,1766700000.0,1335300000.0,1073600000.0,932200000.0,1435700000.0,7.97,7.978299,
ROK,quarterly,2026-06-30,2313000000.0,1169000000.0,1144000000.0,663000000.0,481000000.0,470000000.0,408000000.0,582000000.0,3.65,3.674065,173000000.0
ROK,quarterly,2026-03-31,2239000000.0,1114000000.0,1125000000.0,658000000.0,467000000.0,440000000.0,351000000.0,556000000.0,3.1,3.14539,180000000.0
ROK,quarterly,2025-12-31,2105000000.0,1089000000.0,1016000000.0,650000000.0,366000000.0,342000000.0,305000000.0,452000000.0,2.69,2.71454,172000000.0
ROK,quarterly,2025-09-30,2316000000.0,708000000.0,1608000000.0,1150000000.0,458000000.0,63000000.0,138000000.0,185000000.0,1.227382,1.227382,
ROK,quarterly,2025-06-30,2144000000.0,1098000000.0,1046000000.0,668000000.0,378000000.0,342000000.0,295000000.0,464000000.0,2.6,2.623752,170000000.0
ROKU,annual,2025-12-31,4737251000.0,2662827000.0,2074424000.0,2080048000.0,-5624000.0,93898000.0,88361000.0,436403000.0,0.59,0.6,729477000.0
ROKU,annual,2024-12-31,4112898000.0,2307253000.0,1805645000.0,2023812000.0,-218167000.0,-119958000.0,-129386000.0,219878000.0,-0.89,-0.89,720145000.0
ROKU,annual,2023-12-31,3484619000.0,1962004000.0,1522615000.0,2314992000.0,-792377000.0,-699430000.0,-709561000.0,-362822000.0,-5.01,-5.01,878474000.0
ROKU,annual,2022-12-31,3126534000.0,1685412000.0,1441122000.0,1972010000.0,-530888000.0,-492283000.0,-498005000.0,-148609000.0,-3.62,-3.62,788913000.0
ROKU,quarterly,2026-06-30,1354690000.0,680994000.0,673696000.0,527521000.0,146175000.0,169391000.0,164216000.0,251091000.0,1.08,1.11,179680000.0
ROKU,quarterly,2026-03-31,1248879000.0,683943000.0,564936000.0,513164000.0,51772000.0,88645000.0,85700000.0,165287000.0,0.57,0.58,189492000.0
ROKU,quarterly,2025-12-31,1394903000.0,788081000.0,606822000.0,540849000.0,65973000.0,91709000.0,80477000.0,191513000.0,0.53,0.54,184646000.0
ROKU,quarterly,2025-09-30,1210638000.0,685739000.0,524899000.0,515433000.0,9466000.0,38030000.0,24812000.0,122926000.0,0.16,0.17,182235000.0
ROKU,quarterly,2025-06-30,1111038000.0,613380000.0,497658000.0,520991000.0,-23333000.0,4673000.0,10503000.0,87234000.0,0.07,0.07,178017000.0
ROST,annual,2026-01-31,22750559000.0,16447256000.0,6303303000.0,3595946000.0,2707357000.0,2842157000.0,2145044000.0,3389490000.0,6.61,6.66,
ROST,annual,2025-01-31,21129219000.0,15260506000.0,5868713000.0,3283127000.0,2585586000.0,2757154000.0,2090730000.0,3267329000.0,6.32,6.36,
ROST,annual,2024-01-31,20376941000.0,14801601000.0,5575340000.0,3267677000.0,2307663000.0,2471781000.0,1874520000.0,2965302000.0,5.56,5.59,
ROST,annual,2023-01-31,18695829000.0,13946230000.0,4749599000.0,2759268000.0,1990331000.0,1987489000.0,1512041000.0,2462692000.0,4.38,4.4,
ROST,quarterly,2026-07-31,6264886000.0,4145215000.0,2119671000.0,1016053000.0,1103618000.0,1134762000.0,851299000.0,1281576000.0,2.66,2.68,
ROST,quarterly,2026-04-30,6010476000.0,4230589000.0,1779887000.0,975861000.0,804026000.0,837475000.0,649964000.0,977676000.0,2.02,2.04,
ROST,quarterly,2026-01-31,6635490000.0,4831277000.0,1804213000.0,990098000.0,814115000.0,848260000.0,645865000.0,991659000.0,2.0,2.02,
ROST,quarterly,2025-10-31,5600946000.0,4032446000.0,1568500000.0,920002000.0,648498000.0,682398000.0,511935000.0,823556000.0,1.58,1.59,
ROST,quarterly,2025-07-31,5529152000.0,4002167000.0,1526985000.0,888711000.0,638274000.0,670620000.0,507995000.0,804999000.0,1.56,1.57,
RS,annual,2025-12-31,14294300000.0,10186800000.0,4107500000.0,3103700000.0,1003800000.0,969200000.0,739400000.0,1412400000.0,13.98,14.07,
RS,annual,2024-12-31,13835000000.0,9728400000.0,4106600000.0,2952500000.0,1154100000.0,1139900000.0,875200000.0,1552400000.0,15.56,15.7,
RS,annual,2023-12-31,14805900000.0,10258600000.0,4547300000.0,2824700000.0,1722600000.0,1740700000.0,1335900000.0,2124600000.0,22.64,22.9,
RS,annual,2022-12-31,17025000000.0,11773700000.0,5251300000.0,2760100000.0,2491200000.0,2430400000.0,1840100000.0,2824500000.0,29.92,30.39,
RS,quarterly,2026-06-30,4630000000.0,3329500000.0,1300500000.0,858900000.0,441600000.0,429800000.0,322900000.0,517500000.0,6.29,6.33,
RS,quarterly,2026-03-31,4026000000.0,2854100000.0,1171900000.0,804000000.0,367900000.0,349500000.0,264900000.0,434100000.0,5.1,5.13,
RS,quarterly,2025-12-31,3498600000.0,2543900000.0,954700000.0,797300000.0,157400000.0,154800000.0,116500000.0,348900000.0,2.22,2.24,
RS,quarterly,2025-09-30,3651200000.0,2619600000.0,1031600000.0,771800000.0,259800000.0,247700000.0,189500000.0,332600000.0,3.59,3.61,
RS,quarterly,2025-06-30,3659800000.0,2571900000.0,1087900000.0,775700000.0,312200000.0,304300000.0,233700000.0,388300000.0,4.42,4.44,
RSG,annual,2025-12-31,16591000000.0,9630000000.0,6961000000.0,3639000000.0,3322000000.0,2594000000.0,2139000000.0,5096000000.0,6.85,6.86,
RSG,annual,2024-12-31,16032000000.0,9350000000.0,6682000000.0,3458000000.0,3224000000.0,2432000000.0,2043000000.0,4755000000.0,6.49,6.5,
RSG,annual,2023-12-31,14965000000.0,8943000000.0,6022000000.0,3213000000.0,2809000000.0,2191000000.0,1731000000.0,4298000000.0,5.47,5.47,
RSG,annual,2022-12-31,13511000000.0,8205000000.0,5306000000.0,2893000000.0,2413000000.0,1832000000.0,1488000000.0,3668000000.0,4.69,4.7,
RSG,quarterly,2026-06-30,4430000000.0,2563000000.0,1867000000.0,962000000.0,905000000.0,699000000.0,566000000.0,1368000000.0,1.84,1.84,
RSG,quarterly,2026-03-31,4113000000.0,2366000000.0,1747000000.0,916000000.0,831000000.0,656000000.0,525000000.0,1298000000.0,1.7,1.7,
RSG,quarterly,2025-12-31,4135000000.0,2404000000.0,1731000000.0,924000000.0,807000000.0,564000000.0,544000000.0,1196000000.0,1.76,1.76,
RSG,quarterly,2025-09-30,4212000000.0,2463000000.0,1749000000.0,910000000.0,839000000.0,645000000.0,550000000.0,1276000000.0,1.76,1.76,
RSG,quarterly,2025-06-30,4235000000.0,2449000000.0,1786000000.0,916000000.0,870000000.0,720000000.0,550000000.0,1357000000.0,1.75,1.76,
RTX,annual,2025-12-31,88603000000.0,70814000000.0,17789000000.0,8489000000.0,9300000000.0,8733000000.0,6732000000.0,14946000000.0,4.96,5.02,2807000000.0
RTX,annual,2024-12-31,80738000000.0,65328000000.0,15410000000.0,8872000000.0,6538000000.0,6194000000.0,4774000000.0,12528000000.0,3.55,3.58,2934000000.0
RTX,annual,2023-12-31,68920000000.0,56831000000.0,12089000000.0,8528000000.0,3561000000.0,3836000000.0,3195000000.0,9700000000.0,2.23,2.24,2805000000.0
RTX,annual,2022-12-31,67074000000.0,53406000000.0,13668000000.0,8164000000.0,5504000000.0,6117000000.0,5197000000.0,11525000000.0,3.5,3.52,2711000000.0
RTX,quarterly,2026-06-30,24708000000.0,19575000000.0,5133000000.0,2322000000.0,2811000000.0,2742000000.0,2139000000.0,4249000000.0,1.57,1.58,726000000.0
RTX,quarterly,2026-03-31,22076000000.0,17482000000.0,4594000000.0,2039000000.0,2555000000.0,2520000000.0,2059000000.0,3997000000.0,1.51,1.53,627000000.0
RTX,quarterly,2025-12-31,24238000000.0,19521000000.0,4717000000.0,2121000000.0,2596000000.0,2297000000.0,1622000000.0,3826000000.0,1.19,1.21,789000000.0
RTX,quarterly,2025-09-30,22478000000.0,17898000000.0,4580000000.0,2057000000.0,2523000000.0,2438000000.0,1918000000.0,4012000000.0,1.41,1.43,684000000.0
RTX,quarterly,2025-06-30,21581000000.0,17205000000.0,4376000000.0,2230000000.0,2146000000.0,2040000000.0,1657000000.0,3596000000.0,1.22,1.24,697000000.0
RUN,annual,2025-12-31,2956997000.0,2059699000.0,897298000.0,1023427000.0,-126129000.0,-1176324000.0,449947000.0,546036000.0,1.71,1.96,36125000.0
RUN,annual,2024-12-31,2037719000.0,1709165000.0,328554000.0,901593000.0,-573039000.0,-4382034000.0,-2846167000.0,-2912792000.0,-12.81,-12.81,39304000.0
RUN,annual,2023-12-31,2259813000.0,2096752000.0,163061000.0,983704000.0,-820643000.0,-2695532000.0,-1604497000.0,-1510874000.0,-7.41,-7.41,21816000.0
RUN,annual,2022-12-31,2321422000.0,2022710000.0,298712000.0,960904000.0,-662192000.0,-847354000.0,173377000.0,49511000.0,0.8,0.82,20907000.0
RUN,quarterly,2026-06-30,869988000.0,541764000.0,328224000.0,293436000.0,34788000.0,-212145000.0,115152000.0,245071000.0,0.42,0.48,10234000.0
RUN,quarterly,2026-03-31,722231000.0,502430000.0,219801000.0,263311000.0,-43510000.0,-290267000.0,167644000.0,163232000.0,0.62,0.71,10143000.0
RUN,quarterly,2025-12-31,1158833000.0,723461000.0,435372000.0,338015000.0,97357000.0,-134672000.0,103574000.0,306180000.0,0.38,0.45,8816000.0
RUN,quarterly,2025-09-30,724557000.0,481291000.0,243266000.0,239615000.0,3651000.0,-280017000.0,16589000.0,167317000.0,0.06,0.07,9267000.0
RUN,quarterly,2025-06-30,569336000.0,449520000.0,119816000.0,232065000.0,-112249000.0,-373914000.0,279773000.0,62936000.0,1.07,1.22,8063000.0
RVMD,annual,2025-12-31,0.0,,,1182369000.0,-1182369000.0,-1131301000.0,-1131301000.0,-1090512000.0,-5.95,-5.95,987332000.0
RVMD,annual,2024-12-31,0.0,,,689524000.0,-689524000.0,-600846000.0,-600093000.0,-589022000.0,-3.58,-3.58,592225000.0
RVMD,annual,2023-12-31,11580000.0,,,498765000.0,-487185000.0,-439891000.0,-436367000.0,-430582000.0,-3.86,-3.86,423144000.0
RVMD,annual,2022-12-31,35380000.0,,,293659000.0,-258279000.0,-249125000.0,-248705000.0,-248623000.0,-3.08,-3.08,253073000.0
RVMD,quarterly,2026-06-30,0.0,,,505132000.0,-505132000.0,-644371000.0,-644371000.0,-611555000.0,-3.06,-3.06,394919000.0
RVMD,quarterly,2026-03-31,0.0,,,445222000.0,-445222000.0,-453816000.0,-453816000.0,-437084000.0,-2.29,-2.29,343970000.0
RVMD,quarterly,2025-12-31,0.0,,,361626000.0,-361626000.0,-364892000.0,-364892000.0,-348254000.0,-1.86,-1.86,294943000.0
RVMD,quarterly,2025-09-30,0.0,,,315269000.0,-315269000.0,-305206000.0,-305206000.0,-289440000.0,-1.61,-1.61,262506000.0
RVMD,quarterly,2025-06-30,0.0,,,264714000.0,-264714000.0,-247787000.0,-247787000.0,-243118000.0,-1.31,-1.31,224134000.0
RXT,annual,2025-12-31,2685700000.0,2179300000.0,506400000.0,607100000.0,-100700000.0,-201800000.0,-225800000.0,243500000.0,-0.95,-0.95,
RXT,annual,2024-12-31,2737100000.0,2203700000.0,533400000.0,707600000.0,-174200000.0,-881500000.0,-858200000.0,-420500000.0,-3.84,-3.84,
RXT,annual,2023-12-31,2957100000.0,2328300000.0,628800000.0,767200000.0,-138400000.0,-854400000.0,-837800000.0,-189900000.0,-3.89,-3.89,
RXT,annual,2022-12-31,3122300000.0,2265400000.0,856900000.0,855300000.0,1600000.0,-897700000.0,-804800000.0,-241700000.0,-3.81,-3.81,
RXT,quarterly,2026-06-30,670100000.0,555300000.0,114800000.0,148000000.0,-33200000.0,-65700000.0,-67500000.0,38400000.0,-0.27,-0.27,
RXT,quarterly,2026-03-31,678100000.0,559000000.0,119100000.0,136900000.0,-17800000.0,8200000.0,8300000.0,106200000.0,0.03,0.03,
RXT,quarterly,2025-12-31,682800000.0,562400000.0,120400000.0,123700000.0,-3300000.0,-29600000.0,-32700000.0,81300000.0,-0.13,-0.13,
RXT,quarterly,2025-09-30,671200000.0,541300000.0,129900000.0,163800000.0,-33900000.0,-59000000.0,-67100000.0,85800000.0,-0.28,-0.28,
RXT,quarterly,2025-06-30,666300000.0,537100000.0,129200000.0,154300000.0,-25100000.0,-49900000.0,-54500000.0,46400000.0,-0.23,-0.23,
S,annual,2026-01-31,1001278000.0,259177000.0,742101000.0,1051145000.0,-309044000.0,-279711000.0,-450735000.0,-254111000.0,-1.37,-1.37,323853000.0
S,annual,2025-01-31,821461000.0,211106000.0,610355000.0,939714000.0,-329359000.0,-281607000.0,-288441000.0,-286593000.0,-0.92,-0.92,267002000.0
S,annual,2024-01-31,621154000.0,179281000.0,441873000.0,813583000.0,-371710000.0,-332834000.0,-338693000.0,-332798000.0,-1.15,-1.15,218176000.0
S,annual,2023-01-31,422179000.0,144177000.0,278002000.0,680578000.0,-402576000.0,-384291000.0,-378678000.0,-352740000.0,-1.36,-1.36,207008000.0
S,quarterly,2026-07-31,291981000.0,81563000.0,210418000.0,276754000.0,-66336000.0,-87024000.0,-93400000.0,-47367000.0,-0.27,-0.27,96882000.0
S,quarterly,2026-04-30,276657000.0,77965000.0,198692000.0,278378000.0,-79686000.0,-70401000.0,-76164000.0,-62847000.0,-0.23,-0.23,95770000.0
S,quarterly,2026-01-31,271153000.0,74320000.0,196833000.0,276686000.0,-79853000.0,-72811000.0,-110232000.0,-62970000.0,-0.33,-0.33,89363000.0
S,quarterly,2025-10-31,258913000.0,67851000.0,191062000.0,261202000.0,-70140000.0,-63450000.0,-60291000.0,-55207000.0,-0.18,-0.18,83146000.0
S,quarterly,2025-07-31,242183000.0,60474000.0,181709000.0,258444000.0,-76735000.0,-68749000.0,-72019000.0,-64466000.0,-0.22,-0.22,79091000.0
SANA,annual,2025-12-31,0.0,,,205708000.0,-205708000.0,-244166000.0,-244166000.0,-192958000.0,-0.96,-0.96,161412000.0
SANA,annual,2024-12-31,0.0,,,270832000.0,-270832000.0,-266759000.0,-266759000.0,-255332000.0,-1.16,-1.16,206792000.0
SANA,annual,2023-12-31,0.0,,,286127000.0,-286127000.0,-283255000.0,-283255000.0,-268584000.0,-1.46,-1.46,212828000.0
SANA,annual,2022-12-31,0.0,,,272564000.0,-272564000.0,-269476000.0,-269476000.0,-256939000.0,-1.43,-1.43,201003000.0
SANA,quarterly,2026-06-30,0.0,,,65420000.0,-65420000.0,-63635000.0,-63635000.0,-63186000.0,-0.22,-0.22,54642000.0
SANA,quarterly,2026-03-31,0.0,,,48614000.0,-48614000.0,-47210000.0,-47210000.0,-46223000.0,-0.17,-0.17,37152000.0
SANA,quarterly,2025-12-31,0.0,,,61199000.0,-61199000.0,-58825000.0,-58825000.0,-58146000.0,-0.21,-0.21,49013000.0
SANA,quarterly,2025-09-30,0.0,,,43515000.0,-43515000.0,-42152000.0,-42152000.0,-40324000.0,-0.16,-0.16,33230000.0
SANA,quarterly,2025-06-30,0.0,,,50364000.0,-50364000.0,-93800000.0,-93800000.0,-47507000.0,-0.39,-0.39,40023000.0
SBAC,annual,2025-12-31,2815139000.0,690972000.0,2124167000.0,569896000.0,1554271000.0,1242038000.0,1053632000.0,2011090000.0,9.8,9.83,
SBAC,annual,2024-12-31,2679634000.0,581727000.0,2097907000.0,528273000.0,1569634000.0,772666000.0,749536000.0,1469622000.0,6.94,6.96,
SBAC,annual,2023-12-31,2711584000.0,612622000.0,2098962000.0,984245000.0,1114717000.0,548503000.0,501812000.0,1701053000.0,4.61,4.64,
SBAC,annual,2022-12-31,2633454000.0,668650000.0,1964804000.0,969429000.0,995375000.0,525843000.0,461429000.0,1633312000.0,4.22,4.27,
SBAC,quarterly,2026-06-30,715274000.0,176002000.0,539272000.0,158919000.0,380353000.0,232465000.0,198777000.0,444076000.0,1.87,1.87,
SBAC,quarterly,2026-03-31,703438000.0,171336000.0,532102000.0,151864000.0,380238000.0,236014000.0,184830000.0,446631000.0,1.74,1.75,
SBAC,quarterly,2025-12-31,719583000.0,175420000.0,544163000.0,154753000.0,389410000.0,432277000.0,370290000.0,635328000.0,3.47,3.48,
SBAC,quarterly,2025-09-30,732327000.0,189789000.0,542538000.0,142891000.0,399647000.0,289083000.0,236816000.0,486687000.0,2.2,2.21,
SBAC,quarterly,2025-06-30,698981000.0,172096000.0,526885000.0,140986000.0,385899000.0,260753000.0,225794000.0,451608000.0,2.09,2.1,
SBGSY,annual,2025-12-31,40152000000.0,23257000000.0,16895000000.0,9885000000.0,7010000000.0,6180000000.0,4163000000.0,8372000000.0,1.466,1.482,1365000000.0
SBGSY,annual,2024-12-31,38153000000.0,21885000000.0,16268000000.0,9698000000.0,6570000000.0,6040000000.0,4269000000.0,8077000000.0,1.522002,1.522002,1308000000.0
SBGSY,annual,2023-12-31,35902000000.0,20890000000.0,15012000000.0,9048000000.0,5964000000.0,5403000000.0,4003000000.0,7286000000.0,1.414,1.43,1168000000.0
SBGSY,annual,2022-12-31,34176000000.0,20300000000.0,13876000000.0,8316000000.0,5560000000.0,4718000000.0,3477000000.0,6364000000.0,1.23,1.246,1040000000.0
SBUX,annual,2025-09-30,37184400000.0,28717100000.0,8467300000.0,4886500000.0,3580800000.0,2507300000.0,1856400000.0,4821400000.0,1.63,1.632861,
SBUX,annual,2024-09-30,36176200000.0,26467100000.0,9709100000.0,4601500000.0,5107600000.0,4969600000.0,3760900000.0,7124000000.0,3.31,3.317953,
SBUX,annual,2023-09-30,35975600000.0,26129400000.0,9846200000.0,4343300000.0,5502900000.0,5401900000.0,4124500000.0,7402300000.0,3.58,3.600925,
SBUX,annual,2022-09-30,32250300000.0,23879200000.0,8371100000.0,3941400000.0,4429700000.0,4231900000.0,3281600000.0,6244200000.0,2.83,2.860031,
SBUX,quarterly,2026-06-30,9322700000.0,7026000000.0,2296700000.0,1092300000.0,1204400000.0,1419300000.0,1045300000.0,1943600000.0,0.91,0.917091,
SBUX,quarterly,2026-03-31,9531500000.0,7617100000.0,1914400000.0,1112000000.0,802400000.0,728100000.0,510900000.0,1254300000.0,0.448355,0.448355,
SBUX,quarterly,2025-12-31,9915100000.0,7825900000.0,2089200000.0,1170900000.0,918300000.0,764800000.0,293300000.0,1335700000.0,0.257484,0.257484,
SBUX,quarterly,2025-09-30,9569000000.0,7406400000.0,2162600000.0,1214500000.0,948100000.0,163900000.0,133200000.0,765700000.0,0.117073,0.117073,
SBUX,quarterly,2025-06-30,9456000000.0,7300300000.0,2155700000.0,1256400000.0,899300000.0,818900000.0,558300000.0,1409200000.0,0.49,0.491245,
SCCO,annual,2025-12-31,13420000000.0,6227600000.0,7192400000.0,190600000.0,7001800000.0,6784300000.0,4334900000.0,8022000000.0,5.083391,5.083391,
SCCO,annual,2024-12-31,11433400000.0,5687300000.0,5746100000.0,191400000.0,5554700000.0,5357400000.0,3376800000.0,6537400000.0,4.053523,4.053523,
SCCO,annual,2023-12-31,9895800000.0,5521300000.0,4374500000.0,182200000.0,4192300000.0,3955800000.0,2425200000.0,5116100000.0,2.875223,2.875223,
SCCO,annual,2022-12-31,10047900000.0,5445400000.0,4602500000.0,166700000.0,4435800000.0,4247800000.0,2638500000.0,5384200000.0,3.122455,3.122455,
SCCO,quarterly,2026-06-30,4289000000.0,1615500000.0,2673500000.0,50200000.0,2623300000.0,2599400000.0,1670000000.0,2913400000.0,1.986166,1.986166,
SCCO,quarterly,2026-03-31,4251400000.0,1724500000.0,2526900000.0,,2480300000.0,2444100000.0,1576900000.0,2759600000.0,1.878449,1.878449,
SCCO,quarterly,2025-12-31,3869800000.0,1702200000.0,2167600000.0,,2110500000.0,2037700000.0,1307900000.0,2360400000.0,1.513376,1.513376,
SCCO,quarterly,2025-09-30,3377300000.0,1564600000.0,1812700000.0,,1768800000.0,1724100000.0,1107600000.0,2023200000.0,1.298614,1.298614,
SCCO,quarterly,2025-06-30,3051000000.0,1417900000.0,1633100000.0,,1586900000.0,1543900000.0,973400000.0,1844100000.0,1.161828,1.161828,
SCI,annual,2025-12-31,4309234000.0,3169160000.0,1140074000.0,166158000.0,973916000.0,729783000.0,542614000.0,1325441000.0,3.8,3.83,
SCI,annual,2024-12-31,4186379000.0,3095722000.0,1090657000.0,139019000.0,951638000.0,675418000.0,518648000.0,1261132000.0,3.53,3.57,
SCI,annual,2023-12-31,4099778000.0,3007971000.0,1091807000.0,157368000.0,934439000.0,708606000.0,537317000.0,1259295000.0,3.53,3.57,
SCI,annual,2022-12-31,4108661000.0,2954059000.0,1154602000.0,237248000.0,917354000.0,755628000.0,565338000.0,1215545000.0,3.53,3.58,
SCI,quarterly,2026-06-30,1103288000.0,829787000.0,273501000.0,41775000.0,231726000.0,166820000.0,124825000.0,318287000.0,0.9,0.91,
SCI,quarterly,2026-03-31,1096454000.0,810003000.0,286451000.0,43911000.0,242540000.0,181206000.0,135808000.0,328156000.0,0.97,0.98,
SCI,quarterly,2025-12-31,1111527000.0,799851000.0,311676000.0,33659000.0,278017000.0,211264000.0,159396000.0,366085000.0,1.13,1.14,
SCI,quarterly,2025-09-30,1058096000.0,792553000.0,265543000.0,38332000.0,227211000.0,160861000.0,117473000.0,311251000.0,0.83,0.84,
SCI,quarterly,2025-06-30,1065444000.0,794006000.0,271438000.0,49466000.0,221972000.0,164302000.0,122865000.0,312644000.0,0.86,0.87,
SHOP,annual,2025-12-31,11556000000.0,6001000000.0,5555000000.0,3670000000.0,1885000000.0,1509000000.0,1231000000.0,1916000000.0,0.944088,0.944088,1536000000.0
SHOP,annual,2024-12-31,8880000000.0,4408000000.0,4472000000.0,3170000000.0,1302000000.0,2228000000.0,2019000000.0,1338000000.0,1.559579,1.559579,1367000000.0
SHOP,annual,2023-12-31,7060000000.0,3545000000.0,3515000000.0,3441000000.0,74000000.0,185000000.0,132000000.0,144000000.0,0.1,0.1,1730000000.0
SHOP,annual,2022-12-31,5600000000.0,2846000000.0,2754000000.0,3441000000.0,-687000000.0,-3623000000.0,-3460000000.0,-594000000.0,-2.73,-2.73,1503000000.0
SHOP,quarterly,2026-06-30,3583000000.0,1875000000.0,1708000000.0,1079000000.0,629000000.0,1775000000.0,1502000000.0,636000000.0,1.16,1.16,445000000.0
SHOP,quarterly,2026-03-31,3170000000.0,1624000000.0,1546000000.0,1048000000.0,498000000.0,-634000000.0,-581000000.0,505000000.0,-0.446655,-0.446655,437000000.0
SHOP,quarterly,2025-12-31,3672000000.0,1979000000.0,1693000000.0,948000000.0,745000000.0,892000000.0,743000000.0,752000000.0,0.569827,0.569827,390000000.0
SHOP,quarterly,2025-09-30,2844000000.0,1453000000.0,1391000000.0,900000000.0,491000000.0,308000000.0,264000000.0,499000000.0,0.2,0.2,375000000.0
SHOP,quarterly,2025-06-30,2680000000.0,1378000000.0,1302000000.0,931000000.0,371000000.0,1079000000.0,906000000.0,379000000.0,0.69,0.7,394000000.0
SHW,annual,2025-12-31,23574300000.0,12058800000.0,11515500000.0,7718800000.0,3796700000.0,3338200000.0,2568500000.0,4480100000.0,10.26,10.37,
SHW,annual,2024-12-31,23098500000.0,11903400000.0,11195100000.0,7433200000.0,3761900000.0,3451800000.0,2681400000.0,4491500000.0,10.55,10.68,
SHW,annual,2023-12-31,23051900000.0,12293800000.0,10758100000.0,7151700000.0,3606400000.0,3109900000.0,2388800000.0,4149900000.0,9.25,9.35,
SHW,annual,2022-12-31,22148900000.0,12823800000.0,9325100000.0,6324500000.0,3000600000.0,2573100000.0,2020100000.0,3545000000.0,7.72,7.83,
SHW,quarterly,2026-06-30,6789300000.0,3451300000.0,3338000000.0,2107000000.0,1231000000.0,1112500000.0,843600000.0,1434800000.0,3.43,3.46,
SHW,quarterly,2026-03-31,5666900000.0,2886400000.0,2780500000.0,1977800000.0,802700000.0,679800000.0,534700000.0,998200000.0,2.15,2.18,
SHW,quarterly,2025-12-31,5595900000.0,2883300000.0,2712600000.0,1922900000.0,789700000.0,639000000.0,476800000.0,957000000.0,1.92,1.94,
SHW,quarterly,2025-09-30,6358200000.0,3232700000.0,3125500000.0,1971900000.0,1153600000.0,1060500000.0,833100000.0,1344600000.0,3.35,3.38,
SHW,quarterly,2025-06-30,6314500000.0,3196200000.0,3118300000.0,2019200000.0,1099100000.0,985700000.0,754700000.0,1260800000.0,3.0,3.04,
SIMO,annual,2025-12-31,885627000.0,458118000.0,427509000.0,334472000.0,93037000.0,140127000.0,122635000.0,123211000.0,3.64,3.65,262718000.0
SIMO,annual,2024-12-31,803552000.0,434787000.0,368765000.0,276626000.0,92139000.0,107409000.0,89249000.0,117470000.0,2.69,2.7,217822000.0
SIMO,annual,2023-12-31,639142000.0,368752000.0,270390000.0,229200000.0,41190000.0,61048000.0,52873000.0,63000000.0,1.58,1.59,174357000.0
SIMO,annual,2022-12-31,945921000.0,480090000.0,465831000.0,251516000.0,214315000.0,212578000.0,172510000.0,231580000.0,5.168,5.188,188532000.0
SIMO,quarterly,2026-06-30,451001000.0,224784000.0,226217000.0,125103000.0,101114000.0,176850000.0,136112000.0,209617000.0,3.99,4.01,104654000.0
SIMO,quarterly,2026-03-31,342105000.0,180845000.0,161260000.0,109056000.0,52204000.0,75596000.0,66799000.0,61158000.0,1.968,1.984,86240000.0
SIMO,quarterly,2025-12-31,278461000.0,141694000.0,136767000.0,105056000.0,31711000.0,58113000.0,47749000.0,39176000.0,1.41,1.42,80084000.0
SIMO,quarterly,2025-09-30,241999000.0,124311000.0,117688000.0,88456000.0,29232000.0,44968000.0,39112000.0,37271000.0,1.164,1.164,69461000.0
SIMO,quarterly,2025-06-30,198675000.0,103988000.0,94687000.0,72358000.0,22329000.0,20683000.0,16311000.0,29774000.0,0.49,,58147000.0
SLB,annual,2025-12-31,35708000000.0,29201000000.0,6507000000.0,1049000000.0,5458000000.0,4291000000.0,3374000000.0,6958000000.0,2.35,2.374384,709000000.0
SLB,annual,2024-12-31,36289000000.0,28829000000.0,7460000000.0,1134000000.0,6326000000.0,5672000000.0,4461000000.0,8069000000.0,3.11,3.139338,749000000.0
SLB,annual,2023-12-31,33135000000.0,26572000000.0,6563000000.0,1075000000.0,5488000000.0,5282000000.0,4203000000.0,7544000000.0,2.91,2.949474,711000000.0
SLB,annual,2022-12-31,28091000000.0,22930000000.0,5161000000.0,1010000000.0,4151000000.0,4271000000.0,3441000000.0,6430000000.0,2.39,2.430085,634000000.0
SLB,quarterly,2026-06-30,8972000000.0,7577000000.0,1395000000.0,255000000.0,1140000000.0,1019000000.0,786000000.0,1859000000.0,0.52,0.527517,171000000.0
SLB,quarterly,2026-03-31,8721000000.0,7390000000.0,1331000000.0,261000000.0,1070000000.0,956000000.0,752000000.0,1757000000.0,0.5,0.501668,164000000.0
SLB,quarterly,2025-12-31,9745000000.0,8016000000.0,1729000000.0,271000000.0,1458000000.0,943000000.0,824000000.0,1267000000.0,0.55,0.551171,187000000.0
SLB,quarterly,2025-09-30,8928000000.0,7370000000.0,1558000000.0,242000000.0,1316000000.0,1000000000.0,739000000.0,1780000000.0,0.5,0.502379,170000000.0
SLB,quarterly,2025-06-30,8546000000.0,6934000000.0,1612000000.0,267000000.0,1345000000.0,1285000000.0,1014000000.0,2060000000.0,0.74,0.75,180000000.0
SLG,annual,2025-12-31,940312000.0,525168000.0,415144000.0,273697000.0,141447000.0,-96921000.0,-88277000.0,418525000.0,-1.61,-1.61,
SLG,annual,2024-12-31,867292000.0,454677000.0,412615000.0,292630000.0,119985000.0,30222000.0,30653000.0,409606000.0,0.08,0.08,
SLG,annual,2023-12-31,913710000.0,478157000.0,435553000.0,366089000.0,69464000.0,-599337000.0,-557304000.0,-206384000.0,-9.12,-9.12,
SLG,annual,2022-12-31,919454000.0,431088000.0,488366000.0,309965000.0,178401000.0,-76303000.0,-71631000.0,236285000.0,-1.49,-1.49,
SLG,quarterly,2026-06-30,249258000.0,136326000.0,112932000.0,90060000.0,22872000.0,-10891000.0,-20508000.0,125018000.0,-0.38,-0.38,
SLG,quarterly,2026-03-31,238431000.0,135840000.0,102591000.0,127697000.0,-25106000.0,-77398000.0,-78454000.0,58237000.0,-1.2,-1.2,
SLG,quarterly,2025-12-31,261601000.0,144066000.0,117535000.0,90145000.0,27390000.0,-103720000.0,-98658000.0,30645000.0,-1.49,-1.49,
SLG,quarterly,2025-09-30,233979000.0,138644000.0,95335000.0,86917000.0,8418000.0,35161000.0,30766000.0,162790000.0,0.34,0.35,
SLG,quarterly,2025-06-30,220867000.0,121354000.0,99513000.0,35452000.0,64061000.0,-6817000.0,-5202000.0,121453000.0,-0.16,-0.16,
SMCI,annual,2026-06-30,39063072000.0,34835821000.0,4227251000.0,1456765000.0,2770486000.0,2789264000.0,2230453000.0,3074105000.0,3.26,3.65,771232000.0
SMCI,annual,2025-06-30,21972042000.0,19542120000.0,2429922000.0,1176928000.0,1252994000.0,1211916000.0,1048854000.0,1329833000.0,1.68,1.77,636550000.0
SMCI,annual,2024-06-30,14989251000.0,12927841000.0,2061410000.0,850636000.0,1210774000.0,1214139000.0,1152666000.0,1272184000.0,2.009,2.173,463548000.0
SMCI,annual,2023-06-30,7123482000.0,5840470000.0,1283012000.0,521870000.0,761142000.0,754297000.0,639998000.0,799692000.0,1.143,1.209,307260000.0
SMCI,quarterly,2026-06-30,11119777000.0,9177146000.0,1942631000.0,454567000.0,1488064000.0,1469536000.0,1178217000.0,1573649000.0,1.62,1.83,201498000.0
SMCI,quarterly,2026-03-31,10243014000.0,9224334000.0,1018680000.0,392812000.0,625868000.0,610969000.0,483387000.0,698384000.0,0.72,0.81,215659000.0
SMCI,quarterly,2025-12-31,12682491000.0,11883924000.0,798567000.0,324269000.0,474298000.0,500207000.0,400564000.0,547982000.0,0.6,0.67,180761000.0
SMCI,quarterly,2025-09-30,5017790000.0,4550417000.0,467373000.0,285117000.0,182256000.0,208552000.0,168285000.0,254090000.0,0.26,0.28,173314000.0
SMCI,quarterly,2025-06-30,5756911000.0,5212809000.0,544102000.0,315711000.0,228391000.0,222725000.0,195154000.0,263643000.0,,,183221000.0
SMR,annual,2025-12-31,31479000.0,20048000.0,11431000.0,701002000.0,-689571000.0,-664120000.0,-355794000.0,-688390000.0,-2.17,-2.17,45532000.0
SMR,annual,2024-12-31,37045000.0,4937000.0,32108000.0,170833000.0,-138725000.0,-346452000.0,-136623000.0,-136883000.0,-1.47,-1.47,46817000.0
SMR,annual,2023-12-31,22810000.0,18961000.0,3849000.0,279414000.0,-275565000.0,-180115000.0,-58362000.0,-273008000.0,-0.8,-0.8,156050000.0
SMR,annual,2022-12-31,11804000.0,7317000.0,4487000.0,234482000.0,-229995000.0,-141573000.0,-57069000.0,-227297000.0,-0.51,-0.51,127662000.0
SMR,quarterly,2026-06-30,75000.0,227000.0,-152000.0,63851000.0,-64003000.0,-50063000.0,-47539000.0,-63669000.0,-0.13,-0.13,18429000.0
SMR,quarterly,2026-03-31,565000.0,544000.0,21000.0,57545000.0,-57524000.0,-46685000.0,-44015000.0,-57215000.0,-0.14,-0.14,12805000.0
SMR,quarterly,2025-12-31,1808000.0,1869000.0,-61000.0,72661000.0,-72722000.0,-63812000.0,-50829000.0,-72452000.0,,,13545000.0
SMR,quarterly,2025-09-30,8242000.0,5533000.0,2709000.0,541149000.0,-538440000.0,-532646000.0,-273319000.0,-538147000.0,-1.85,-1.85,11054000.0
SMR,quarterly,2025-06-30,8054000.0,6273000.0,1781000.0,44863000.0,-43082000.0,-37609000.0,-17641000.0,-42777000.0,-0.13,-0.13,11802000.0
SMTC,annual,2026-01-31,1049975000.0,507831000.0,542144000.0,418831000.0,123313000.0,-21180000.0,-40376000.0,39494000.0,-0.46,-0.46,196348000.0
SMTC,annual,2025-01-31,909287000.0,452759000.0,456528000.0,394160000.0,62368000.0,-183361000.0,-161896000.0,-52637000.0,-2.26,-2.26,170908000.0
SMTC,annual,2024-01-31,868758000.0,572508000.0,296250000.0,421583000.0,-125333000.0,-1041555000.0,-1092030000.0,-862870000.0,-17.03,-17.03,186450000.0
SMTC,annual,2023-01-31,756533000.0,277975000.0,478558000.0,392581000.0,85977000.0,78467000.0,61380000.0,126547000.0,0.96,0.96,166948000.0
SMTC,quarterly,2026-07-31,341871000.0,158107000.0,183764000.0,128304000.0,55460000.0,54664000.0,160121000.0,67777000.0,1.59,1.72,60577000.0
SMTC,quarterly,2026-04-30,291018000.0,139554000.0,151464000.0,124496000.0,26968000.0,25054000.0,26563000.0,37645000.0,0.27,0.29,57569000.0
SMTC,quarterly,2026-01-31,274355000.0,136083000.0,138272000.0,111228000.0,27044000.0,-30368000.0,-29795000.0,-18030000.0,-0.32,-0.32,51217000.0
SMTC,quarterly,2025-10-31,266971000.0,128493000.0,138478000.0,106665000.0,31813000.0,4445000.0,-2862000.0,19401000.0,-0.03,-0.03,49404000.0
SMTC,quarterly,2025-07-31,257589000.0,123484000.0,134105000.0,106815000.0,27290000.0,-22209000.0,-27064000.0,-4534000.0,-0.31,-0.31,48198000.0
SNAP,annual,2025-12-31,5931447000.0,2669575000.0,3261872000.0,3794039000.0,-532167000.0,-451136000.0,-460489000.0,-165505000.0,-0.27,-0.27,1793601000.0
SNAP,annual,2024-12-31,5361398000.0,2474237000.0,2887161000.0,3674455000.0,-787294000.0,-672226000.0,-697856000.0,-492600000.0,-0.42,-0.42,1691683000.0
SNAP,annual,2023-12-31,4606115000.0,2114117000.0,2491998000.0,3890377000.0,-1398379000.0,-1294423000.0,-1322485000.0,-1103958000.0,-0.82,-0.82,1910862000.0
SNAP,annual,2022-12-31,4601847000.0,1815342000.0,2786505000.0,4181811000.0,-1395306000.0,-1400697000.0,-1429653000.0,-1177065000.0,-0.89,-0.89,2109800000.0
SNAP,quarterly,2026-06-30,1598993000.0,667885000.0,931108000.0,1101829000.0,-170721000.0,-161488000.0,-163960000.0,-77602000.0,-0.1,-0.1,542092000.0
SNAP,quarterly,2026-03-31,1528791000.0,665241000.0,863550000.0,937999000.0,-74449000.0,-85760000.0,-88951000.0,-4308000.0,-0.05,-0.05,478296000.0
SNAP,quarterly,2025-12-31,1716461000.0,702443000.0,1014018000.0,964301000.0,49717000.0,37960000.0,45209000.0,117839000.0,0.03,0.03,472693000.0
SNAP,quarterly,2025-09-30,1506839000.0,674220000.0,832619000.0,960981000.0,-128362000.0,-103031000.0,-103541000.0,-26023000.0,-0.06,-0.06,453418000.0
SNAP,quarterly,2025-06-30,1344930000.0,653333000.0,691597000.0,951273000.0,-259676000.0,-254907000.0,-262570000.0,-187277000.0,-0.16,-0.16,443325000.0
SNDK,annual,2026-06-30,20248000000.0,5776000000.0,14472000000.0,2004000000.0,12468000000.0,13017000000.0,11433000000.0,13239000000.0,,,1328000000.0
SNDK,annual,2025-06-30,7355000000.0,5143000000.0,2212000000.0,1705000000.0,507000000.0,-1479000000.0,-1641000000.0,-1253000000.0,-11.32,-11.32,1132000000.0
SNDK,annual,2024-06-30,6663000000.0,5591000000.0,1072000000.0,1516000000.0,-444000000.0,-503000000.0,-672000000.0,-239000000.0,-4.63,-4.63,1061000000.0
SNDK,annual,2023-06-30,6086000000.0,5656000000.0,430000000.0,1725000000.0,-1295000000.0,-2002000000.0,-2143000000.0,-1523000000.0,-14.78,-14.78,1167000000.0
SNDK,quarterly,2026-06-30,8965000000.0,1383000000.0,7582000000.0,545000000.0,7037000000.0,7849000000.0,6903000000.0,7888000000.0,43.97,46.96,348000000.0
SNDK,quarterly,2026-03-31,5950000000.0,1288000000.0,4662000000.0,498000000.0,4164000000.0,4107000000.0,3615000000.0,4151000000.0,23.03,24.43,337000000.0
SNDK,quarterly,2025-12-31,3025000000.0,1484000000.0,1541000000.0,466000000.0,1075000000.0,937000000.0,803000000.0,1000000000.0,5.15,5.46,327000000.0
SNDK,quarterly,2025-09-30,2308000000.0,1621000000.0,687000000.0,495000000.0,192000000.0,124000000.0,112000000.0,200000000.0,0.75,0.77,316000000.0
SNDK,quarterly,2025-06-30,1901000000.0,1403000000.0,498000000.0,447000000.0,51000000.0,-18000000.0,-23000000.0,59000000.0,-0.16,-0.16,285000000.0
SNOW,annual,2026-01-31,4683946000.0,1537805000.0,3146141000.0,4581306000.0,-1435165000.0,-1311910000.0,-1331616000.0,-1083169000.0,-3.95,-3.95,1969472000.0
SNOW,annual,2025-01-31,3626396000.0,1214673000.0,2411723000.0,3867733000.0,-1456010000.0,-1285099000.0,-1285640000.0,-1099832000.0,-3.86,-3.86,1783379000.0
SNOW,annual,2024-01-31,2806489000.0,898558000.0,1907931000.0,3002704000.0,-1094773000.0,-849223000.0,-836097000.0,-729320000.0,-2.55,-2.55,1287949000.0
SNOW,annual,2023-01-31,2065659000.0,717540000.0,1348119000.0,2190386000.0,-842267000.0,-815993000.0,-796705000.0,-752458000.0,-2.5,-2.5,788058000.0
SNOW,quarterly,2026-07-31,,,,,,,,,-0.55,-0.55,
SNOW,quarterly,2026-04-30,1390951000.0,464500000.0,926451000.0,1252605000.0,-326154000.0,-296660000.0,-295571000.0,-226975000.0,-0.86,-0.86,534937000.0
SNOW,quarterly,2026-01-31,1283994000.0,426331000.0,857663000.0,1175822000.0,-318159000.0,-301898000.0,-309550000.0,-240896000.0,-0.9,-0.9,511038000.0
SNOW,quarterly,2025-10-31,1212909000.0,390873000.0,822036000.0,1151509000.0,-329473000.0,-287921000.0,-293957000.0,-227968000.0,-0.87,-0.87,494027000.0
SNOW,quarterly,2025-07-31,1144969000.0,371815000.0,773154000.0,1113430000.0,-340276000.0,-297868000.0,-298017000.0,-240957000.0,-0.89,-0.89,492003000.0
SNPS,annual,2025-10-31,7054178000.0,1623549000.0,5430629000.0,4515702000.0,914927000.0,1393142000.0,1332220000.0,2500301000.0,8.04,8.13,2479338000.0
SNPS,annual,2024-10-31,6127436000.0,1245289000.0,4882147000.0,3526436000.0,1355711000.0,1513858000.0,2263380000.0,1845752000.0,14.51,14.78,2082360000.0
SNPS,annual,2023-10-31,5318014000.0,1030843000.0,4287171000.0,2960841000.0,1326330000.0,1305470000.0,1229888000.0,1555293000.0,7.92,8.08,1849935000.0
SNPS,annual,2022-10-31,4615714000.0,898013000.0,3717701000.0,2557766000.0,1159935000.0,1103452000.0,984594000.0,1333555000.0,6.29,6.44,1589846000.0
SNPS,quarterly,2026-07-31,2476822000.0,679388000.0,1797434000.0,1437779000.0,359655000.0,683922000.0,545800000.0,1272000000.0,2.84,2.85,719737000.0
SNPS,quarterly,2026-04-30,2275985000.0,629850000.0,1646135000.0,1409815000.0,236320000.0,19276000.0,17105000.0,609129000.0,0.09,0.09,700124000.0
SNPS,quarterly,2026-01-31,2408798000.0,637382000.0,1771416000.0,1450088000.0,321328000.0,79053000.0,64958000.0,692456000.0,0.34,0.34,714988000.0
SNPS,quarterly,2025-10-31,2254860000.0,654663000.0,1600197000.0,1478804000.0,121393000.0,516524000.0,448696000.0,1160399000.0,2.39,2.42,746842000.0
SNPS,quarterly,2025-07-31,1739737000.0,380564000.0,1359173000.0,1193904000.0,165269000.0,189310000.0,242509000.0,450281000.0,1.5,1.51,625301000.0
SO,annual,2025-12-31,29553000000.0,15229000000.0,14324000000.0,7039000000.0,7285000000.0,4999000000.0,4341000000.0,14267000000.0,3.92,4.3,
SO,annual,2024-12-31,26724000000.0,13361000000.0,13363000000.0,6295000000.0,7068000000.0,5229000000.0,4401000000.0,13238000000.0,3.99,4.05,
SO,annual,2023-12-31,25253000000.0,13477000000.0,11776000000.0,5950000000.0,5826000000.0,4345000000.0,3976000000.0,11777000000.0,3.62,3.64,
SO,annual,2022-12-31,29279000000.0,18652000000.0,10627000000.0,5257000000.0,5370000000.0,4223000000.0,3535000000.0,10309000000.0,3.26,3.28,
SO,quarterly,2026-06-30,6977000000.0,3400000000.0,3577000000.0,1801000000.0,1776000000.0,1375000000.0,1174000000.0,3767000000.0,1.03,1.03,
SO,quarterly,2026-03-31,8397000000.0,4495000000.0,3902000000.0,1884000000.0,2018000000.0,1566000000.0,1356000000.0,3924000000.0,1.2,1.21,
SO,quarterly,2025-12-31,6981000000.0,4191000000.0,2790000000.0,1873000000.0,917000000.0,196000000.0,416000000.0,2696000000.0,0.38,0.55,
SO,quarterly,2025-09-30,7823000000.0,3519000000.0,4304000000.0,1710000000.0,2594000000.0,2111000000.0,1711000000.0,4431000000.0,1.54,1.55,
SO,quarterly,2025-06-30,6973000000.0,3483000000.0,3490000000.0,1726000000.0,1764000000.0,1142000000.0,880000000.0,3465000000.0,0.79,0.8,
SOFI,annual,2025-12-31,3613354000.0,,,,,525857000.0,481320000.0,,0.39,0.42,
SOFI,annual,2024-12-31,2612342000.0,,,,,233345000.0,498665000.0,,0.39,0.46,
SOFI,annual,2023-12-31,2108215000.0,,,,,-301158000.0,-300742000.0,,-0.36,-0.36,
SOFI,annual,2022-12-31,1573535000.0,,,,,-318721000.0,-320407000.0,,-0.4,-0.4,
SOFI,quarterly,2026-06-30,1218676000.0,,,,,204309000.0,156592000.0,,0.12,0.12,
SOFI,quarterly,2026-03-31,1100368000.0,,,,,199552000.0,166731000.0,,0.12,0.13,
SOFI,quarterly,2025-12-31,1025051000.0,,,,,185332000.0,173549000.0,,0.13,0.14,
SOFI,quarterly,2025-09-30,961600000.0,,,,,148551000.0,139392000.0,,0.11,0.12,
SOFI,quarterly,2025-06-30,854944000.0,,,,,112192000.0,97263000.0,,0.08,0.09,
SOUN,annual,2025-12-31,168920000.0,97369000.0,71551000.0,257950000.0,-186399000.0,-9274000.0,-14006000.0,28432000.0,-0.28,-0.03,98250000.0
SOUN,annual,2024-12-31,84693000.0,43309000.0,41384000.0,160067000.0,-118683000.0,-359928000.0,-350681000.0,-329093000.0,-1.04,-1.04,70555000.0
SOUN,annual,2023-12-31,45873000.0,11307000.0,34566000.0,98617000.0,-64051000.0,-85023000.0,-88937000.0,-62631000.0,-0.4,-0.4,51439000.0
SOUN,annual,2022-12-31,31129000.0,9599000.0,21530000.0,127202000.0,-105672000.0,-113824000.0,-116713000.0,-99705000.0,-0.74,-0.74,76392000.0
SOUN,quarterly,2026-06-30,61897000.0,33967000.0,27930000.0,74925000.0,-46995000.0,-40635000.0,-42817000.0,-28669000.0,-0.1,-0.1,27130000.0
SOUN,quarterly,2026-03-31,44195000.0,30453000.0,13742000.0,75805000.0,-62063000.0,-24230000.0,-25028000.0,-13335000.0,-0.11,-0.06,26200000.0
SOUN,quarterly,2025-12-31,55059000.0,28709000.0,26350000.0,68408000.0,-42058000.0,42257000.0,40057000.0,53179000.0,-0.03,0.1,24841000.0
SOUN,quarterly,2025-09-30,42049000.0,24128000.0,17921000.0,67567000.0,-49646000.0,-108814000.0,-109271000.0,-99351000.0,-0.27,-0.27,22848000.0
SOUN,quarterly,2025-06-30,42683000.0,26021000.0,16662000.0,63354000.0,-46692000.0,-73468000.0,-74724000.0,-64801000.0,-0.19,-0.19,25805000.0
SPG,annual,2025-12-31,6364505000.0,1152018000.0,5212487000.0,2037091000.0,3175396000.0,5399908000.0,4627612000.0,7929089000.0,14.17,14.17,
SPG,annual,2024-12-31,5963798000.0,1043414000.0,4920384000.0,1827588000.0,3092796000.0,2752283000.0,2370896000.0,5017941000.0,7.26,7.26,
SPG,annual,2023-12-31,5658836000.0,1028386000.0,4630450000.0,1823428000.0,2807022000.0,2698892000.0,2283126000.0,4887124000.0,6.98,6.98,
SPG,annual,2022-12-31,5291447000.0,1000954000.0,4290493000.0,1706940000.0,2583553000.0,2535897000.0,2139535000.0,4589263000.0,6.52,6.52,
SPG,quarterly,2026-06-30,1790598000.0,303345000.0,1487253000.0,663155000.0,824098000.0,584939000.0,483973000.0,1363960000.0,1.49,1.49,
SPG,quarterly,2026-03-31,1757093000.0,346920000.0,1410173000.0,648010000.0,762163000.0,548601000.0,480403000.0,1356854000.0,1.48,1.48,
SPG,quarterly,2025-12-31,1791462000.0,315428000.0,1476034000.0,585365000.0,890669000.0,3533087000.0,3049103000.0,4261730000.0,9.35,9.35,
SPG,quarterly,2025-09-30,1601572000.0,290806000.0,1310766000.0,497852000.0,812914000.0,717810000.0,607008000.0,1335344000.0,1.86,1.86,
SPG,quarterly,2025-06-30,1498459000.0,245131000.0,1253328000.0,509131000.0,744197000.0,678788000.0,556967000.0,1279150000.0,1.7,1.7,
SPGI,annual,2025-12-31,15336000000.0,4563000000.0,10773000000.0,4596000000.0,6177000000.0,6227000000.0,4471000000.0,7693000000.0,14.66,14.67,
SPGI,annual,2024-12-31,14208000000.0,4361000000.0,9847000000.0,4369000000.0,5478000000.0,5308000000.0,3852000000.0,6778000000.0,12.35,12.36,
SPGI,annual,2023-12-31,12497000000.0,4141000000.0,8356000000.0,4302000000.0,4054000000.0,3671000000.0,2626000000.0,5148000000.0,8.23,8.25,
SPGI,annual,2022-12-31,11181000000.0,3753000000.0,7428000000.0,4409000000.0,3019000000.0,4702000000.0,3248000000.0,6019000000.0,10.2,10.25,
SPGI,quarterly,2026-06-30,4146000000.0,1165000000.0,2981000000.0,1180000000.0,1801000000.0,1729000000.0,1217000000.0,2124000000.0,4.12,4.12,
SPGI,quarterly,2026-03-31,4171000000.0,1235000000.0,2936000000.0,1109000000.0,1827000000.0,1908000000.0,1395000000.0,2311000000.0,4.69,4.69,
SPGI,quarterly,2025-12-31,3916000000.0,1170000000.0,2746000000.0,1342000000.0,1404000000.0,1631000000.0,1134000000.0,1982000000.0,3.75,3.76,
SPGI,quarterly,2025-09-30,3888000000.0,1121000000.0,2767000000.0,1099000000.0,1668000000.0,1598000000.0,1176000000.0,1971000000.0,3.86,3.86,
SPGI,quarterly,2025-06-30,3755000000.0,1119000000.0,2636000000.0,1099000000.0,1537000000.0,1502000000.0,1072000000.0,1875000000.0,3.5,3.5,
SR,annual,2025-09-30,2476400000.0,1447600000.0,1028800000.0,504900000.0,523900000.0,331400000.0,271700000.0,833700000.0,4.37,4.39,
SR,annual,2024-09-30,2593000000.0,1610700000.0,982300000.0,494000000.0,488300000.0,309600000.0,250900000.0,789100000.0,4.19,4.2,
SR,annual,2023-09-30,2666300000.0,1778400000.0,887900000.0,469300000.0,418600000.0,256300000.0,217500000.0,696800000.0,3.85,3.86,
SR,annual,2022-09-30,2198500000.0,1373500000.0,825000000.0,416800000.0,408200000.0,279700000.0,220800000.0,636800000.0,3.95,3.96,
SR,quarterly,2026-06-30,420200000.0,249500000.0,170700000.0,147300000.0,23400000.0,-57900000.0,211200000.0,122900000.0,3.57,3.57,
SR,quarterly,2026-03-31,1020000000.0,548900000.0,471100000.0,167600000.0,303500000.0,270300000.0,282200000.0,420600000.0,4.6,4.61,
SR,quarterly,2025-12-31,762200000.0,452600000.0,309600000.0,136100000.0,173500000.0,118400000.0,95000000.0,260200000.0,1.54,1.55,
SR,quarterly,2025-09-30,334100000.0,220200000.0,113900000.0,114400000.0,-500000.0,-55900000.0,-39800000.0,79400000.0,-0.74,-0.74,
SR,quarterly,2025-06-30,352500000.0,215100000.0,137400000.0,115300000.0,22100000.0,-21200000.0,20900000.0,102400000.0,0.29,0.29,
STAG,annual,2025-12-31,845184000.0,171825000.0,673359000.0,353730000.0,319629000.0,279270000.0,273519000.0,713227000.0,1.46,1.46,
STAG,annual,2024-12-31,767384000.0,154828000.0,612556000.0,342279000.0,270277000.0,193266000.0,189220000.0,599512000.0,1.04,1.04,
STAG,annual,2023-12-31,707835000.0,139596000.0,568239000.0,325938000.0,242301000.0,197201000.0,192845000.0,570223000.0,1.07,1.07,
STAG,annual,2022-12-31,657345000.0,125701000.0,531644000.0,321998000.0,209646000.0,182234000.0,178326000.0,535292000.0,1.0,1.0,
STAG,quarterly,2026-06-30,224369000.0,45028000.0,179341000.0,95789000.0,83552000.0,54013000.0,52917000.0,173754000.0,0.28,0.28,
STAG,quarterly,2026-03-31,224207000.0,47316000.0,176891000.0,92449000.0,84442000.0,63314000.0,61999000.0,177793000.0,0.32,0.32,
STAG,quarterly,2025-12-31,220896000.0,45576000.0,175320000.0,91014000.0,84306000.0,85196000.0,83480000.0,197000000.0,0.44,0.44,
STAG,quarterly,2025-09-30,211121000.0,42168000.0,168953000.0,88136000.0,80817000.0,49649000.0,48636000.0,157282000.0,0.26,0.26,
STAG,quarterly,2025-06-30,207593000.0,40403000.0,167190000.0,87374000.0,79816000.0,51063000.0,50005000.0,159154000.0,0.27,0.27,
STLD,annual,2025-12-31,18176581000.0,15784398000.0,2392183000.0,793211000.0,1598972000.0,1492971000.0,1185595000.0,2114404000.0,7.99,8.02,
STLD,annual,2024-12-31,17540390000.0,14737804000.0,2802586000.0,694645000.0,2107941000.0,1982881000.0,1537134000.0,2518135000.0,9.84,9.89,
STLD,annual,2023-12-31,18795316000.0,14749433000.0,4045883000.0,622669000.0,3423214000.0,3218943000.0,2450882000.0,3733231000.0,14.64,14.72,
STLD,annual,2022-12-31,22260774000.0,16142943000.0,6117831000.0,573458000.0,5544373000.0,5021069000.0,3862674000.0,5496809000.0,20.92,21.06,
STLD,quarterly,2026-06-30,6091557000.0,5132583000.0,958974000.0,201181000.0,757793000.0,683464000.0,534087000.0,896506000.0,3.69,3.71,
STLD,quarterly,2026-03-31,5204858000.0,4441635000.0,763223000.0,183021000.0,580202000.0,513213000.0,403436000.0,705734000.0,2.78,2.79,
STLD,quarterly,2025-12-31,4414048000.0,3884757000.0,529291000.0,191865000.0,337426000.0,310605000.0,266033000.0,483845000.0,1.82,1.83,
STLD,quarterly,2025-09-30,4828215000.0,4070335000.0,757880000.0,207734000.0,550146000.0,513846000.0,403685000.0,665906000.0,2.74,2.75,
STLD,quarterly,2025-06-30,4565123000.0,3946655000.0,618468000.0,204907000.0,413561000.0,387866000.0,298726000.0,538112000.0,2.01,2.01,
STX,annual,2026-06-30,12195000000.0,6637000000.0,5558000000.0,1332000000.0,4226000000.0,3690000000.0,3184000000.0,4250000000.0,13.9,14.54,755000000.0
STX,annual,2025-06-30,9097000000.0,5897000000.0,3200000000.0,1285000000.0,1915000000.0,1513000000.0,1469000000.0,2085000000.0,6.770305,6.930312,724000000.0
STX,annual,2024-06-30,6551000000.0,5015000000.0,1536000000.0,1114000000.0,422000000.0,445000000.0,335000000.0,1041000000.0,1.580071,1.600072,654000000.0
STX,annual,2023-06-30,7384000000.0,6033000000.0,1351000000.0,1291000000.0,60000000.0,-496000000.0,-529000000.0,330000000.0,-2.560115,-2.560115,797000000.0
STX,quarterly,2026-06-30,3629000000.0,1731000000.0,1898000000.0,335000000.0,1563000000.0,1505000000.0,1294000000.0,1639000000.0,5.580251,5.750259,188000000.0
STX,quarterly,2026-03-31,3112000000.0,1665000000.0,1447000000.0,337000000.0,1110000000.0,864000000.0,748000000.0,998000000.0,3.270147,3.380152,194000000.0
STX,quarterly,2025-12-31,2825000000.0,1649000000.0,1176000000.0,330000000.0,846000000.0,707000000.0,593000000.0,847000000.0,2.600117,2.750124,187000000.0
STX,quarterly,2025-09-30,2629000000.0,1592000000.0,1037000000.0,330000000.0,707000000.0,614000000.0,549000000.0,766000000.0,2.430109,2.580116,186000000.0
STX,quarterly,2025-06-30,2444000000.0,1530000000.0,914000000.0,333000000.0,581000000.0,492000000.0,488000000.0,628000000.0,2.240101,2.300104,179000000.0
STZ,annual,2026-02-28,9139000000.0,4427500000.0,4711500000.0,1848400000.0,2863100000.0,2377800000.0,1686700000.0,3158100000.0,9.61,9.62,
STZ,annual,2025-02-28,10208700000.0,4894100000.0,5314600000.0,1950000000.0,3364600000.0,-82800000.0,-81400000.0,781300000.0,-0.45,-0.45,
STZ,annual,2024-02-29,9961800000.0,4944300000.0,5017500000.0,1832700000.0,3184800000.0,2221800000.0,1727400000.0,3093300000.0,9.39,9.42,
STZ,annual,2023-02-28,9452600000.0,4683600000.0,4769000000.0,1928100000.0,2840900000.0,383600000.0,-71000000.0,1190300000.0,-0.11,-0.11,
STZ,quarterly,2026-05-31,2432700000.0,1112100000.0,1320600000.0,457000000.0,863600000.0,760000000.0,653800000.0,945300000.0,3.79,3.8,
STZ,quarterly,2026-02-28,1920200000.0,968500000.0,951700000.0,420500000.0,531200000.0,351200000.0,201800000.0,548400000.0,1.16,1.16,
STZ,quarterly,2025-11-30,2222800000.0,1039600000.0,1183200000.0,491200000.0,692000000.0,632300000.0,502800000.0,817900000.0,2.88,2.88,
STZ,quarterly,2025-08-31,2481000000.0,1171000000.0,1310000000.0,436000000.0,874000000.0,782900000.0,466000000.0,974600000.0,2.65,2.65,
STZ,quarterly,2025-05-31,2515000000.0,1248400000.0,1266600000.0,500700000.0,765900000.0,611400000.0,516100000.0,817200000.0,2.9,2.9,
SYF,annual,2025-12-31,14981000000.0,,,,,4621000000.0,3552000000.0,,9.280037,9.380038,
SYF,annual,2024-12-31,15056000000.0,,,,,4553000000.0,3499000000.0,,8.550034,8.640035,
SYF,annual,2023-12-31,13627000000.0,,,,,2904000000.0,2238000000.0,,5.190021,5.210021,
SYF,annual,2022-12-31,11674000000.0,,,,,3962000000.0,3016000000.0,,6.150025,6.190025,
SYF,quarterly,2026-06-30,3718000000.0,,,,,1186000000.0,885000000.0,,2.59001,2.61001,
SYF,quarterly,2026-03-31,3698000000.0,,,,,1047000000.0,805000000.0,,2.270009,2.290009,
SYF,quarterly,2025-12-31,3793000000.0,,,,,952000000.0,751000000.0,,2.040008,2.070008,
SYF,quarterly,2025-09-30,3823000000.0,,,,,1429000000.0,1077000000.0,,2.860011,2.890012,
SYF,quarterly,2025-06-30,3647000000.0,,,,,1256000000.0,967000000.0,,2.50001,2.51001,
SYK,annual,2025-12-31,25116000000.0,9051000000.0,16065000000.0,11006000000.0,5059000000.0,4514000000.0,3246000000.0,6314000000.0,8.4,8.49,1623000000.0
SYK,annual,2024-12-31,22595000000.0,8155000000.0,14440000000.0,9774000000.0,4666000000.0,3492000000.0,2993000000.0,4951000000.0,7.76,7.86,1466000000.0
SYK,annual,2023-12-31,20498000000.0,7440000000.0,13058000000.0,9134000000.0,3924000000.0,3673000000.0,3165000000.0,5064000000.0,8.25,8.34,1388000000.0
SYK,annual,2022-12-31,18449000000.0,6871000000.0,11578000000.0,8467000000.0,3111000000.0,2683000000.0,2358000000.0,4109000000.0,6.17,6.23,1454000000.0
SYK,quarterly,2026-06-30,6589000000.0,2091000000.0,4498000000.0,2838000000.0,1660000000.0,1564000000.0,1276000000.0,2001000000.0,3.3,3.32,434000000.0
SYK,quarterly,2026-03-31,6020000000.0,2210000000.0,3810000000.0,2874000000.0,936000000.0,850000000.0,745000000.0,1298000000.0,1.93,1.95,413000000.0
SYK,quarterly,2025-12-31,7171000000.0,2543000000.0,4628000000.0,2817000000.0,1811000000.0,1705000000.0,849000000.0,2189000000.0,2.2,2.21,401000000.0
SYK,quarterly,2025-09-30,6057000000.0,2205000000.0,3852000000.0,2644000000.0,1208000000.0,1029000000.0,859000000.0,1517000000.0,2.22,2.25,410000000.0
SYK,quarterly,2025-06-30,6022000000.0,2181000000.0,3841000000.0,2673000000.0,1168000000.0,1016000000.0,884000000.0,1471000000.0,2.29,2.32,407000000.0
SYM,annual,2025-09-30,2246922000.0,1824312000.0,422610000.0,514743000.0,-92133000.0,-78943000.0,-16937000.0,-48004000.0,-0.16,-0.16,216013000.0
SYM,annual,2024-09-30,1788179000.0,1542513000.0,245666000.0,362391000.0,-116725000.0,-79683000.0,-13490000.0,-93245000.0,-0.08,-0.08,173457000.0
SYM,annual,2023-09-30,1176891000.0,987152000.0,189739000.0,412969000.0,-223230000.0,-212514000.0,-23866000.0,-211919000.0,-0.37,-0.37,195042000.0
SYM,annual,2022-09-30,593312000.0,493665000.0,99647000.0,240022000.0,-140375000.0,-139089000.0,-78997000.0,-134386000.0,-0.13,-0.13,124141000.0
SYM,quarterly,2026-06-30,720838000.0,559928000.0,160910000.0,128015000.0,32895000.0,63482000.0,11673000.0,40177000.0,0.09,0.09,43780000.0
SYM,quarterly,2026-03-31,676480000.0,526528000.0,149952000.0,143849000.0,6103000.0,16946000.0,1969000.0,19962000.0,0.01,0.02,51283000.0
SYM,quarterly,2025-12-31,629985000.0,496561000.0,133424000.0,124225000.0,9199000.0,19772000.0,2602000.0,19291000.0,0.02,0.02,43006000.0
SYM,quarterly,2025-09-30,618457000.0,491336000.0,127121000.0,142372000.0,-15251000.0,-13687000.0,-3623000.0,-5248000.0,-0.03,-0.03,58734000.0
SYM,quarterly,2025-06-30,592121000.0,480279000.0,111842000.0,121286000.0,-9444000.0,-17354000.0,-3923000.0,4758000.0,-0.05,-0.05,49729000.0
SYY,annual,2026-06-30,84553000000.0,68914000000.0,15639000000.0,12544000000.0,3095000000.0,2276000000.0,1757000000.0,4122000000.0,3.66,3.67,
SYY,annual,2025-06-30,81370000000.0,66401000000.0,14969000000.0,11881000000.0,3088000000.0,2415000000.0,1828000000.0,4136000000.0,3.73,3.74,
SYY,annual,2024-06-30,78844000000.0,64236000000.0,14608000000.0,11406000000.0,3202000000.0,2565000000.0,1955000000.0,4169000000.0,3.89,3.9,
SYY,annual,2023-06-30,76325000000.0,62370000000.0,13955000000.0,10916000000.0,3039000000.0,2285000000.0,1770000000.0,3701000000.0,3.47,3.49,
SYY,quarterly,2026-06-30,22124000000.0,17990000000.0,4134000000.0,3151000000.0,983000000.0,720000000.0,551000000.0,1217000000.0,1.15,1.15,
SYY,quarterly,2026-03-31,20519000000.0,16707000000.0,3812000000.0,3193000000.0,619000000.0,445000000.0,340000000.0,903000000.0,0.71,0.71,
SYY,quarterly,2025-12-31,20762000000.0,16970000000.0,3792000000.0,3100000000.0,692000000.0,510000000.0,389000000.0,960000000.0,0.81,0.81,
SYY,quarterly,2025-09-30,21148000000.0,17247000000.0,3901000000.0,3101000000.0,800000000.0,600000000.0,476000000.0,1042000000.0,0.99,0.99,
SYY,quarterly,2025-06-30,21138000000.0,17152000000.0,3986000000.0,3098000000.0,888000000.0,716000000.0,531000000.0,1157000000.0,1.1,1.1,
T,annual,2025-12-31,125648000000.0,50820000000.0,74828000000.0,49828000000.0,25000000000.0,27007000000.0,21953000000.0,54697000000.0,3.04,3.04,
T,annual,2024-12-31,122336000000.0,49221000000.0,73115000000.0,48991000000.0,24124000000.0,16698000000.0,10948000000.0,44037000000.0,1.49,1.49,
T,annual,2023-12-31,122428000000.0,50123000000.0,72305000000.0,47651000000.0,24654000000.0,19848000000.0,14400000000.0,45329000000.0,1.97,1.97,
T,annual,2022-12-31,120741000000.0,50848000000.0,69893000000.0,46982000000.0,22911000000.0,-3094000000.0,-8524000000.0,21035000000.0,-1.13,-1.13,
T,quarterly,2026-06-30,31558000000.0,12047000000.0,19511000000.0,12187000000.0,7324000000.0,5822000000.0,4627000000.0,12671000000.0,0.66,0.66,
T,quarterly,2026-03-31,31506000000.0,12566000000.0,18940000000.0,12282000000.0,6658000000.0,5398000000.0,3829000000.0,12177000000.0,0.54,0.54,
T,quarterly,2025-12-31,33466000000.0,14818000000.0,18648000000.0,12526000000.0,6122000000.0,4265000000.0,3788000000.0,11184000000.0,0.53,0.53,
T,quarterly,2025-09-30,30709000000.0,11819000000.0,18890000000.0,12771000000.0,6119000000.0,10653000000.0,9314000000.0,17670000000.0,1.29,1.29,
T,quarterly,2025-06-30,30847000000.0,12150000000.0,18697000000.0,12196000000.0,6501000000.0,6098000000.0,4500000000.0,13004000000.0,0.62,0.62,
TAP,annual,2025-12-31,11140800000.0,6866200000.0,4274600000.0,2643900000.0,1630700000.0,-2518000000.0,-2139600000.0,-1544400000.0,-10.75,-10.75,
TAP,annual,2024-12-31,11627000000.0,7093600000.0,4533400000.0,2717500000.0,1815900000.0,1503000000.0,1122400000.0,2556400000.0,5.35,5.38,
TAP,annual,2023-12-31,11702100000.0,7333300000.0,4368800000.0,2779900000.0,1588900000.0,1252500000.0,948900000.0,2177200000.0,4.37,4.39,
TAP,annual,2022-12-31,10701000000.0,7045800000.0,3655200000.0,2618800000.0,1036400000.0,-62500000.0,-175300000.0,872900000.0,-0.81,-0.81,
TAP,quarterly,2026-06-30,3096500000.0,2033200000.0,1063300000.0,718500000.0,344800000.0,283100000.0,231700000.0,540600000.0,1.23,1.24,
TAP,quarterly,2026-03-31,2351100000.0,1453900000.0,897200000.0,610000000.0,287200000.0,194700000.0,151300000.0,476700000.0,0.8,0.8,
TAP,quarterly,2025-12-31,2662400000.0,1694100000.0,968300000.0,610900000.0,357400000.0,266300000.0,238300000.0,-3358500000.0,1.22,1.22,
TAP,quarterly,2025-09-30,2973500000.0,1800000000.0,1173500000.0,686700000.0,486800000.0,-3495500000.0,-2927600000.0,670200000.0,-14.79,-14.79,
TAP,quarterly,2025-06-30,3200800000.0,1918900000.0,1281900000.0,693100000.0,588800000.0,554900000.0,428700000.0,762700000.0,2.13,2.14,
TCEHY,annual,2025-12-31,751766000000.0,329173000000.0,422593000000.0,173826000000.0,248767000000.0,277249000000.0,224842000000.0,356733000000.0,24.153,24.749,
TCEHY,annual,2024-12-31,660257000000.0,311011000000.0,349246000000.0,140460000000.0,208786000000.0,241485000000.0,194073000000.0,310145000000.0,20.486,20.938,
TCEHY,annual,2023-12-31,609015000000.0,315906000000.0,293109000000.0,127451000000.0,165658000000.0,161324000000.0,115216000000.0,232217000000.0,11.887,12.186,
TCEHY,annual,2022-12-31,554552000000.0,315806000000.0,238746000000.0,124806000000.0,113940000000.0,210225000000.0,188243000000.0,281426000000.0,19.341,19.757,
TCEHY,quarterly,2026-06-30,204785000000.0,86352000000.0,118433000000.0,50197000000.0,68236000000.0,69690000000.0,56022000000.0,72902000000.0,6.104,6.207,
TCEHY,quarterly,2026-03-31,,,,,,,,,6.302,6.431,
TCEHY,quarterly,2025-12-31,,,,,,,,,6.276,6.433,
TCEHY,quarterly,2025-09-30,,,,,,,,,6.779,6.952,
TCEHY,quarterly,2025-06-30,184504000000.0,79491000000.0,105013000000.0,40071000000.0,64942000000.0,67395000000.0,55628000000.0,70936000000.0,5.996,6.115,
TDOC,annual,2025-12-31,2529977000.0,771593000.0,1758384000.0,1921781000.0,-163397000.0,-235530000.0,-200322000.0,160618000.0,-1.14,-1.14,277922000.0
TDOC,annual,2024-12-31,2569574000.0,751270000.0,1818304000.0,2027092000.0,-208788000.0,-993653000.0,-1001245000.0,-587007000.0,-5.87,-5.87,307274000.0
TDOC,annual,2023-12-31,2602415000.0,760031000.0,1842384000.0,2052885000.0,-210501000.0,-219608000.0,-220368000.0,151395000.0,-1.34,-1.34,348521000.0
TDOC,annual,2022-12-31,2406840000.0,743987000.0,1662853000.0,1890219000.0,-227366000.0,-13663343000.0,-13659531000.0,-13373615000.0,-84.599999,-84.599999,333629000.0
TDOC,quarterly,2026-06-30,606927000.0,190837000.0,416090000.0,450588000.0,-34498000.0,-37911000.0,-38908000.0,59604000.0,-0.21,-0.21,62861000.0
TDOC,quarterly,2026-03-31,613845000.0,197526000.0,416319000.0,465048000.0,-48729000.0,-60842000.0,-63837000.0,38711000.0,-0.36,-0.36,67865000.0
TDOC,quarterly,2025-12-31,642269000.0,197048000.0,445221000.0,472189000.0,-26968000.0,-33618000.0,-25143000.0,70554000.0,-0.14,-0.14,71608000.0
TDOC,quarterly,2025-09-30,626439000.0,187179000.0,439260000.0,474716000.0,-35456000.0,-50222000.0,-49507000.0,46456000.0,-0.28,-0.28,67572000.0
TDOC,quarterly,2025-06-30,631900000.0,190537000.0,441363000.0,487398000.0,-46035000.0,-40423000.0,-32660000.0,58937000.0,-0.19,-0.19,68784000.0
TDW,annual,2025-12-31,1352786000.0,949341000.0,403445000.0,126186000.0,277259000.0,220245000.0,334661000.0,437430000.0,6.64,6.69,
TDW,annual,2024-12-31,1345835000.0,939432000.0,406403000.0,110101000.0,296302000.0,229488000.0,180656000.0,458621000.0,3.4,3.44,
TDW,annual,2023-12-31,1009985000.0,741188000.0,268797000.0,94193000.0,174604000.0,138929000.0,97185000.0,316178000.0,1.84,1.88,
TDW,annual,2022-12-31,647684000.0,518591000.0,129093000.0,99896000.0,29197000.0,-2307000.0,-21749000.0,98404000.0,-0.49,-0.49,
TDW,quarterly,2026-06-30,342287000.0,248230000.0,94057000.0,34845000.0,59212000.0,46144000.0,21662000.0,100666000.0,0.43,0.44,
TDW,quarterly,2026-03-31,326222000.0,233567000.0,92655000.0,33559000.0,59096000.0,40879000.0,6140000.0,96267000.0,0.12,0.12,
TDW,quarterly,2025-12-31,336798000.0,238938000.0,97860000.0,30623000.0,67237000.0,52837000.0,219884000.0,107390000.0,4.41,4.44,
TDW,quarterly,2025-09-30,341113000.0,243786000.0,97327000.0,35256000.0,62071000.0,20693000.0,-806000.0,74616000.0,-0.02,-0.02,
TDW,quarterly,2025-06-30,341431000.0,234776000.0,106655000.0,31213000.0,75442000.0,78286000.0,72930000.0,131637000.0,1.46,1.47,
TEAM,annual,2026-06-30,6572308000.0,996830000.0,5575478000.0,5565123000.0,10355000.0,22050000.0,-53828000.0,212168000.0,-0.21,-0.21,3269257000.0
TEAM,annual,2025-06-30,5215304000.0,894851000.0,4320453000.0,4450845000.0,-130392000.0,-98895000.0,-256687000.0,24030000.0,,,2669312000.0
TEAM,annual,2024-06-30,4358603000.0,803495000.0,3555108000.0,3672185000.0,-117077000.0,-85407000.0,-300519000.0,27408000.0,-1.16,-1.16,2184111000.0
TEAM,annual,2023-06-30,3534647000.0,633765000.0,2900882000.0,3246104000.0,-345222000.0,-311136000.0,-486761000.0,-220066000.0,-1.9,-1.9,1869881000.0
TEAM,annual,2022-06-30,,,,,,,,,-2.42,-2.42,
TEAM,quarterly,2026-06-30,1766469000.0,238453000.0,1528016000.0,1317293000.0,210723000.0,196925000.0,139076000.0,250503000.0,0.55,0.55,759820000.0
TEAM,quarterly,2026-03-31,1786971000.0,262762000.0,1524209000.0,1580493000.0,-56284000.0,-62794000.0,-98389000.0,-7453000.0,-0.38,-0.38,926954000.0
TEAM,quarterly,2025-12-31,1586315000.0,237691000.0,1348624000.0,1396371000.0,-47747000.0,-55757000.0,-42645000.0,-7611000.0,-0.16,-0.16,826489000.0
TEAM,quarterly,2025-09-30,1432553000.0,257924000.0,1174629000.0,1270966000.0,-96337000.0,-56324000.0,-51870000.0,-23355000.0,-0.2,-0.2,755994000.0
TEAM,quarterly,2025-06-30,1384344000.0,234425000.0,1149919000.0,1178398000.0,-28479000.0,-14194000.0,-23903000.0,17164000.0,-0.09,-0.09,700678000.0
TECK,annual,2025-12-31,10756000000.0,8099000000.0,2657000000.0,1117000000.0,1540000000.0,1656000000.0,1401000000.0,4140000000.0,2.83,2.84,35000000.0
TECK,annual,2024-12-31,9065000000.0,7458000000.0,1607000000.0,829000000.0,778000000.0,-718000000.0,406000000.0,1783000000.0,0.78,0.79,50000000.0
TECK,annual,2023-12-31,6476000000.0,5364000000.0,1112000000.0,1076000000.0,36000000.0,-75000000.0,2409000000.0,861000000.0,4.59,4.65,117000000.0
TECK,annual,2022-12-31,17316000000.0,8745000000.0,8571000000.0,1383000000.0,7188000000.0,6565000000.0,3317000000.0,8219000000.0,6.19,6.3,157000000.0
TECK,quarterly,2026-06-30,3605000000.0,1935000000.0,1670000000.0,294000000.0,1376000000.0,1459000000.0,854000000.0,2084000000.0,1.74,1.74,4000000.0
TECK,quarterly,2026-03-31,3943000000.0,2228000000.0,1715000000.0,232000000.0,1483000000.0,1336000000.0,819000000.0,2014000000.0,1.67,1.67,4000000.0
TECK,quarterly,2025-12-31,3058000000.0,2068000000.0,990000000.0,641000000.0,349000000.0,792000000.0,544000000.0,1389000000.0,1.11,1.11,13000000.0
TECK,quarterly,2025-09-30,3385000000.0,2725000000.0,660000000.0,164000000.0,496000000.0,289000000.0,281000000.0,1027000000.0,0.57,0.58,5000000.0
TECK,quarterly,2025-06-30,2023000000.0,1552000000.0,471000000.0,209000000.0,262000000.0,125000000.0,206000000.0,689000000.0,0.41,0.42,7000000.0
TEL,annual,2025-09-30,17262000000.0,11183000000.0,6079000000.0,2695000000.0,3384000000.0,3204000000.0,1842000000.0,4119000000.0,6.16,6.2,829000000.0
TEL,annual,2024-09-30,15845000000.0,10389000000.0,5456000000.0,2473000000.0,2983000000.0,2797000000.0,3193000000.0,3693000000.0,10.33,10.4,741000000.0
TEL,annual,2023-09-30,16034000000.0,10979000000.0,5055000000.0,2378000000.0,2677000000.0,2268000000.0,1910000000.0,3142000000.0,6.03,6.06,708000000.0
TEL,annual,2022-09-30,16281000000.0,11037000000.0,5244000000.0,2302000000.0,2942000000.0,2733000000.0,2428000000.0,3584000000.0,7.47,7.52,718000000.0
TEL,quarterly,2026-06-30,5160000000.0,3325000000.0,1835000000.0,762000000.0,1073000000.0,971000000.0,748000000.0,1258000000.0,2.55,2.57,230000000.0
TEL,quarterly,2026-03-31,4744000000.0,2999000000.0,1745000000.0,773000000.0,972000000.0,942000000.0,855000000.0,1217000000.0,2.9,2.92,237000000.0
TEL,quarterly,2025-12-31,4669000000.0,2930000000.0,1739000000.0,763000000.0,976000000.0,961000000.0,750000000.0,1250000000.0,2.53,2.55,225000000.0
TEL,quarterly,2025-09-30,4749000000.0,3089000000.0,1660000000.0,721000000.0,939000000.0,897000000.0,663000000.0,1170000000.0,2.22,2.25,227000000.0
TEL,quarterly,2025-06-30,4534000000.0,2934000000.0,1600000000.0,702000000.0,898000000.0,846000000.0,638000000.0,1090000000.0,2.14,2.16,211000000.0
TER,annual,2025-12-31,3190024000.0,1332679000.0,1857345000.0,1168740000.0,688605000.0,653260000.0,554047000.0,788087000.0,3.47,3.48,504596000.0
TER,annual,2024-12-31,2819880000.0,1170953000.0,1648927000.0,1096687000.0,552240000.0,609086000.0,542372000.0,732414000.0,3.32,3.41,460876000.0
TER,annual,2023-12-31,2676298000.0,1139550000.0,1536748000.0,1014403000.0,522345000.0,525572000.0,448752000.0,640264000.0,2.73,2.91,418089000.0
TER,annual,2022-12-31,3155045000.0,1287894000.0,1867151000.0,1018027000.0,849124000.0,840385000.0,715501000.0,954779000.0,4.22,4.52,440591000.0
TER,quarterly,2026-06-30,1328990000.0,534372000.0,794618000.0,353776000.0,440842000.0,443619000.0,374533000.0,480233000.0,2.38,2.39,156284000.0
TER,quarterly,2026-03-31,1282494000.0,501545000.0,780949000.0,304522000.0,476427000.0,465676000.0,398908000.0,501482000.0,2.53,2.55,135561000.0
TER,quarterly,2025-12-31,1083337000.0,463647000.0,619690000.0,311407000.0,308283000.0,289576000.0,257220000.0,329287000.0,1.63,1.64,143265000.0
TER,quarterly,2025-09-30,769210000.0,319904000.0,449306000.0,297418000.0,151888000.0,148100000.0,119558000.0,179925000.0,0.75,0.75,124760000.0
TER,quarterly,2025-06-30,651797000.0,278785000.0,373012000.0,279897000.0,93115000.0,96559000.0,78372000.0,128753000.0,0.49,0.49,118382000.0
TFC,annual,2025-12-31,20319000000.0,,,,,6349000000.0,5307000000.0,,3.82,3.87,
TFC,annual,2024-12-31,13278000000.0,,,,,-601000000.0,4818000000.0,,3.36,3.36,
TFC,annual,2023-12-31,20022000000.0,,,,,-765000000.0,-1091000000.0,,-1.09,-1.09,
TFC,annual,2022-12-31,19973000000.0,,,,,7029000000.0,6260000000.0,,4.43,4.46,
TFC,quarterly,2026-06-30,,,,,,,,,1.23,1.24,
TFC,quarterly,2026-03-31,5152000000.0,,,,,1690000000.0,1481000000.0,,1.09,1.1,
TFC,quarterly,2025-12-31,5246000000.0,,,,,1564000000.0,1354000000.0,,1.0,1.02,
TFC,quarterly,2025-09-30,5187000000.0,,,,,1737000000.0,1452000000.0,,1.04,1.05,
TFC,quarterly,2025-06-30,4987000000.0,,,,,1513000000.0,1240000000.0,,0.9,0.91,
THC,annual,2025-12-31,21310000000.0,3780000000.0,17530000000.0,14091000000.0,3439000000.0,2800000000.0,1407000000.0,4484000000.0,15.49,15.61,
THC,annual,2024-12-31,20675000000.0,3647000000.0,17028000000.0,14111000000.0,2917000000.0,5248000000.0,3200000000.0,6892000000.0,32.7,33.02,
THC,annual,2023-12-31,20564000000.0,3590000000.0,16974000000.0,14531000000.0,2443000000.0,1617000000.0,611000000.0,3388000000.0,5.71,6.01,
THC,annual,2022-12-31,19174000000.0,3273000000.0,15901000000.0,13489000000.0,2412000000.0,1345000000.0,411000000.0,3076000000.0,3.79,3.84,
THC,quarterly,2026-06-30,6041000000.0,984000000.0,5057000000.0,3620000000.0,1437000000.0,1340000000.0,826000000.0,1759000000.0,9.84,9.89,
THC,quarterly,2026-03-31,5781000000.0,961000000.0,4820000000.0,3525000000.0,1295000000.0,1132000000.0,702000000.0,1566000000.0,8.01,8.09,
THC,quarterly,2025-12-31,5527000000.0,1010000000.0,4517000000.0,3648000000.0,869000000.0,681000000.0,371000000.0,1117000000.0,4.22,4.25,
THC,quarterly,2025-09-30,5289000000.0,931000000.0,4358000000.0,3541000000.0,817000000.0,712000000.0,342000000.0,1136000000.0,3.86,3.89,
THC,quarterly,2025-06-30,5271000000.0,932000000.0,4339000000.0,3487000000.0,852000000.0,642000000.0,288000000.0,1056000000.0,3.14,3.16,
TJX,annual,2026-01-31,60372000000.0,41679000000.0,18693000000.0,11515000000.0,7178000000.0,7299000000.0,5494000000.0,8620000000.0,4.87,4.962569,
TJX,annual,2025-01-31,56360000000.0,39112000000.0,17248000000.0,10946000000.0,6302000000.0,6483000000.0,4864000000.0,7663000000.0,4.26,4.326794,
TJX,annual,2024-01-31,54217000000.0,37951000000.0,16266000000.0,10469000000.0,5797000000.0,5967000000.0,4474000000.0,7010000000.0,3.86,3.925674,
TJX,annual,2023-01-31,49936000000.0,36149000000.0,13787000000.0,8927000000.0,4860000000.0,4636000000.0,3498000000.0,5607000000.0,2.97,3.027424,
TJX,quarterly,2026-07-31,15180000000.0,10108000000.0,5072000000.0,3085000000.0,1987000000.0,2018000000.0,1520000000.0,2377000000.0,1.36,1.375934,
TJX,quarterly,2026-04-30,14323000000.0,9843000000.0,4480000000.0,2794000000.0,1686000000.0,1721000000.0,1332000000.0,2075000000.0,1.19,1.204542,
TJX,quarterly,2026-01-31,17743000000.0,12267000000.0,5476000000.0,3122000000.0,2354000000.0,2390000000.0,1773000000.0,2736000000.0,1.58,1.601499,
TJX,quarterly,2025-10-31,15117000000.0,10190000000.0,4927000000.0,3039000000.0,1888000000.0,1916000000.0,1442000000.0,2251000000.0,1.28,1.295669,
TJX,quarterly,2025-07-31,14401000000.0,9976000000.0,4425000000.0,2805000000.0,1620000000.0,1647000000.0,1243000000.0,1973000000.0,1.1,1.114183,
TLN,annual,2025-12-31,2626000000.0,1625000000.0,1001000000.0,985000000.0,16000000.0,-166000000.0,-219000000.0,512000000.0,-4.79,-4.79,
TLN,annual,2024-12-31,2073000000.0,1409000000.0,664000000.0,499000000.0,165000000.0,1111000000.0,998000000.0,1757000000.0,17.67,18.4,
TLN,annual,2022-12-31,2412000000.0,1642000000.0,770000000.0,666000000.0,104000000.0,-1328000000.0,-1289000000.0,-326000000.0,-2864.444444,-2864.444444,
TLN,annual,2021-12-31,1775000000.0,1534000000.0,241000000.0,687000000.0,-446000000.0,-1286000000.0,-989000000.0,-309000000.0,-2198.06,-2198.06,
TLN,quarterly,2026-06-30,959000000.0,589000000.0,370000000.0,231000000.0,139000000.0,-129000000.0,-92000000.0,199000000.0,-2.0,-2.0,
TLN,quarterly,2026-03-31,1241000000.0,752000000.0,489000000.0,125000000.0,364000000.0,81000000.0,63000000.0,290000000.0,1.33,1.38,
TLN,quarterly,2025-12-31,771000000.0,408000000.0,363000000.0,624000000.0,-261000000.0,-380000000.0,-363000000.0,-184000000.0,,,
TLN,quarterly,2025-09-30,770000000.0,417000000.0,353000000.0,126000000.0,227000000.0,304000000.0,207000000.0,465000000.0,4.25,4.52,
TLN,quarterly,2025-06-30,454000000.0,360000000.0,94000000.0,120000000.0,-26000000.0,97000000.0,72000000.0,246000000.0,1.5,1.58,
TMC,annual,2025-12-31,0.0,,,140054000.0,-140054000.0,-319700000.0,-319844000.0,-316233000.0,-0.83,-0.83,
TMC,annual,2024-12-31,0.0,,,81287000.0,-81287000.0,-81895000.0,-81943000.0,-78931000.0,-0.25,-0.25,
TMC,annual,2023-12-31,0.0,,,72389000.0,-72389000.0,-73740000.0,-73781000.0,-72599000.0,-0.26,-0.26,
TMC,annual,2022-12-31,0.0,,,174117000.0,-174117000.0,-170887000.0,-170964000.0,-170469000.0,-0.71,-0.71,
TMC,quarterly,2026-06-30,0.0,,,71717000.0,-71717000.0,-60007000.0,-60123000.0,-59254000.0,-0.14,-0.14,
TMC,quarterly,2026-03-31,0.0,,,33982000.0,-33982000.0,-20555000.0,-20599000.0,-19851000.0,0.05,0.05,
TMC,quarterly,2025-12-31,0.0,,,44705000.0,-44705000.0,-40377000.0,-40398000.0,-39618000.0,,,
TMC,quarterly,2025-09-30,0.0,,,55359000.0,-55359000.0,-184394000.0,-184517000.0,-183656000.0,-0.46,-0.46,
TMC,quarterly,2025-06-30,0.0,,,21975000.0,-21975000.0,-74341000.0,-74341000.0,-73450000.0,-0.2,-0.2,
TMO,annual,2025-12-31,44557000000.0,26318000000.0,18239000000.0,10129000000.0,8110000000.0,7308000000.0,6704000000.0,11507000000.0,17.74,17.77,1397000000.0
TMO,annual,2024-12-31,42879000000.0,25177000000.0,17702000000.0,9985000000.0,7717000000.0,7037000000.0,6335000000.0,11535000000.0,16.53,16.58,1390000000.0
TMO,annual,2023-12-31,42857000000.0,25757000000.0,17100000000.0,9782000000.0,7318000000.0,6298000000.0,5995000000.0,11079000000.0,15.45,15.52,1337000000.0
TMO,annual,2022-12-31,44915000000.0,25944000000.0,18971000000.0,10464000000.0,8507000000.0,7835000000.0,6950000000.0,11942000000.0,17.63,17.75,1471000000.0
TMO,quarterly,2026-06-30,11994000000.0,7112000000.0,4882000000.0,2697000000.0,2185000000.0,1924000000.0,1736000000.0,3142000000.0,4.68,4.68,364000000.0
TMO,quarterly,2026-03-31,11005000000.0,6575000000.0,4430000000.0,2517000000.0,1913000000.0,1734000000.0,1651000000.0,2824000000.0,4.43,4.44,336000000.0
TMO,quarterly,2025-12-31,12215000000.0,7204000000.0,5011000000.0,2708000000.0,2303000000.0,2153000000.0,1964000000.0,3246000000.0,5.21,5.22,356000000.0
TMO,quarterly,2025-09-30,11122000000.0,6539000000.0,4583000000.0,2508000000.0,2075000000.0,1826000000.0,1616000000.0,2834000000.0,4.27,4.28,346000000.0
TMO,quarterly,2025-06-30,10854000000.0,6446000000.0,4408000000.0,2492000000.0,1916000000.0,1709000000.0,1617000000.0,2799000000.0,4.28,4.28,352000000.0
TMUS,annual,2025-12-31,88309000000.0,32774000000.0,55535000000.0,36978000000.0,18557000000.0,14281000000.0,10992000000.0,31563000000.0,9.72,9.75,
TMUS,annual,2024-12-31,81400000000.0,29653000000.0,51747000000.0,33737000000.0,18010000000.0,14712000000.0,11339000000.0,31042000000.0,9.66,9.7,
TMUS,annual,2023-12-31,78558000000.0,30188000000.0,48370000000.0,34129000000.0,14241000000.0,10999000000.0,8317000000.0,27152000000.0,6.93,7.02,
TMUS,annual,2022-12-31,79571000000.0,36206000000.0,43365000000.0,35258000000.0,8107000000.0,3146000000.0,2590000000.0,20161000000.0,2.06,2.07,
TMUS,quarterly,2026-06-30,22791000000.0,8033000000.0,14758000000.0,9268000000.0,5490000000.0,4328000000.0,3239000000.0,8817000000.0,2.99,2.99,
TMUS,quarterly,2026-03-31,23107000000.0,8827000000.0,14280000000.0,9783000000.0,4497000000.0,3334000000.0,2504000000.0,8182000000.0,2.27,2.28,
TMUS,quarterly,2025-12-31,24334000000.0,10272000000.0,14062000000.0,10326000000.0,3736000000.0,2635000000.0,2103000000.0,7403000000.0,1.88,1.89,
TMUS,quarterly,2025-09-30,21957000000.0,7726000000.0,14231000000.0,9423000000.0,4808000000.0,3528000000.0,2714000000.0,7860000000.0,2.41,2.42,
TMUS,quarterly,2025-06-30,21132000000.0,7376000000.0,13756000000.0,8543000000.0,5213000000.0,4280000000.0,3222000000.0,8348000000.0,2.84,2.84,
TOL,annual,2025-10-31,10966723000.0,8212487000.0,2754236000.0,1033622000.0,1720614000.0,1791371000.0,1346486000.0,1802699000.0,13.49,13.6,
TOL,annual,2024-10-31,10846740000.0,7824262000.0,3022478000.0,982291000.0,2040187000.0,2085640000.0,1571195000.0,2121388000.0,15.01,15.16,
TOL,annual,2023-10-31,9994937000.0,7360736000.0,2634201000.0,909446000.0,1724755000.0,1842371000.0,1372071000.0,1801228000.0,12.36,12.47,
TOL,annual,2022-10-31,10275558000.0,7789179000.0,2486379000.0,977753000.0,1508626000.0,1703726000.0,1286500000.0,1585442000.0,10.9,11.02,
TOL,quarterly,2026-07-31,2658781000.0,2033562000.0,625219000.0,266068000.0,359151000.0,374787000.0,280145000.0,380083000.0,2.97,2.98,
TOL,quarterly,2026-04-30,2531230000.0,1926340000.0,604890000.0,258253000.0,346637000.0,350358000.0,260591000.0,363896000.0,2.72,2.74,
TOL,quarterly,2026-01-31,2145627000.0,1668636000.0,476991000.0,257936000.0,219055000.0,273575000.0,210932000.0,235291000.0,2.19,2.2,
TOL,quarterly,2025-10-31,3423398000.0,2575536000.0,847862000.0,283776000.0,564086000.0,592986000.0,446715000.0,585894000.0,4.58,4.62,
TOL,quarterly,2025-07-31,2945117000.0,2203726000.0,741391000.0,253672000.0,487719000.0,499500000.0,369621000.0,510056000.0,3.73,3.76,
TOST,annual,2025-12-31,6153000000.0,4560000000.0,1593000000.0,1289000000.0,304000000.0,346000000.0,342000000.0,368000000.0,0.56,0.59,374000000.0
TOST,annual,2024-12-31,4960000000.0,3770000000.0,1190000000.0,1128000000.0,62000000.0,22000000.0,19000000.0,108000000.0,0.03,0.03,351000000.0
TOST,annual,2023-12-31,3865000000.0,3031000000.0,834000000.0,1121000000.0,-287000000.0,-244000000.0,-246000000.0,-255000000.0,-0.47,-0.46,358000000.0
TOST,annual,2022-12-31,2731000000.0,2220000000.0,511000000.0,895000000.0,-384000000.0,-277000000.0,-275000000.0,-360000000.0,-0.72,-0.54,282000000.0
TOST,quarterly,2026-06-30,1908000000.0,1392000000.0,516000000.0,364000000.0,152000000.0,162000000.0,154000000.0,164000000.0,0.26,0.27,109000000.0
TOST,quarterly,2026-03-31,1630000000.0,1183000000.0,447000000.0,337000000.0,110000000.0,131000000.0,126000000.0,120000000.0,0.2,0.21,97000000.0
TOST,quarterly,2025-12-31,1633000000.0,1210000000.0,423000000.0,334000000.0,89000000.0,101000000.0,101000000.0,105000000.0,0.16,0.17,97000000.0
TOST,quarterly,2025-09-30,1633000000.0,1201000000.0,432000000.0,348000000.0,84000000.0,104000000.0,105000000.0,97000000.0,0.16,0.18,102000000.0
TOST,quarterly,2025-06-30,1550000000.0,1158000000.0,392000000.0,311000000.0,81000000.0,83000000.0,80000000.0,97000000.0,0.13,0.14,91000000.0
TPB,annual,2025-12-31,463062000.0,198748000.0,264314000.0,168987000.0,95327000.0,83143000.0,58165000.0,115945000.0,3.11,3.18,
TPB,annual,2024-12-31,360660000.0,159095000.0,201565000.0,120733000.0,80832000.0,64956000.0,39809000.0,89144000.0,2.14,2.24,
TPB,annual,2023-12-31,325064000.0,142122000.0,182942000.0,99982000.0,82960000.0,62065000.0,38462000.0,87211000.0,2.01,2.19,
TPB,annual,2022-12-31,321229000.0,143399000.0,177830000.0,103822000.0,74008000.0,42066000.0,11641000.0,64973000.0,0.64,0.65,
TPB,quarterly,2026-06-30,142960000.0,49256000.0,93704000.0,76991000.0,16713000.0,13984000.0,3598000.0,20611000.0,0.18,0.18,
TPB,quarterly,2026-03-31,124278000.0,55983000.0,68295000.0,55811000.0,12484000.0,11132000.0,11667000.0,20346000.0,0.6,0.61,
TPB,quarterly,2025-12-31,121013000.0,53359000.0,67654000.0,47728000.0,19926000.0,13879000.0,8210000.0,22020000.0,0.42,0.43,
TPB,quarterly,2025-09-30,118979000.0,48552000.0,70427000.0,44542000.0,25885000.0,30229000.0,21080000.0,39119000.0,1.13,1.16,
TPB,quarterly,2025-06-30,116634000.0,50011000.0,66623000.0,40296000.0,26327000.0,21204000.0,14480000.0,28233000.0,0.79,0.81,
TROW,annual,2025-12-31,7314800000.0,3564500000.0,3750300000.0,1272900000.0,2477400000.0,2875500000.0,2087100000.0,3082900000.0,9.24,9.26,
TROW,annual,2024-12-31,7093600000.0,3409500000.0,3684100000.0,1207500000.0,2476600000.0,2819600000.0,2100100000.0,2980800000.0,9.15,9.18,
TROW,annual,2023-12-31,6460500000.0,3254400000.0,3206100000.0,1168100000.0,2038000000.0,2490300000.0,1788700000.0,2519600000.0,7.76,7.78,
TROW,annual,2022-12-31,6488400000.0,2922400000.0,3566000000.0,1070000000.0,2496000000.0,1948200000.0,1557900000.0,3141800000.0,6.7,6.73,
TROW,quarterly,2026-06-30,1907400000.0,1012600000.0,894800000.0,331100000.0,563700000.0,909600000.0,632000000.0,700600000.0,2.88,2.88,
TROW,quarterly,2026-03-31,1857000000.0,833300000.0,1023700000.0,315200000.0,708500000.0,632200000.0,498200000.0,777300000.0,2.23,2.23,
TROW,quarterly,2025-12-31,1934100000.0,938800000.0,995300000.0,350900000.0,644400000.0,613100000.0,445300000.0,1046200000.0,1.99,1.99,
TROW,quarterly,2025-09-30,1893500000.0,888800000.0,1004700000.0,306200000.0,698500000.0,881600000.0,646100000.0,698500000.0,2.87,2.88,
TROW,quarterly,2025-06-30,1723300000.0,895000000.0,828300000.0,318800000.0,509500000.0,713800000.0,505200000.0,695200000.0,2.24,2.24,
TRV,annual,2025-12-31,48828000000.0,,,41032000000.0,8221000000.0,7796000000.0,6288000000.0,,27.43,27.83,
TRV,annual,2024-12-31,46428000000.0,,,40248000000.0,6572000000.0,6180000000.0,4999000000.0,,21.47,21.76,
TRV,annual,2023-12-31,41373000000.0,,,38002000000.0,3747000000.0,3371000000.0,2991000000.0,,12.79,12.93,
TRV,annual,2022-12-31,36896000000.0,,,33542000000.0,3705000000.0,3354000000.0,2842000000.0,,11.77,11.91,
TRV,quarterly,2026-06-30,12153000000.0,,,9386000000.0,2880000000.0,2767000000.0,2208000000.0,,10.26,10.41,
TRV,quarterly,2026-03-31,11924000000.0,,,9805000000.0,2235000000.0,2119000000.0,1711000000.0,,7.78,7.89,
TRV,quarterly,2025-12-31,12432000000.0,,,9329000000.0,3219000000.0,3103000000.0,2496000000.0,,11.06,11.24,
TRV,quarterly,2025-09-30,12470000000.0,,,10126000000.0,2455000000.0,2344000000.0,1888000000.0,,8.24,8.37,
TRV,quarterly,2025-06-30,12116000000.0,,,10235000000.0,1980000000.0,1881000000.0,1509000000.0,,6.53,6.63,
TSEM,annual,2025-12-31,1566104000.0,1202250000.0,363854000.0,169682000.0,194172000.0,240383000.0,220470000.0,547153000.0,1.94,1.97,86496000.0
TSEM,annual,2024-12-31,1436122000.0,1096680000.0,339442000.0,154398000.0,185044000.0,217427000.0,207864000.0,487735000.0,1.85,1.87,79434000.0
TSEM,annual,2023-12-31,1422680000.0,1069161000.0,353519000.0,152262000.0,201257000.0,584842000.0,518494000.0,847307000.0,4.66,4.7,79808000.0
TSEM,annual,2022-12-31,1677614000.0,1211306000.0,466308000.0,164193000.0,302115000.0,291973000.0,264569000.0,590298000.0,2.39,2.42,83911000.0
TSEM,quarterly,2026-06-30,460079000.0,322307000.0,137772000.0,47482000.0,90290000.0,106192000.0,90769000.0,173864000.0,0.79,0.8,23569000.0
TSEM,quarterly,2026-03-31,413631000.0,302680000.0,110951000.0,46386000.0,64565000.0,74083000.0,65032000.0,147490000.0,0.57,0.58,23530000.0
TSEM,quarterly,2025-12-31,440206000.0,322594000.0,117612000.0,46783000.0,70829000.0,81564000.0,80132000.0,198490000.0,0.7,0.71,24850000.0
TSEM,quarterly,2025-09-30,395667000.0,302622000.0,93045000.0,42465000.0,50580000.0,61071000.0,53645000.0,127036000.0,0.47,0.48,22056000.0
TSEM,quarterly,2025-06-30,372061000.0,292035000.0,80026000.0,40161000.0,39865000.0,54252000.0,46551000.0,114501000.0,0.41,0.42,19418000.0
TSLA,annual,2025-12-31,94827000000.0,77733000000.0,17094000000.0,12245000000.0,4849000000.0,5278000000.0,3794000000.0,11764000000.0,1.08,1.176525,6411000000.0
TSLA,annual,2024-12-31,97690000000.0,80240000000.0,17450000000.0,9690000000.0,7760000000.0,8990000000.0,7130000000.0,14708000000.0,2.04,2.23,4540000000.0
TSLA,annual,2023-12-31,96773000000.0,79113000000.0,17660000000.0,8769000000.0,8891000000.0,9973000000.0,14999000000.0,14796000000.0,4.31,4.725697,3969000000.0
TSLA,annual,2022-12-31,81462000000.0,60609000000.0,20853000000.0,7021000000.0,13832000000.0,13719000000.0,12583000000.0,17657000000.0,3.62,4.02,3075000000.0
TSLA,quarterly,2026-06-30,28236000000.0,23485000000.0,4751000000.0,4353000000.0,398000000.0,1329000000.0,1114000000.0,3029000000.0,0.32,0.34,2371000000.0
TSLA,quarterly,2026-03-31,22387000000.0,17667000000.0,4720000000.0,3779000000.0,941000000.0,748000000.0,477000000.0,2430000000.0,0.13,0.15,1946000000.0
TSLA,quarterly,2025-12-31,24901000000.0,19892000000.0,5009000000.0,3438000000.0,1571000000.0,1181000000.0,840000000.0,2909000000.0,0.24,0.26,1783000000.0
TSLA,quarterly,2025-09-30,28095000000.0,23041000000.0,5054000000.0,3192000000.0,1862000000.0,1959000000.0,1373000000.0,3660000000.0,0.39,0.43,1630000000.0
TSLA,quarterly,2025-06-30,22496000000.0,18618000000.0,3878000000.0,2955000000.0,923000000.0,1549000000.0,1172000000.0,3068000000.0,0.33,0.36,1589000000.0
TSM,annual,2025-12-31,3809054300000.0,1527760300000.0,2281294000000.0,345198400000.0,1936095600000.0,2041654700000.0,1697604000000.0,2742121500000.0,331.25,331.3,246427200000.0
TSM,annual,2024-12-31,2894307700000.0,1269954100000.0,1624353600000.0,302350500000.0,1322003100000.0,1405840000000.0,1158380200000.0,2079132000000.0,226.25,226.25,204181800000.0
TSM,annual,2023-12-31,2161735800000.0,986625200000.0,1175110600000.0,253680700000.0,921429900000.0,979316500000.0,851740000000.0,1523506800000.0,161.7,161.7,182370200000.0
TSM,annual,2022-12-31,2263891300000.0,915536500000.0,1348354800000.0,227128300000.0,1121226500000.0,1144072200000.0,992923400000.0,1593076500000.0,196.0,196.0,163262200000.0
TSM,quarterly,2026-06-30,1270380250000.0,410069555000.0,860310695000.0,93742504000.0,766568191000.0,862430086000.0,706561938000.0,1064053303000.0,136.25,136.25,73146138000.0
TSM,quarterly,2026-03-31,1134103440000.0,382808019000.0,751295421000.0,92346562000.0,658948859000.0,687799687000.0,572479752000.0,855966986000.0,110.4,110.4,67756685000.0
TSM,quarterly,2025-12-31,1046090449000.0,394103592000.0,651986857000.0,87106003000.0,564880854000.0,592355061000.0,485465363000.0,757510662000.0,97.5,97.5,64857743000.0
TSM,quarterly,2025-09-30,989918318000.0,401375489000.0,588542829000.0,87857749000.0,500685080000.0,525369023000.0,452301407000.0,691114862000.0,87.2,87.2,63742245000.0
TSM,quarterly,2025-06-30,933791869000.0,386422631000.0,547369238000.0,83928740000.0,463440498000.0,493035204000.0,398273102000.0,684784299000.0,76.8,76.8,61279719000.0
TSN,annual,2025-09-30,54441000000.0,50879000000.0,3562000000.0,2121000000.0,1441000000.0,769000000.0,474000000.0,2579000000.0,1.33,1.37,
TSN,annual,2024-09-30,53309000000.0,49682000000.0,3627000000.0,2218000000.0,1409000000.0,1092000000.0,800000000.0,2973000000.0,2.25,2.31,
TSN,annual,2023-09-30,52881000000.0,50250000000.0,2631000000.0,2245000000.0,386000000.0,-678000000.0,-648000000.0,1016000000.0,-1.87,-1.87,
TSN,annual,2022-09-30,53282000000.0,46614000000.0,6668000000.0,2258000000.0,4410000000.0,4149000000.0,3238000000.0,5716000000.0,8.92,9.18,
TSN,quarterly,2026-06-30,13868000000.0,12947000000.0,921000000.0,559000000.0,362000000.0,266000000.0,182000000.0,693000000.0,0.52,0.53,
TSN,quarterly,2026-03-31,13653000000.0,12691000000.0,962000000.0,527000000.0,435000000.0,359000000.0,260000000.0,806000000.0,0.73,0.75,
TSN,quarterly,2025-12-31,14313000000.0,13505000000.0,808000000.0,506000000.0,302000000.0,127000000.0,85000000.0,607000000.0,0.24,0.25,
TSN,quarterly,2025-09-30,13860000000.0,13134000000.0,726000000.0,568000000.0,158000000.0,68000000.0,47000000.0,506000000.0,0.13,0.14,
TSN,quarterly,2025-06-30,13884000000.0,12743000000.0,1141000000.0,538000000.0,603000000.0,193000000.0,61000000.0,635000000.0,0.17,0.18,
TT,annual,2025-12-31,21321900000.0,13611700000.0,7710200000.0,3742800000.0,3967400000.0,3678600000.0,2918600000.0,4281600000.0,12.98,13.178192,
TT,annual,2024-12-31,19838200000.0,12757700000.0,7080500000.0,3580400000.0,3500100000.0,3241800000.0,2567900000.0,3859600000.0,11.24,11.439635,
TT,annual,2023-12-31,17677600000.0,11820400000.0,5857200000.0,2963200000.0,2894000000.0,2567300000.0,2023900000.0,3149900000.0,8.77,8.909063,
TT,annual,2022-12-31,15991700000.0,11026900000.0,4964800000.0,2545900000.0,2418900000.0,2172100000.0,1756500000.0,2719200000.0,7.48,7.676091,
TT,quarterly,2026-06-30,6353500000.0,4093800000.0,2259700000.0,1035400000.0,1224300000.0,1163100000.0,925700000.0,1326200000.0,4.16,4.187637,
TT,quarterly,2026-03-31,4969400000.0,3241300000.0,1728100000.0,952000000.0,776100000.0,735800000.0,584400000.0,892500000.0,2.62,2.641917,
TT,quarterly,2025-12-31,5144500000.0,3390600000.0,1753900000.0,934900000.0,819000000.0,741300000.0,591300000.0,887700000.0,2.64,2.669864,
TT,quarterly,2025-09-30,5742500000.0,3624300000.0,2118200000.0,952900000.0,1165300000.0,1091700000.0,847600000.0,1235600000.0,3.78,3.818018,
TT,quarterly,2025-06-30,5746400000.0,3585800000.0,2160600000.0,996400000.0,1164200000.0,1092700000.0,874800000.0,1249000000.0,3.89,3.928154,
TTWO,annual,2026-03-31,6656400000.0,2846700000.0,3809700000.0,3918300000.0,-108600000.0,-197800000.0,-298200000.0,1241500000.0,-1.62,-1.62,1074600000.0
TTWO,annual,2025-03-31,5633600000.0,2571400000.0,3062200000.0,3801600000.0,-739400000.0,-4491300000.0,-4478900000.0,-2972900000.0,-25.58,-25.58,1005200000.0
TTWO,annual,2024-03-31,5349600000.0,3107800000.0,2241800000.0,3385700000.0,-1143900000.0,-3702800000.0,-3744200000.0,-1800600000.0,-22.01,-22.01,948200000.0
TTWO,annual,2023-03-31,5349900000.0,3064600000.0,2285300000.0,3435900000.0,-1150600000.0,-1338100000.0,-1124700000.0,582500000.0,-7.03,-7.03,887600000.0
TTWO,quarterly,2026-06-30,1533900000.0,651400000.0,882500000.0,918000000.0,-35500000.0,-49300000.0,-34100000.0,297200000.0,-0.18,-0.18,273800000.0
TTWO,quarterly,2026-03-31,1679800000.0,741100000.0,938700000.0,928700000.0,10000000.0,-12700000.0,-59500000.0,424300000.0,-0.32,-0.32,262500000.0
TTWO,quarterly,2025-12-31,1699000000.0,753500000.0,945500000.0,983600000.0,-38100000.0,-55800000.0,-92900000.0,269500000.0,-0.5,-0.5,282700000.0
TTWO,quarterly,2025-09-30,1773800000.0,793300000.0,980500000.0,1078400000.0,-97900000.0,-115500000.0,-133900000.0,263100000.0,-0.73,-0.73,268000000.0
TTWO,quarterly,2025-06-30,1503800000.0,558800000.0,945000000.0,923400000.0,21600000.0,-13800000.0,-11900000.0,288100000.0,-0.07,-0.07,256400000.0
TXN,annual,2025-12-31,17682000000.0,7599000000.0,10083000000.0,3943000000.0,6140000000.0,5710000000.0,5001000000.0,8252000000.0,5.45,5.50165,2083000000.0
TXN,annual,2024-12-31,15641000000.0,6547000000.0,9094000000.0,3753000000.0,5341000000.0,5453000000.0,4799000000.0,7541000000.0,5.2,5.262061,1959000000.0
TXN,annual,2023-12-31,17519000000.0,6500000000.0,11019000000.0,3688000000.0,7331000000.0,7418000000.0,6510000000.0,9009000000.0,7.07,7.169604,1863000000.0
TXN,annual,2022-12-31,20028000000.0,6257000000.0,13771000000.0,3374000000.0,10397000000.0,10032000000.0,8749000000.0,11225000000.0,9.41,9.55131,1670000000.0
TXN,quarterly,2026-06-30,5463000000.0,2111000000.0,3352000000.0,1025000000.0,2327000000.0,2238000000.0,1980000000.0,2947000000.0,2.14,2.171053,535000000.0
TXN,quarterly,2026-03-31,4825000000.0,2026000000.0,2799000000.0,974000000.0,1825000000.0,1714000000.0,1545000000.0,2417000000.0,1.68,1.69967,510000000.0
TXN,quarterly,2025-12-31,4423000000.0,1951000000.0,2472000000.0,967000000.0,1505000000.0,1372000000.0,1163000000.0,2070000000.0,1.27,1.282249,521000000.0
TXN,quarterly,2025-09-30,4742000000.0,2019000000.0,2723000000.0,975000000.0,1748000000.0,1584000000.0,1364000000.0,2242000000.0,1.48,1.50055,518000000.0
TXN,quarterly,2025-06-30,4448000000.0,1873000000.0,2575000000.0,1012000000.0,1563000000.0,1478000000.0,1295000000.0,2092000000.0,1.41,1.426211,527000000.0
UAL,annual,2025-12-31,59070000000.0,42070000000.0,17000000000.0,12028000000.0,4972000000.0,4306000000.0,3353000000.0,8412000000.0,10.2,10.3657,
UAL,annual,2024-12-31,57063000000.0,40571000000.0,16492000000.0,11284000000.0,5208000000.0,4168000000.0,3149000000.0,8498000000.0,9.45,9.603544,
UAL,annual,2023-12-31,53717000000.0,38518000000.0,15199000000.0,10039000000.0,5160000000.0,3387000000.0,2618000000.0,7832000000.0,7.89,7.981251,
UAL,annual,2022-12-31,44955000000.0,34315000000.0,10640000000.0,8163000000.0,2477000000.0,990000000.0,737000000.0,5119000000.0,2.23,2.254303,
UAL,quarterly,2026-06-30,17672000000.0,13375000000.0,4297000000.0,3346000000.0,951000000.0,1026000000.0,805000000.0,1310000000.0,2.46,2.480099,
UAL,quarterly,2026-03-31,14608000000.0,10936000000.0,3672000000.0,3064000000.0,608000000.0,870000000.0,699000000.0,1143000000.0,2.14,2.153395,
UAL,quarterly,2025-12-31,15396000000.0,10889000000.0,4507000000.0,3131000000.0,1376000000.0,1325000000.0,1044000000.0,1596000000.0,3.19,3.227495,
UAL,quarterly,2025-09-30,15225000000.0,10803000000.0,4422000000.0,3101000000.0,1321000000.0,1255000000.0,949000000.0,1533000000.0,2.9,2.931333,
UAL,quarterly,2025-06-30,15236000000.0,10490000000.0,4746000000.0,2974000000.0,1772000000.0,1248000000.0,973000000.0,1558000000.0,2.97,3.004925,
UEC,annual,2025-07-31,66837000.0,42360000.0,24477000.0,97898000.0,-73421000.0,-90435000.0,-87656000.0,-84503000.0,-0.2,-0.2,
UEC,annual,2024-07-31,224000.0,187000.0,37000.0,56590000.0,-56553000.0,-34255000.0,-29221000.0,-31245000.0,-0.07,-0.07,
UEC,annual,2023-07-31,164389000.0,114719000.0,49670000.0,40620000.0,9050000.0,-2437000.0,-3307000.0,375000.0,-0.01,-0.01,
UEC,annual,2022-07-31,23161000.0,15868000.0,7293000.0,26242000.0,-18949000.0,5247000.0,5252000.0,8145000.0,0.02,0.02,
UEC,quarterly,2026-04-30,0.0,0.0,0.0,40748000.0,-40748000.0,-52940000.0,-52344000.0,-50723000.0,-0.11,-0.11,
UEC,quarterly,2026-01-31,20200000.0,10172000.0,10028000.0,33477000.0,-23449000.0,-13931000.0,-13937000.0,-11726000.0,-0.03,-0.03,
UEC,quarterly,2025-10-31,0.0,0.0,0.0,30071000.0,-30071000.0,-11009000.0,-10341000.0,-8807000.0,-0.02,-0.02,
UEC,quarterly,2025-07-31,0.0,0.0,0.0,32954000.0,-32954000.0,-27499000.0,-27052000.0,-25657000.0,,,
UEC,quarterly,2025-04-30,0.0,0.0,0.0,23211000.0,-23211000.0,-29778000.0,-30212000.0,-27966000.0,-0.07,-0.07,
UHS,annual,2025-12-31,17364829000.0,1659009000.0,15705820000.0,13711805000.0,1994015000.0,1972141000.0,1488796000.0,2743141000.0,23.1,23.42,
UHS,annual,2024-12-31,15827935000.0,1587786000.0,14240149000.0,12558335000.0,1681814000.0,1497936000.0,1142097000.0,2265280000.0,16.82,17.16,
UHS,annual,2023-12-31,14281976000.0,1532828000.0,12749148000.0,11573767000.0,1175381000.0,940426000.0,717795000.0,1715141000.0,10.23,10.35,
UHS,annual,2022-12-31,13399370000.0,1474339000.0,11925031000.0,10921476000.0,1003555000.0,866260000.0,675609000.0,1575010000.0,9.14,9.23,
UHS,quarterly,2026-06-30,4638012000.0,423257000.0,4214755000.0,3698080000.0,516675000.0,479126000.0,358447000.0,685116000.0,5.98,6.01,
UHS,quarterly,2026-03-31,4495182000.0,426543000.0,4068639000.0,3565779000.0,502860000.0,469116000.0,348682000.0,660515000.0,5.65,5.71,
UHS,quarterly,2025-12-31,4486048000.0,422760000.0,4063288000.0,3546056000.0,517232000.0,581442000.0,445941000.0,785989000.0,7.06,7.19,
UHS,quarterly,2025-09-30,4495245000.0,414583000.0,4080662000.0,3558974000.0,521688000.0,496886000.0,372957000.0,689318000.0,5.86,5.92,
UHS,quarterly,2025-06-30,4283816000.0,418785000.0,3865031000.0,3364761000.0,500270000.0,473385000.0,353218000.0,659850000.0,5.43,5.49,
UMC,annual,2025-12-31,237553199000.0,168646700000.0,68906499000.0,25247564000.0,43658935000.0,48081667000.0,40360314000.0,108869647000.0,16.55,16.7,17724752000.0
UMC,annual,2024-12-31,232302584000.0,156648504000.0,75654080000.0,24385441000.0,51268639000.0,57044820000.0,48779300000.0,106891188000.0,18.7,19.0,15616039000.0
UMC,annual,2023-12-31,222533000000.0,144789162000.0,77743838000.0,20454070000.0,57289768000.0,68450404000.0,59688950000.0,110408170000.0,24.15,24.65,13283830000.0
UMC,annual,2022-12-31,278705264000.0,152940887000.0,125764377000.0,22145245000.0,103619132000.0,109625660000.0,89478805000.0,155580679000.0,34.35,35.45,12953534000.0
UMC,quarterly,2026-06-30,68732662000.0,46409872000.0,22322790000.0,7444052000.0,14878738000.0,45186121000.0,42259962000.0,61750683000.0,16.85,16.95,4747201000.0
UMC,quarterly,2026-03-31,61037902000.0,43219412000.0,17818490000.0,6599392000.0,11219098000.0,16643830000.0,16171474000.0,32984861000.0,6.45,6.45,4575300000.0
UMC,quarterly,2025-12-31,61809545000.0,42851107000.0,18958438000.0,5602260000.0,13356178000.0,13937211000.0,8698983000.0,29952700000.0,,,4936754000.0
UMC,quarterly,2025-09-30,59127040000.0,41503722000.0,17623318000.0,6616112000.0,11007206000.0,14643907000.0,14982060000.0,30071928000.0,5.95,6.0,4630616000.0
UMC,quarterly,2025-06-30,58757657000.0,41879559000.0,16878098000.0,6110605000.0,10767493000.0,10153978000.0,8902530000.0,24984151000.0,3.55,3.55,4193679000.0
UNH,annual,2025-12-31,447567000000.0,364650000000.0,82917000000.0,63953000000.0,18964000000.0,14697000000.0,12056000000.0,23060000000.0,13.23,13.309214,
UNH,annual,2024-12-31,400278000000.0,310879000000.0,89399000000.0,57112000000.0,32287000000.0,20071000000.0,14405000000.0,28076000000.0,15.51,15.743169,
UNH,annual,2023-12-31,371622000000.0,280664000000.0,90958000000.0,58600000000.0,32358000000.0,29112000000.0,22381000000.0,36330000000.0,23.86,24.221861,
UNH,annual,2022-12-31,324162000000.0,244545000000.0,79617000000.0,51182000000.0,28435000000.0,26343000000.0,20120000000.0,31835000000.0,21.18,21.541756,
UNH,quarterly,2026-06-30,112032000000.0,88733000000.0,23299000000.0,15308000000.0,7991000000.0,6968000000.0,5484000000.0,8970000000.0,6.04,6.06,
UNH,quarterly,2026-03-31,111721000000.0,86312000000.0,25409000000.0,16419000000.0,8990000000.0,7963000000.0,6280000000.0,9947000000.0,6.9,6.91877,
UNH,quarterly,2025-12-31,113215000000.0,94721000000.0,18494000000.0,18114000000.0,380000000.0,-720000000.0,10000000.0,1371000000.0,0.01,0.011039,
UNH,quarterly,2025-09-30,113161000000.0,92524000000.0,20637000000.0,16322000000.0,4315000000.0,3229000000.0,2348000000.0,5331000000.0,2.59,2.592545,
UNH,quarterly,2025-06-30,111616000000.0,91604000000.0,20012000000.0,14862000000.0,5150000000.0,4082000000.0,3406000000.0,6193000000.0,3.74,3.763536,
UNP,annual,2025-12-31,24510000000.0,13290000000.0,11220000000.0,1374000000.0,9846000000.0,9166000000.0,7138000000.0,12940000000.0,11.98,12.0,
UNP,annual,2024-12-31,24250000000.0,13211000000.0,11039000000.0,1326000000.0,9713000000.0,8794000000.0,6747000000.0,12461000000.0,11.09,11.1,
UNP,annual,2023-12-31,24119000000.0,13590000000.0,10529000000.0,1447000000.0,9082000000.0,8233000000.0,6379000000.0,11891000000.0,10.45,10.47,
UNP,annual,2022-12-31,24875000000.0,13670000000.0,11205000000.0,1288000000.0,9917000000.0,9072000000.0,6998000000.0,12589000000.0,11.21,11.24,
UNP,quarterly,2026-06-30,6864000000.0,3739000000.0,3125000000.0,362000000.0,2763000000.0,2555000000.0,1993000000.0,3506000000.0,3.36,3.36,
UNP,quarterly,2026-03-31,6217000000.0,3395000000.0,2822000000.0,364000000.0,2458000000.0,2229000000.0,1701000000.0,3182000000.0,2.87,2.87,
UNP,quarterly,2025-12-31,6085000000.0,3340000000.0,2745000000.0,344000000.0,2401000000.0,2408000000.0,1848000000.0,3357000000.0,3.11,3.12,
UNP,quarterly,2025-09-30,6244000000.0,3343000000.0,2901000000.0,352000000.0,2549000000.0,2318000000.0,1788000000.0,3263000000.0,3.01,3.02,
UNP,quarterly,2025-06-30,6154000000.0,3310000000.0,2844000000.0,319000000.0,2525000000.0,2313000000.0,1876000000.0,3261000000.0,3.15,3.16,
UPS,annual,2025-12-31,88661000000.0,72631000000.0,16030000000.0,8163000000.0,7867000000.0,7164000000.0,5572000000.0,11927000000.0,6.56,6.56,
UPS,annual,2024-12-31,91070000000.0,74714000000.0,16356000000.0,7888000000.0,8468000000.0,7442000000.0,5782000000.0,11917000000.0,6.75,6.76,
UPS,annual,2023-12-31,90958000000.0,73720000000.0,17238000000.0,8097000000.0,9141000000.0,8573000000.0,6708000000.0,12726000000.0,7.8,7.81,
UPS,annual,2022-12-31,100338000000.0,79324000000.0,21014000000.0,7920000000.0,13094000000.0,14825000000.0,11548000000.0,18717000000.0,13.2,13.26,
UPS,quarterly,2026-06-30,22834000000.0,19864000000.0,2970000000.0,2040000000.0,930000000.0,761000000.0,604000000.0,2013000000.0,0.71,0.71,
UPS,quarterly,2026-03-31,21202000000.0,17843000000.0,3359000000.0,2092000000.0,1267000000.0,1124000000.0,864000000.0,2375000000.0,1.02,1.02,
UPS,quarterly,2025-12-31,24479000000.0,19395000000.0,5084000000.0,2509000000.0,2575000000.0,2372000000.0,1791000000.0,3610000000.0,2.1,2.11,
UPS,quarterly,2025-09-30,21415000000.0,17929000000.0,3486000000.0,1682000000.0,1804000000.0,1607000000.0,1311000000.0,2824000000.0,1.55,1.55,
UPS,quarterly,2025-06-30,21221000000.0,17441000000.0,3780000000.0,1958000000.0,1822000000.0,1662000000.0,1283000000.0,2836000000.0,1.51,1.51,
UPST,annual,2025-12-31,1023985000.0,,,,,54329000.0,53601000.0,,0.45,0.56,
UPST,annual,2024-12-31,628834000.0,,,,,-128396000.0,-128581000.0,,-1.44,-1.44,
UPST,annual,2023-12-31,508119000.0,,,,,-240025000.0,-240132000.0,,-2.87,-2.87,
UPST,annual,2022-12-31,837760000.0,,,,,-109074000.0,-108665000.0,,-1.31,-1.31,
UPST,quarterly,2026-06-30,364708000.0,,,,,17153000.0,16539000.0,,0.16,0.17,
UPST,quarterly,2026-03-31,308214000.0,,,,,-6562000.0,-6646000.0,,-0.07,-0.07,
UPST,quarterly,2025-12-31,276218000.0,,,,,19162000.0,18636000.0,,0.17,0.19,
UPST,quarterly,2025-09-30,277105000.0,,,,,31929000.0,31805000.0,,0.23,0.33,
UPST,quarterly,2025-06-30,257291000.0,,,,,5656000.0,5607000.0,,0.05,0.06,
USAR,annual,2025-12-31,1643000.0,1448000.0,195000.0,59698000.0,-59503000.0,-298684000.0,-297559000.0,-296959000.0,-3.31,-2.009787,15885000.0
USAR,annual,2024-12-31,0.0,0.0,0.0,15585000.0,-15585000.0,-16392000.0,-15735000.0,-15688000.0,-0.291694,-0.291694,6341000.0
USAR,annual,2023-12-31,0.0,308000.0,-308000.0,24485000.0,-24793000.0,-8538000.0,-7415000.0,-24075000.0,-0.124779,-0.124779,1638000.0
USAR,annual,2022-12-31,0.0,210000.0,-210000.0,24052000.0,-24262000.0,-25539000.0,-23844000.0,-23591000.0,-0.401245,-0.401245,271000.0
USAR,quarterly,2026-06-30,5821000.0,7404000.0,-1583000.0,44491000.0,-46074000.0,-12476000.0,-10333000.0,-6224000.0,-0.05,-0.05,10768000.0
USAR,quarterly,2026-03-31,5698000.0,5592000.0,106000.0,36575000.0,-36469000.0,-68645000.0,-66989000.0,-65948000.0,-0.34,-0.307323,14249000.0
USAR,quarterly,2025-12-31,1643000.0,,,26315000.0,-26120000.0,-50659000.0,-50205000.0,-49534000.0,-0.4,-0.339097,7168000.0
USAR,quarterly,2025-09-30,0.0,,,15861000.0,-15861000.0,-156994000.0,-156680000.0,-156830000.0,-1.64,-1.64,4451000.0
USAR,quarterly,2025-06-30,0.0,0.0,0.0,8804000.0,-8804000.0,-142713000.0,-142506000.0,-142429000.0,-1.54,-1.54,2577000.0
USB,annual,2025-12-31,28540000000.0,,,,,9517000000.0,7570000000.0,,4.62,4.62,
USB,annual,2024-12-31,27335000000.0,,,,,7909000000.0,6299000000.0,,3.79,3.79,
USB,annual,2023-12-31,28013000000.0,,,,,6865000000.0,5429000000.0,,3.27,3.27,
USB,annual,2022-12-31,24184000000.0,,,,,7301000000.0,5825000000.0,,3.69,3.69,
USB,quarterly,2026-06-30,7686000000.0,,,,,2720000000.0,2177000000.0,,1.35,1.35,
USB,quarterly,2026-03-31,7260000000.0,,,,,2419000000.0,1945000000.0,,1.18,1.18,
USB,quarterly,2025-12-31,7337000000.0,,,,,2533000000.0,2045000000.0,,1.26,1.26,
USB,quarterly,2025-09-30,7300000000.0,,,,,2532000000.0,2001000000.0,,1.22,1.22,
USB,quarterly,2025-06-30,6975000000.0,,,,,2293000000.0,1815000000.0,,1.11,1.11,
USFD,annual,2025-12-31,39424000000.0,32560000000.0,6864000000.0,5632000000.0,1232000000.0,898000000.0,676000000.0,1665000000.0,2.94,2.98,
USFD,annual,2024-12-31,37877000000.0,31343000000.0,6534000000.0,5412000000.0,1122000000.0,644000000.0,494000000.0,1397000000.0,2.02,2.05,
USFD,annual,2023-12-31,35597000000.0,29449000000.0,6148000000.0,5117000000.0,1031000000.0,678000000.0,506000000.0,1397000000.0,2.02,2.09,
USFD,annual,2022-12-31,34057000000.0,28565000000.0,5492000000.0,4886000000.0,606000000.0,361000000.0,265000000.0,988000000.0,1.01,1.02,
USFD,quarterly,2026-06-30,10532000000.0,8613000000.0,1919000000.0,1477000000.0,442000000.0,369000000.0,275000000.0,564000000.0,1.24,1.26,
USFD,quarterly,2026-03-31,9610000000.0,7957000000.0,1653000000.0,1429000000.0,224000000.0,142000000.0,116000000.0,336000000.0,0.52,0.53,
USFD,quarterly,2025-12-31,9800000000.0,8080000000.0,1720000000.0,1386000000.0,334000000.0,244000000.0,184000000.0,439000000.0,0.82,0.83,
USFD,quarterly,2025-09-30,10191000000.0,8438000000.0,1753000000.0,1458000000.0,295000000.0,206000000.0,153000000.0,400000000.0,0.67,0.68,
USFD,quarterly,2025-06-30,10082000000.0,8305000000.0,1777000000.0,1403000000.0,374000000.0,300000000.0,224000000.0,489000000.0,0.96,0.97,
UUUU,annual,2025-12-31,65922000.0,52169000.0,13753000.0,114908000.0,-101155000.0,-87090000.0,-85634000.0,-95724000.0,-0.38,-0.38,
UUUU,annual,2024-12-31,78114000.0,55918000.0,22196000.0,59368000.0,-37172000.0,-48213000.0,-47765000.0,-34045000.0,-0.28,-0.28,
UUUU,annual,2023-12-31,37928000.0,18181000.0,19747000.0,52114000.0,-32367000.0,100032000.0,99862000.0,-29616000.0,0.62,0.63,
UUUU,annual,2022-12-31,12515000.0,7844000.0,4671000.0,49609000.0,-44938000.0,-59944000.0,-59849000.0,-56509000.0,-0.38,-0.38,
UUUU,quarterly,2026-06-30,25108000.0,10690000.0,14418000.0,34261000.0,-19843000.0,-33558000.0,-33378000.0,-29559000.0,-0.13,-0.13,
UUUU,quarterly,2026-03-31,35838000.0,21475000.0,14363000.0,28908000.0,-14545000.0,-10912000.0,-10844000.0,-13117000.0,-0.04,-0.04,
UUUU,quarterly,2025-12-31,27102000.0,17606000.0,9496000.0,31617000.0,-22121000.0,-20885000.0,-20789000.0,-20691000.0,,,
UUUU,quarterly,2025-09-30,17710000.0,12784000.0,4926000.0,31592000.0,-26666000.0,-16921000.0,-16736000.0,-25276000.0,-0.07,-0.07,
UUUU,quarterly,2025-06-30,4212000.0,3655000.0,557000.0,26732000.0,-26175000.0,-21814000.0,-21812000.0,-20435000.0,-0.1,-0.1,
V,annual,2025-09-30,40000000000.0,7855000000.0,32145000000.0,5589000000.0,26556000000.0,24194000000.0,20058000000.0,26003000000.0,10.2,10.22,
V,annual,2024-09-30,35926000000.0,7042000000.0,28884000000.0,4827000000.0,24057000000.0,23916000000.0,19743000000.0,25591000000.0,9.73,9.74,
V,annual,2023-09-30,32653000000.0,6567000000.0,26086000000.0,4159000000.0,21927000000.0,21037000000.0,17273000000.0,22624000000.0,8.28,8.29,
V,annual,2022-09-30,29310000000.0,5733000000.0,23577000000.0,3896000000.0,19681000000.0,18136000000.0,14957000000.0,19535000000.0,7.0,7.01,
V,quarterly,2026-06-30,11633000000.0,2738000000.0,8895000000.0,1765000000.0,7130000000.0,6833000000.0,5628000000.0,7394000000.0,2.97,2.97,
V,quarterly,2026-03-31,11230000000.0,2101000000.0,9129000000.0,1566000000.0,7563000000.0,7174000000.0,6021000000.0,7685000000.0,3.14,3.15,
V,quarterly,2025-12-31,10901000000.0,1997000000.0,8904000000.0,1459000000.0,7445000000.0,6726000000.0,5853000000.0,7246000000.0,3.03,3.03,
V,quarterly,2025-09-30,10724000000.0,1981000000.0,8743000000.0,1692000000.0,7051000000.0,6223000000.0,5090000000.0,6749000000.0,2.62,2.62,
V,quarterly,2025-06-30,10172000000.0,1973000000.0,8199000000.0,1407000000.0,6792000000.0,6333000000.0,5272000000.0,6689000000.0,2.69,2.69,
VAL,annual,2025-12-31,2369000000.0,1776000000.0,593000000.0,97100000.0,495900000.0,552300000.0,982800000.0,797400000.0,13.925611,13.925611,
VAL,annual,2024-12-31,2362600000.0,1883000000.0,479600000.0,116300000.0,363300000.0,370200000.0,373400000.0,577100000.0,5.14,5.180715,
VAL,annual,2023-12-31,1784200000.0,1644700000.0,139500000.0,99300000.0,40200000.0,84200000.0,865400000.0,254200000.0,11.674874,11.674874,
VAL,annual,2022-12-31,1602500000.0,1474400000.0,128100000.0,80900000.0,47200000.0,224900000.0,176500000.0,361400000.0,2.33,2.35,
VAL,quarterly,2026-06-30,539200000.0,460100000.0,79100000.0,27200000.0,51900000.0,80600000.0,50400000.0,149200000.0,0.72,0.73,
VAL,quarterly,2026-03-31,465400000.0,416100000.0,49300000.0,22500000.0,26800000.0,10400000.0,-16400000.0,77400000.0,-0.24,-0.24,
VAL,quarterly,2025-12-31,537400000.0,454000000.0,83400000.0,27000000.0,56400000.0,36400000.0,717500000.0,101800000.0,10.26,10.32,
VAL,quarterly,2025-09-30,595700000.0,442700000.0,153000000.0,26900000.0,126100000.0,215900000.0,188100000.0,277900000.0,2.65,2.66,
VAL,quarterly,2025-06-30,615200000.0,431200000.0,184000000.0,18800000.0,165200000.0,145700000.0,115100000.0,206000000.0,1.61,1.62,
VECO,annual,2025-12-31,664294000.0,398885000.0,265409000.0,220794000.0,44615000.0,39387000.0,35390000.0,68543000.0,0.59,0.6,119641000.0
VECO,annual,2024-12-31,717301000.0,413296000.0,304005000.0,208893000.0,95112000.0,68834000.0,73714000.0,105022000.0,1.23,1.31,124507000.0
VECO,annual,2023-12-31,666435000.0,381376000.0,285059000.0,215119000.0,69940000.0,-28338000.0,-30368000.0,8398000.0,-0.56,-0.56,112853000.0
VECO,annual,2022-12-31,646137000.0,382989000.0,263148000.0,202852000.0,60296000.0,50985000.0,166942000.0,88140000.0,2.71,3.35,103565000.0
VECO,quarterly,2026-03-31,158341000.0,102513000.0,55828000.0,56474000.0,-646000.0,-1483000.0,-324000.0,5655000.0,-0.01,-0.01,29875000.0
VECO,quarterly,2025-12-31,165017000.0,104505000.0,60512000.0,52969000.0,7543000.0,-94000.0,1114000.0,7064000.0,0.02,0.02,30579000.0
VECO,quarterly,2025-09-30,165881000.0,98178000.0,67703000.0,57149000.0,10554000.0,11875000.0,10596000.0,18941000.0,0.17,0.18,28988000.0
VECO,quarterly,2025-06-30,166104000.0,97377000.0,68727000.0,56357000.0,12370000.0,12622000.0,11733000.0,20013000.0,0.2,0.2,31560000.0
VECO,quarterly,2025-03-31,167292000.0,98825000.0,68467000.0,54319000.0,14148000.0,14984000.0,11947000.0,22525000.0,0.2,0.21,28514000.0
VG,annual,2025-12-31,13769000000.0,6861000000.0,6908000000.0,1752000000.0,5156000000.0,3363000000.0,2530000000.0,5758000000.0,0.86,0.93,344000000.0
VG,annual,2024-12-31,4972000000.0,1673000000.0,3299000000.0,1536000000.0,1763000000.0,2183000000.0,1543000000.0,3089000000.0,0.60962,0.60962,635000000.0
VG,annual,2023-12-31,7897000000.0,1961000000.0,5936000000.0,1105000000.0,4831000000.0,4432000000.0,2681000000.0,5350000000.0,1.040483,1.141074,490000000.0
VG,annual,2022-12-31,6448000000.0,2251000000.0,4197000000.0,642000000.0,3555000000.0,3544000000.0,1858000000.0,4294000000.0,0.721081,0.790792,311000000.0
VG,quarterly,2026-06-30,4578000000.0,1920000000.0,2658000000.0,470000000.0,2188000000.0,1753000000.0,1414000000.0,2502000000.0,0.51,0.54,23000000.0
VG,quarterly,2026-03-31,4599000000.0,3035000000.0,1564000000.0,413000000.0,1151000000.0,736000000.0,556000000.0,1431000000.0,0.19,0.2,46000000.0
VG,quarterly,2025-12-31,4445000000.0,2294000000.0,2151000000.0,433000000.0,1718000000.0,1467000000.0,1135000000.0,2154000000.0,0.41,0.44,52000000.0
VG,quarterly,2025-09-30,3329000000.0,1606000000.0,1723000000.0,403000000.0,1320000000.0,637000000.0,496000000.0,1276000000.0,0.16,0.18,53000000.0
VG,quarterly,2025-06-30,3101000000.0,1686000000.0,1415000000.0,377000000.0,1038000000.0,591000000.0,435000000.0,1168000000.0,0.14,0.15,57000000.0
VIAV,annual,2026-06-30,1518300000.0,642900000.0,875400000.0,754400000.0,121000000.0,16300000.0,-30400000.0,168100000.0,-0.13,-0.13,262700000.0
VIAV,annual,2025-06-30,1084300000.0,463200000.0,621100000.0,562900000.0,58200000.0,38600000.0,34800000.0,128900000.0,,,208700000.0
VIAV,annual,2024-06-30,1000400000.0,424500000.0,575900000.0,541500000.0,34400000.0,11600000.0,-25800000.0,98600000.0,-0.12,-0.12,201900000.0
VIAV,annual,2023-06-30,1106100000.0,467300000.0,638800000.0,544300000.0,94500000.0,60700000.0,25500000.0,154800000.0,0.11,0.11,206900000.0
VIAV,annual,2022-06-30,,,,,,,,,0.07,0.07,
VIAV,quarterly,2026-06-30,443100000.0,181400000.0,261700000.0,201400000.0,60300000.0,43500000.0,32700000.0,83600000.0,0.13,0.14,69800000.0
VIAV,quarterly,2026-03-31,406800000.0,172700000.0,234100000.0,192000000.0,42100000.0,13800000.0,6400000.0,57700000.0,0.03,0.03,71000000.0
VIAV,quarterly,2025-12-31,369300000.0,158700000.0,210600000.0,199300000.0,11300000.0,-38700000.0,-48100000.0,4200000.0,-0.21,-0.21,65900000.0
VIAV,quarterly,2025-09-30,299100000.0,130100000.0,169000000.0,161700000.0,7300000.0,-2300000.0,-21400000.0,22600000.0,-0.1,-0.1,56000000.0
VIAV,quarterly,2025-06-30,290500000.0,127000000.0,163500000.0,148400000.0,15100000.0,9600000.0,8000000.0,34400000.0,0.04,0.04,57200000.0
VICI,annual,2025-12-31,4006116000.0,26730000.0,3979386000.0,324085000.0,3655301000.0,2820979000.0,2775493000.0,3668230000.0,2.61,2.61,
VICI,annual,2024-12-31,3849205000.0,26895000.0,3822310000.0,277376000.0,3544934000.0,2730946000.0,2678810000.0,3561168000.0,2.56,2.56,
VICI,annual,2023-12-31,3611988000.0,27089000.0,3584899000.0,240051000.0,3344848000.0,2548481000.0,2513540000.0,3370835000.0,2.47,2.48,
VICI,annual,2022-12-31,2600697000.0,22602000.0,2578095000.0,945645000.0,1632450000.0,1139143000.0,1117635000.0,1682278000.0,1.27,1.27,
VICI,quarterly,2026-06-30,1058505000.0,7395000.0,1051110000.0,306401000.0,744709000.0,534850000.0,526521000.0,745775000.0,0.48,0.48,
VICI,quarterly,2026-03-31,1018521000.0,6469000.0,1012052000.0,-82933000.0,1094985000.0,889928000.0,872390000.0,1100257000.0,0.82,0.82,
VICI,quarterly,2025-12-31,1013090000.0,6994000.0,1006096000.0,192247000.0,813849000.0,609733000.0,604767000.0,820929000.0,0.57,0.57,
VICI,quarterly,2025-09-30,1007488000.0,6765000.0,1000723000.0,16675000.0,984048000.0,777505000.0,762040000.0,988775000.0,0.71,0.71,
VICI,quarterly,2025-06-30,1001334000.0,6619000.0,994715000.0,-107163000.0,1101878000.0,883932000.0,865079000.0,1098470000.0,0.82,0.82,
VKTX,annual,2025-12-31,0.0,,,393342000.0,-393342000.0,-359639000.0,-359639000.0,-392911000.0,-3.19,-3.19,344955000.0
VKTX,annual,2024-12-31,0.0,,,150921000.0,-150921000.0,-109963000.0,-109963000.0,-150575000.0,-1.01,-1.01,101644000.0
VKTX,annual,2023-12-31,0.0,,,100827000.0,-100827000.0,-85895000.0,-85895000.0,-100535000.0,-0.91,-0.91,63806000.0
VKTX,annual,2022-12-31,0.0,,,70355000.0,-70355000.0,-68867000.0,-68867000.0,-70064000.0,-0.9,-0.9,54234000.0
VKTX,quarterly,2026-06-30,0.0,,,132597000.0,-132597000.0,-128022000.0,-128022000.0,-132440000.0,-1.1,-1.1,115754000.0
VKTX,quarterly,2026-03-31,0.0,,,164125000.0,-164125000.0,-158325000.0,-158325000.0,-164040000.0,-1.37,-1.37,150150000.0
VKTX,quarterly,2025-12-31,0.0,,,164738000.0,-164738000.0,-157662000.0,-157662000.0,-164644000.0,-1.38,-1.38,153459000.0
VKTX,quarterly,2025-09-30,0.0,,,98561000.0,-98561000.0,-90787000.0,-90787000.0,-98447000.0,-0.81,-0.81,89953000.0
VKTX,quarterly,2025-06-30,0.0,,,74574000.0,-74574000.0,-65561000.0,-65561000.0,-74462000.0,-0.58,-0.58,60153000.0
VLO,annual,2025-12-31,122687000000.0,117318000000.0,5369000000.0,1057000000.0,4312000000.0,3005000000.0,2348000000.0,6719000000.0,7.57,7.57,
VLO,annual,2024-12-31,129881000000.0,125121000000.0,4760000000.0,1005000000.0,3755000000.0,3698000000.0,2770000000.0,7028000000.0,8.58,8.58,
VLO,annual,2023-12-31,144766000000.0,131877000000.0,12889000000.0,1031000000.0,11858000000.0,11768000000.0,8835000000.0,15061000000.0,24.92,24.93,
VLO,annual,2022-12-31,176383000000.0,159632000000.0,16751000000.0,1000000000.0,15751000000.0,15307000000.0,11528000000.0,18342000000.0,29.04,29.05,
VLO,quarterly,2026-06-30,44476000000.0,39021000000.0,5455000000.0,259000000.0,5196000000.0,5167000000.0,3720000000.0,6049000000.0,12.62,12.62,
VLO,quarterly,2026-03-31,32381000000.0,30341000000.0,2040000000.0,309000000.0,1731000000.0,1723000000.0,1263000000.0,2703000000.0,4.22,4.22,
VLO,quarterly,2025-12-31,30372000000.0,28480000000.0,1892000000.0,317000000.0,1575000000.0,1524000000.0,1134000000.0,2480000000.0,3.73,3.73,
VLO,quarterly,2025-09-30,32168000000.0,30408000000.0,1760000000.0,251000000.0,1509000000.0,1456000000.0,1095000000.0,2431000000.0,3.53,3.54,
VLO,quarterly,2025-06-30,29889000000.0,28668000000.0,1221000000.0,224000000.0,997000000.0,942000000.0,714000000.0,1897000000.0,2.28,2.28,
VMC,annual,2025-12-31,7941100000.0,5766500000.0,2174600000.0,607400000.0,1567200000.0,1390100000.0,1076700000.0,2357500000.0,8.11,8.16,
VMC,annual,2024-12-31,7417700000.0,5418100000.0,1999600000.0,600800000.0,1398800000.0,1172100000.0,911900000.0,1980800000.0,6.85,6.89,
VMC,annual,2023-12-31,7781900000.0,5833400000.0,1948500000.0,569200000.0,1379300000.0,1245100000.0,933200000.0,2044300000.0,6.98,7.02,
VMC,annual,2022-12-31,7315200000.0,5757500000.0,1557700000.0,549100000.0,1008600000.0,788100000.0,575600000.0,1530700000.0,4.31,4.33,
VMC,quarterly,2026-06-30,2155800000.0,1530300000.0,625500000.0,158700000.0,466800000.0,404500000.0,323400000.0,636700000.0,2.48,2.49,
VMC,quarterly,2026-03-31,1755900000.0,1333200000.0,422700000.0,157000000.0,265700000.0,212900000.0,165500000.0,437100000.0,1.26,1.27,
VMC,quarterly,2025-12-31,1912600000.0,1425700000.0,486900000.0,151200000.0,335700000.0,323200000.0,252000000.0,553200000.0,1.91,1.92,
VMC,quarterly,2025-09-30,2291500000.0,1594300000.0,697200000.0,154600000.0,542600000.0,488600000.0,374900000.0,735300000.0,2.82,2.84,
VMC,quarterly,2025-06-30,2102400000.0,1477200000.0,625200000.0,155400000.0,469800000.0,414200000.0,320900000.0,658800000.0,2.42,2.43,
VNO,annual,2025-12-31,1810425000.0,,,1538275000.0,272150000.0,950713000.0,904955000.0,1766781000.0,4.4,4.4,
VNO,annual,2024-12-31,1787686000.0,,,1523816000.0,263870000.0,42845000.0,70387000.0,880614000.0,0.04,0.04,
VNO,annual,2023-12-31,1811163000.0,905158000.0,906005000.0,1510583000.0,300580000.0,62110000.0,105494000.0,845606000.0,0.23,0.23,
VNO,annual,2022-12-31,1799995000.0,873911000.0,926084000.0,1512144000.0,287851000.0,-360952000.0,-346499000.0,423315000.0,-2.13,-2.13,
VNO,annual,2021-12-31,,797315000.0,791895000.0,,,,,,,,
VNO,quarterly,2026-06-30,462242000.0,,,433977000.0,28265000.0,42767000.0,31959000.0,303328000.0,0.08,0.088014,
VNO,quarterly,2026-03-31,459105000.0,,,407404000.0,51701000.0,-16118000.0,-7317000.0,191629000.0,-0.12,-0.12,
VNO,quarterly,2025-12-31,453709000.0,,,387502000.0,66207000.0,12696000.0,16127000.0,211993000.0,0.0,0.0,
VNO,quarterly,2025-09-30,453700000.0,,,396381000.0,57319000.0,13650000.0,27115000.0,215131000.0,0.06,0.06,
VNO,quarterly,2025-06-30,441437000.0,,,374900000.0,66537000.0,817350000.0,759345000.0,1020669000.0,3.7,3.87,
VRT,annual,2025-12-31,10229900000.0,6514700000.0,3715200000.0,1819000000.0,1896200000.0,1741900000.0,1332800000.0,2136600000.0,3.41,3.49,
VRT,annual,2024-12-31,8011800000.0,5077600000.0,2934200000.0,1552200000.0,1382000000.0,765400000.0,495800000.0,1192800000.0,1.28,1.32,
VRT,annual,2023-12-31,6863200000.0,4462700000.0,2400500000.0,1483700000.0,916800000.0,533700000.0,460200000.0,984800000.0,1.19,1.21,
VRT,annual,2022-12-31,5691500000.0,4075400000.0,1616100000.0,1388300000.0,227800000.0,167000000.0,76600000.0,616700000.0,0.04,0.2,
VRT,quarterly,2026-06-30,3274300000.0,2039400000.0,1234900000.0,597000000.0,637900000.0,620000000.0,497800000.0,753200000.0,1.27,1.29,
VRT,quarterly,2026-03-31,2649500000.0,1649800000.0,999700000.0,566100000.0,433600000.0,438300000.0,390100000.0,541300000.0,0.99,1.02,
VRT,quarterly,2025-12-31,2880000000.0,1758600000.0,1121400000.0,514500000.0,606900000.0,563200000.0,445600000.0,668200000.0,1.14,1.16,
VRT,quarterly,2025-09-30,2675800000.0,1665100000.0,1010700000.0,462400000.0,548300000.0,492200000.0,398500000.0,590400000.0,1.02,1.04,
VRT,quarterly,2025-06-30,2638100000.0,1741500000.0,896600000.0,450000000.0,446600000.0,421100000.0,324200000.0,515700000.0,0.83,0.85,
VRTX,annual,2025-12-31,12001300000.0,1651300000.0,10350000000.0,5795600000.0,4554400000.0,4643200000.0,3953200000.0,4866300000.0,15.32,15.46,4042500000.0
VRTX,annual,2024-12-31,11020100000.0,1530500000.0,9489600000.0,9723000000.0,-233400000.0,248500000.0,-535600000.0,486300000.0,-2.08,-2.08,8258700000.0
VRTX,annual,2023-12-31,9869200000.0,1262200000.0,8607000000.0,4826600000.0,3780400000.0,4379800000.0,3619600000.0,4605200000.0,13.89,14.05,3690000000.0
VRTX,annual,2022-12-31,8930700000.0,1080300000.0,7850400000.0,3600500000.0,4249900000.0,4232400000.0,3322000000.0,4435500000.0,12.82,12.97,2655800000.0
VRTX,quarterly,2026-06-30,3333900000.0,489200000.0,2844700000.0,1576000000.0,1268700000.0,1391800000.0,1099800000.0,1325200000.0,4.31,4.34,993800000.0
VRTX,quarterly,2026-03-31,2986900000.0,392800000.0,2594100000.0,1455300000.0,1138800000.0,1252900000.0,1031400000.0,1194700000.0,4.02,4.06,961600000.0
VRTX,quarterly,2025-12-31,3190000000.0,466000000.0,2724000000.0,1593700000.0,1130300000.0,1331000000.0,1191100000.0,1390000000.0,4.65,4.69,1106700000.0
VRTX,quarterly,2025-09-30,3076400000.0,414800000.0,2661600000.0,1422800000.0,1238800000.0,1298800000.0,1082900000.0,1356100000.0,4.2,4.24,977700000.0
VRTX,quarterly,2025-06-30,2964700000.0,407500000.0,2557200000.0,1403000000.0,1154200000.0,1283000000.0,1032900000.0,1205900000.0,3.99,4.02,978400000.0
VST,annual,2025-12-31,17738000000.0,11904000000.0,5834000000.0,3700000000.0,2134000000.0,1123000000.0,944000000.0,5055000000.0,2.22446,2.22446,
VST,annual,2024-12-31,17224000000.0,9699000000.0,7525000000.0,3444000000.0,4081000000.0,3467000000.0,2659000000.0,6957000000.0,7.261129,7.261129,
VST,annual,2023-12-31,14779000000.0,9259000000.0,5520000000.0,2810000000.0,2710000000.0,2000000000.0,1493000000.0,4573000000.0,3.821235,3.821235,
VST,annual,2022-12-31,13728000000.0,12046000000.0,1682000000.0,2785000000.0,-1103000000.0,-1560000000.0,-1227000000.0,1049000000.0,-3.148133,-3.148133,
VST,quarterly,2026-06-30,4017000000.0,2627000000.0,1390000000.0,837000000.0,553000000.0,427000000.0,305000000.0,1304000000.0,0.767946,0.767946,
VST,quarterly,2026-03-31,5640000000.0,3230000000.0,2410000000.0,911000000.0,1499000000.0,1212000000.0,1029000000.0,2173000000.0,2.898723,2.898723,
VST,quarterly,2025-12-31,4584000000.0,3032000000.0,1552000000.0,923000000.0,629000000.0,308000000.0,233000000.0,1282000000.0,,,
VST,quarterly,2025-09-30,4971000000.0,3025000000.0,1946000000.0,904000000.0,1042000000.0,856000000.0,652000000.0,1789000000.0,1.783396,1.783396,
VST,quarterly,2025-06-30,4250000000.0,2707000000.0,1543000000.0,960000000.0,583000000.0,403000000.0,327000000.0,1413000000.0,0.825662,0.825662,
VTR,annual,2025-12-31,5833980000.0,3419916000.0,2414064000.0,1556540000.0,857524000.0,247368000.0,251381000.0,2271082000.0,0.54,0.55,
VTR,annual,2024-12-31,4924266000.0,2827069000.0,2097197000.0,1415967000.0,681230000.0,50576000.0,81153000.0,1936697000.0,0.19,0.2,
VTR,annual,2023-12-31,4497827000.0,2561246000.0,1936581000.0,1521067000.0,415514000.0,-39836000.0,-40973000.0,1949153000.0,-0.1,-0.1,
VTR,annual,2022-12-31,4129193000.0,2282918000.0,1846275000.0,1362429000.0,483846000.0,-57857000.0,-47447000.0,1620455000.0,-0.12,-0.12,
VTR,quarterly,2026-06-30,1729614000.0,1042628000.0,686986000.0,454697000.0,232289000.0,46604000.0,70570000.0,622167000.0,0.14,0.14,
VTR,quarterly,2026-03-31,1656944000.0,1003367000.0,653577000.0,445214000.0,208363000.0,43109000.0,55912000.0,591086000.0,0.11,0.12,
VTR,quarterly,2025-12-31,1566017000.0,937396000.0,628621000.0,393731000.0,234890000.0,71870000.0,70202000.0,588905000.0,0.15,0.15,
VTR,quarterly,2025-09-30,1488996000.0,869915000.0,619081000.0,397560000.0,221521000.0,62363000.0,66047000.0,586085000.0,0.14,0.14,
VTR,quarterly,2025-06-30,1420893000.0,826896000.0,593997000.0,390575000.0,203422000.0,75336000.0,68264000.0,580049000.0,0.15,0.15,
VZ,annual,2025-12-31,138191000000.0,56765000000.0,81426000000.0,52167000000.0,29259000000.0,22672000000.0,17174000000.0,47715000000.0,4.06,4.06,
VZ,annual,2024-12-31,134788000000.0,54097000000.0,80691000000.0,52005000000.0,28686000000.0,22979000000.0,17506000000.0,47520000000.0,4.14,4.15,
VZ,annual,2023-12-31,133974000000.0,54887000000.0,79087000000.0,50369000000.0,28718000000.0,16987000000.0,11614000000.0,40135000000.0,2.75,2.76,
VZ,annual,2022-12-31,136835000000.0,59133000000.0,77702000000.0,47235000000.0,30467000000.0,28271000000.0,21256000000.0,48983000000.0,5.06,5.06,
VZ,quarterly,2026-06-30,34253000000.0,13084000000.0,21169000000.0,13990000000.0,7179000000.0,5274000000.0,3835000000.0,12267000000.0,0.92,0.92,
VZ,quarterly,2026-03-31,34440000000.0,13673000000.0,20767000000.0,12525000000.0,8242000000.0,6784000000.0,5045000000.0,13616000000.0,1.2,1.2,
VZ,quarterly,2025-12-31,36381000000.0,16478000000.0,19903000000.0,14899000000.0,5004000000.0,3063000000.0,2342000000.0,9341000000.0,0.55,0.55,
VZ,quarterly,2025-09-30,33821000000.0,13346000000.0,20475000000.0,12370000000.0,8105000000.0,6527000000.0,4950000000.0,12809000000.0,1.17,1.17,
VZ,quarterly,2025-06-30,34504000000.0,13885000000.0,20619000000.0,12447000000.0,8172000000.0,6609000000.0,5003000000.0,12883000000.0,1.18,1.18,
W,annual,2025-12-31,12457000000.0,8692000000.0,3765000000.0,3672000000.0,93000000.0,-304000000.0,-313000000.0,120000000.0,-2.44,-2.44,
W,annual,2024-12-31,11851000000.0,8277000000.0,3574000000.0,3919000000.0,-345000000.0,-482000000.0,-492000000.0,-66000000.0,-4.01,-4.01,
W,annual,2023-12-31,12003000000.0,8336000000.0,3667000000.0,4401000000.0,-734000000.0,-729000000.0,-738000000.0,-295000000.0,-6.47,-6.47,
W,annual,2022-12-31,12218000000.0,8802000000.0,3416000000.0,4730000000.0,-1314000000.0,-1319000000.0,-1331000000.0,-921000000.0,-12.54,-12.54,
W,quarterly,2026-06-30,3519000000.0,2465000000.0,1054000000.0,948000000.0,106000000.0,2000000.0,-1000000.0,105000000.0,-0.01,-0.01,
W,quarterly,2026-03-31,2931000000.0,2051000000.0,880000000.0,867000000.0,13000000.0,-104000000.0,-105000000.0,2000000.0,-0.8,-0.8,
W,quarterly,2025-12-31,3337000000.0,2327000000.0,1010000000.0,941000000.0,69000000.0,-114000000.0,-116000000.0,-7000000.0,-0.89,-0.89,
W,quarterly,2025-09-30,3117000000.0,2183000000.0,934000000.0,893000000.0,41000000.0,-97000000.0,-99000000.0,9000000.0,-0.76,-0.76,
W,quarterly,2025-06-30,3273000000.0,2289000000.0,984000000.0,958000000.0,26000000.0,17000000.0,15000000.0,124000000.0,0.11,0.11,
WBD,annual,2025-12-31,37296000000.0,20885000000.0,16411000000.0,15102000000.0,1309000000.0,1639000000.0,727000000.0,21263000000.0,0.29,0.29,
WBD,annual,2024-12-31,39321000000.0,22970000000.0,16351000000.0,16333000000.0,18000000.0,-11388000000.0,-11311000000.0,11612000000.0,-4.62,-4.62,
WBD,annual,2023-12-31,41321000000.0,24526000000.0,16795000000.0,17681000000.0,-886000000.0,-3863000000.0,-3126000000.0,22367000000.0,-1.28,-1.28,
WBD,annual,2022-12-31,33817000000.0,20442000000.0,13375000000.0,16871000000.0,-3496000000.0,-8960000000.0,-7371000000.0,14171000000.0,-3.82,-3.82,
WBD,quarterly,2026-06-30,8717000000.0,4621000000.0,4096000000.0,3723000000.0,373000000.0,-271000000.0,149000000.0,3872000000.0,0.06,0.06,
WBD,quarterly,2026-03-31,8893000000.0,4643000000.0,4250000000.0,3701000000.0,549000000.0,-3120000000.0,-2916000000.0,1186000000.0,-1.17,-1.17,
WBD,quarterly,2025-12-31,9460000000.0,5223000000.0,4237000000.0,3701000000.0,536000000.0,-408000000.0,-252000000.0,4253000000.0,,,
WBD,quarterly,2025-09-30,9045000000.0,4564000000.0,4481000000.0,3736000000.0,745000000.0,27000000.0,-148000000.0,4277000000.0,-0.06,-0.06,
WBD,quarterly,2025-06-30,9812000000.0,5967000000.0,3845000000.0,3924000000.0,-79000000.0,2454000000.0,1580000000.0,8007000000.0,0.63,0.64,
WCN,annual,2025-12-31,9466915000.0,5455382000.0,4011533000.0,2191650000.0,1819883000.0,1417916000.0,1076557000.0,2984573000.0,4.17,4.18,
WCN,annual,2024-12-31,8919591000.0,5191706000.0,3727885000.0,2047214000.0,1680671000.0,762933000.0,617573000.0,2253506000.0,2.39,2.39,
WCN,annual,2023-12-31,8021951000.0,4744513000.0,3277438000.0,1802330000.0,1475108000.0,983501000.0,762800000.0,2261354000.0,2.95,2.96,
WCN,annual,2022-12-31,7211859000.0,4336012000.0,2875847000.0,1615427000.0,1260420000.0,1048963000.0,835662000.0,2170254000.0,3.24,3.25,
WCN,quarterly,2026-06-30,2561607000.0,1479217000.0,1082390000.0,586370000.0,496020000.0,383730000.0,296399000.0,800810000.0,1.17,1.17,
WCN,quarterly,2026-03-31,2370631000.0,1361099000.0,1009532000.0,565868000.0,443664000.0,283559000.0,219344000.0,686027000.0,0.86,0.86,
WCN,quarterly,2025-12-31,2373306000.0,1364229000.0,1009077000.0,549138000.0,459939000.0,341007000.0,258500000.0,746654000.0,1.01,1.01,
WCN,quarterly,2025-09-30,2458378000.0,1406854000.0,1051524000.0,551806000.0,499718000.0,374774000.0,286271000.0,774553000.0,1.11,1.11,
WCN,quarterly,2025-06-30,2407055000.0,1392857000.0,1014198000.0,550623000.0,463575000.0,389158000.0,290276000.0,779566000.0,1.12,1.12,
WDAY,annual,2026-01-31,9552000000.0,2321000000.0,7231000000.0,6207000000.0,1024000000.0,1009000000.0,693000000.0,1470000000.0,2.59,2.61,2679000000.0
WDAY,annual,2025-01-31,8446000000.0,2069000000.0,6377000000.0,5878000000.0,499000000.0,638000000.0,526000000.0,1078000000.0,1.95,1.98,2626000000.0
WDAY,annual,2024-01-31,7259000000.0,1771000000.0,5488000000.0,5305000000.0,183000000.0,356000000.0,1381000000.0,752000000.0,5.21,5.28,2464000000.0
WDAY,annual,2023-01-31,6216000000.0,1710000000.0,4506000000.0,4688000000.0,-182000000.0,-260000000.0,-367000000.0,206000000.0,-1.44,-1.44,2247000000.0
WDAY,quarterly,2026-07-31,2649000000.0,652000000.0,1997000000.0,1684000000.0,313000000.0,327000000.0,632000000.0,446000000.0,2.57,2.58,747000000.0
WDAY,quarterly,2026-04-30,2542000000.0,604000000.0,1938000000.0,1600000000.0,338000000.0,355000000.0,222000000.0,473000000.0,0.87,0.87,705000000.0
WDAY,quarterly,2026-01-31,2532000000.0,611000000.0,1921000000.0,1616000000.0,305000000.0,264000000.0,145000000.0,389000000.0,0.55,0.56,691000000.0
WDAY,quarterly,2025-10-31,2432000000.0,591000000.0,1841000000.0,1577000000.0,264000000.0,338000000.0,252000000.0,452000000.0,0.94,0.95,666000000.0
WDAY,quarterly,2025-07-31,2348000000.0,582000000.0,1766000000.0,1517000000.0,249000000.0,304000000.0,228000000.0,414000000.0,0.84,0.86,660000000.0
WDC,annual,2026-06-30,12919000000.0,6608000000.0,6311000000.0,1712000000.0,4599000000.0,9905000000.0,9298000000.0,10445000000.0,26.92,26.92,1161000000.0
WDC,annual,2025-06-30,9520000000.0,5828000000.0,3692000000.0,1562000000.0,2130000000.0,1130000000.0,1861000000.0,1938000000.0,5.139276,9.06,994000000.0
WDC,annual,2024-06-30,6317000000.0,4544000000.0,1773000000.0,1676000000.0,97000000.0,-739000000.0,-798000000.0,243000000.0,-1.72,-1.72,950000000.0
WDC,annual,2023-06-30,6255000000.0,4864000000.0,1391000000.0,1793000000.0,-402000000.0,-849000000.0,-1684000000.0,289000000.0,-5.44,-5.44,986000000.0
WDC,quarterly,2026-06-30,3747000000.0,1719000000.0,2028000000.0,422000000.0,1606000000.0,3247000000.0,3069000000.0,3360000000.0,8.213368,17.34,284000000.0
WDC,quarterly,2026-03-31,3337000000.0,1661000000.0,1676000000.0,441000000.0,1235000000.0,3359000000.0,3205000000.0,3493000000.0,8.2,9.26,294000000.0
WDC,quarterly,2025-12-31,3017000000.0,1637000000.0,1380000000.0,417000000.0,963000000.0,1962000000.0,1842000000.0,2108000000.0,4.73,5.27,289000000.0
WDC,quarterly,2025-09-30,2818000000.0,1591000000.0,1227000000.0,432000000.0,795000000.0,1337000000.0,1182000000.0,1484000000.0,3.07,3.34,294000000.0
WDC,quarterly,2025-06-30,2605000000.0,1538000000.0,1067000000.0,386000000.0,681000000.0,347000000.0,257000000.0,507000000.0,0.754144,1.37,262000000.0
WELL,annual,2025-12-31,10667136000.0,6488081000.0,4179055000.0,3823887000.0,355168000.0,-480025000.0,936845000.0,2310458000.0,1.39,1.41,
WELL,annual,2024-12-31,7853618000.0,4830211000.0,3023407000.0,1877709000.0,1145698000.0,524442000.0,951680000.0,2778336000.0,1.57,1.58,
WELL,annual,2023-12-31,6478231000.0,3947776000.0,2530455000.0,1590001000.0,940454000.0,350047000.0,340094000.0,2401110000.0,0.66,0.66,
WELL,annual,2022-12-31,5776068000.0,3558770000.0,2217298000.0,1471078000.0,746220000.0,173062000.0,141214000.0,2039490000.0,0.3,0.31,
WELL,quarterly,2026-06-30,,,,,,,,,0.61,0.63,
WELL,quarterly,2026-03-31,3305702000.0,2055420000.0,1250282000.0,691858000.0,558424000.0,345243000.0,728672000.0,1170167000.0,1.02,1.04,
WELL,quarterly,2025-12-31,3134347000.0,1933932000.0,1200415000.0,2144145000.0,-943730000.0,-1270051000.0,96441000.0,-459389000.0,0.14,0.14,
WELL,quarterly,2025-09-30,2628061000.0,1577048000.0,1051013000.0,574024000.0,476989000.0,293106000.0,280559000.0,978824000.0,0.41,0.42,
WELL,quarterly,2025-06-30,2516141000.0,1514711000.0,1001430000.0,558098000.0,443332000.0,298213000.0,301888000.0,947716000.0,0.45,0.46,
WFC,annual,2025-12-31,83699000000.0,,,,,25199000000.0,21338000000.0,,6.26,6.34,
WFC,annual,2024-12-31,82296000000.0,,,,,23364000000.0,19722000000.0,,5.37,5.43,
WFC,annual,2023-12-31,82597000000.0,,,,,21636000000.0,19142000000.0,,4.83,4.88,
WFC,annual,2022-12-31,74368000000.0,,,,,15629000000.0,13677000000.0,,3.14,3.17,
WFC,quarterly,2026-06-30,22622000000.0,,,,,8047000000.0,6407000000.0,,2.0,2.02,
WFC,quarterly,2026-03-31,21446000000.0,,,,,5981000000.0,5253000000.0,,1.6,1.62,
WFC,quarterly,2025-12-31,21292000000.0,,,,,6526000000.0,5361000000.0,,1.62,1.64,
WFC,quarterly,2025-09-30,21436000000.0,,,,,6909000000.0,5589000000.0,,1.66,1.68,
WFC,quarterly,2025-06-30,20569000000.0,,,,,6438000000.0,5494000000.0,,1.6,1.61,
WFRD,annual,2025-12-31,4918000000.0,3384000000.0,1534000000.0,790000000.0,744000000.0,554000000.0,431000000.0,958000000.0,5.93,5.96,108000000.0
WFRD,annual,2024-12-31,5513000000.0,3605000000.0,1908000000.0,928000000.0,980000000.0,739000000.0,506000000.0,1240000000.0,6.75,6.93,123000000.0
WFRD,annual,2023-12-31,5135000000.0,3395000000.0,1740000000.0,906000000.0,834000000.0,506000000.0,417000000.0,1015000000.0,5.66,5.79,112000000.0
WFRD,annual,2022-12-31,4331000000.0,3020000000.0,1311000000.0,899000000.0,412000000.0,138000000.0,26000000.0,697000000.0,0.36,0.37,90000000.0
WFRD,quarterly,2026-06-30,1105000000.0,772000000.0,333000000.0,217000000.0,116000000.0,75000000.0,39000000.0,173000000.0,0.55,0.55,20000000.0
WFRD,quarterly,2026-03-31,1152000000.0,812000000.0,340000000.0,204000000.0,136000000.0,105000000.0,108000000.0,202000000.0,1.49,1.5,21000000.0
WFRD,quarterly,2025-12-31,1289000000.0,,,,187000000.0,128000000.0,138000000.0,233000000.0,1.91,1.92,22000000.0
WFRD,quarterly,2025-09-30,1232000000.0,,,,178000000.0,139000000.0,81000000.0,240000000.0,1.12,1.13,27000000.0
WFRD,quarterly,2025-06-30,1204000000.0,829000000.0,375000000.0,197000000.0,178000000.0,191000000.0,136000000.0,290000000.0,1.87,1.87,30000000.0
WHR,annual,2025-12-31,15524000000.0,13138000000.0,2386000000.0,1659000000.0,727000000.0,516000000.0,318000000.0,1195000000.0,5.66,5.68,
WHR,annual,2024-12-31,16607000000.0,14026000000.0,2581000000.0,1715000000.0,866000000.0,-188000000.0,-323000000.0,503000000.0,-5.87,-5.87,
WHR,annual,2023-12-31,19455000000.0,16285000000.0,3170000000.0,2033000000.0,1137000000.0,593000000.0,481000000.0,1376000000.0,8.72,8.76,
WHR,annual,2022-12-31,19724000000.0,16651000000.0,3073000000.0,1855000000.0,1218000000.0,-1227000000.0,-1519000000.0,-562000000.0,-27.18,-27.18,
WHR,quarterly,2026-06-30,3517000000.0,3075000000.0,442000000.0,377000000.0,65000000.0,96000000.0,88000000.0,250000000.0,1.15,1.15,
WHR,quarterly,2026-03-31,3273000000.0,2858000000.0,415000000.0,365000000.0,50000000.0,-51000000.0,-82000000.0,125000000.0,-1.43,-1.43,
WHR,quarterly,2025-12-31,4098000000.0,3523000000.0,575000000.0,430000000.0,145000000.0,135000000.0,108000000.0,312000000.0,1.91,1.92,
WHR,quarterly,2025-09-30,4033000000.0,3439000000.0,594000000.0,412000000.0,182000000.0,120000000.0,73000000.0,295000000.0,1.29,1.3,
WHR,quarterly,2025-06-30,3773000000.0,3162000000.0,610000000.0,404000000.0,206000000.0,121000000.0,65000000.0,287000000.0,1.17,1.17,
WM,annual,2025-12-31,25204000000.0,15012000000.0,10192000000.0,5585000000.0,4607000000.0,3426000000.0,2708000000.0,7201000000.0,6.7,6.72,
WM,annual,2024-12-31,22063000000.0,13383000000.0,8680000000.0,4531000000.0,4149000000.0,3458000000.0,2746000000.0,6323000000.0,6.81,6.84,
WM,annual,2023-12-31,20426000000.0,12606000000.0,7820000000.0,3997000000.0,3823000000.0,3021000000.0,2304000000.0,5592000000.0,5.66,5.69,
WM,annual,2022-12-31,19698000000.0,12294000000.0,7404000000.0,3976000000.0,3428000000.0,2918000000.0,2238000000.0,5334000000.0,5.39,5.42,
WM,quarterly,2026-06-30,6684000000.0,3955000000.0,2729000000.0,1460000000.0,1269000000.0,1024000000.0,785000000.0,1995000000.0,1.95,1.96,
WM,quarterly,2026-03-31,6227000000.0,3694000000.0,2533000000.0,1442000000.0,1091000000.0,891000000.0,723000000.0,1812000000.0,1.79,1.79,
WM,quarterly,2025-12-31,6313000000.0,3693000000.0,2620000000.0,1444000000.0,1176000000.0,935000000.0,742000000.0,1928000000.0,1.83,1.84,
WM,quarterly,2025-09-30,6443000000.0,3833000000.0,2610000000.0,1394000000.0,1216000000.0,775000000.0,603000000.0,1729000000.0,1.49,1.5,
WM,quarterly,2025-06-30,6430000000.0,3803000000.0,2627000000.0,1440000000.0,1187000000.0,928000000.0,726000000.0,1868000000.0,1.8,1.8,
WMB,annual,2025-12-31,11950000000.0,4546000000.0,7404000000.0,2996000000.0,4408000000.0,3625000000.0,2618000000.0,7414000000.0,2.14,2.14,
WMB,annual,2024-12-31,10503000000.0,4337000000.0,6166000000.0,2827000000.0,3339000000.0,2986000000.0,2225000000.0,6569000000.0,1.82,1.82,
WMB,annual,2023-12-31,10907000000.0,4106000000.0,6801000000.0,2609000000.0,4192000000.0,4405000000.0,3179000000.0,7712000000.0,2.6,2.61,
WMB,annual,2022-12-31,10965000000.0,5466000000.0,5499000000.0,2481000000.0,3018000000.0,2542000000.0,2049000000.0,5698000000.0,1.67,1.68,
WMB,quarterly,2026-06-30,3053000000.0,1107000000.0,1946000000.0,776000000.0,1170000000.0,1136000000.0,827000000.0,2099000000.0,0.68,0.68,
WMB,quarterly,2026-03-31,3030000000.0,1142000000.0,1888000000.0,749000000.0,1139000000.0,1156000000.0,865000000.0,2116000000.0,0.7,0.71,
WMB,quarterly,2025-12-31,3198000000.0,1186000000.0,2012000000.0,752000000.0,1260000000.0,1017000000.0,734000000.0,1981000000.0,,,
WMB,quarterly,2025-09-30,2923000000.0,1049000000.0,1874000000.0,765000000.0,1109000000.0,929000000.0,647000000.0,1865000000.0,0.53,0.53,
WMB,quarterly,2025-06-30,2781000000.0,1083000000.0,1698000000.0,753000000.0,945000000.0,757000000.0,546000000.0,1712000000.0,0.45,0.45,
WMT,annual,2026-01-31,713163000000.0,535395000000.0,177768000000.0,147943000000.0,29825000000.0,29469000000.0,21893000000.0,46471000000.0,2.73,2.74,
WMT,annual,2025-01-31,680985000000.0,511753000000.0,169232000000.0,139884000000.0,29348000000.0,26309000000.0,19436000000.0,42010000000.0,2.41,2.42,
WMT,annual,2024-01-31,648125000000.0,490142000000.0,157983000000.0,130971000000.0,27012000000.0,21848000000.0,15511000000.0,36384000000.0,1.913333,1.92,
WMT,annual,2023-01-31,611289000000.0,463721000000.0,147568000000.0,127140000000.0,20428000000.0,17016000000.0,11680000000.0,30089000000.0,1.423333,1.43,
WMT,quarterly,2026-07-31,187937000000.0,138804000000.0,49133000000.0,39750000000.0,9383000000.0,8012000000.0,6366000000.0,12200000000.0,0.8,0.8,
WMT,quarterly,2026-04-30,177751000000.0,133058000000.0,44693000000.0,37200000000.0,7493000000.0,7148000000.0,5330000000.0,11668000000.0,0.67,0.67,
WMT,quarterly,2026-01-31,190656000000.0,143615000000.0,47041000000.0,38333000000.0,8708000000.0,5970000000.0,4237000000.0,10420000000.0,0.53,0.53,
WMT,quarterly,2025-10-31,179496000000.0,134706000000.0,44790000000.0,38094000000.0,6696000000.0,8186000000.0,6143000000.0,12476000000.0,0.77,0.77,
WMT,quarterly,2025-07-31,177402000000.0,132771000000.0,44631000000.0,37345000000.0,7286000000.0,9319000000.0,7026000000.0,13575000000.0,0.88,0.88,
WTRG,annual,2025-12-31,2474615000.0,1043421000.0,1431194000.0,510243000.0,920951000.0,619814000.0,616369000.0,1366366000.0,2.2,2.2,
WTRG,annual,2024-12-31,2086113000.0,864259000.0,1221854000.0,464186000.0,757668000.0,573478000.0,595314000.0,1245497000.0,2.17,2.17,
WTRG,annual,2023-12-31,2053824000.0,927824000.0,1126000000.0,433903000.0,692097000.0,431781000.0,498226000.0,1058838000.0,1.86,1.86,
WTRG,annual,2022-12-31,2288032000.0,1215644000.0,1072388000.0,411201000.0,661187000.0,450908000.0,465237000.0,1010201000.0,1.77,1.77,
WTRG,quarterly,2026-06-30,530854000.0,199836000.0,331018000.0,137745000.0,193273000.0,109116000.0,105725000.0,311519000.0,0.37,0.37,
WTRG,quarterly,2026-03-31,861759000.0,414410000.0,447349000.0,136709000.0,310640000.0,230779000.0,224392000.0,428815000.0,0.79,0.79,
WTRG,quarterly,2025-12-31,699111000.0,340117000.0,358994000.0,131990000.0,227004000.0,147845000.0,132676000.0,340292000.0,0.47,0.47,
WTRG,quarterly,2025-09-30,476971000.0,175594000.0,301377000.0,131606000.0,169771000.0,96376000.0,92077000.0,285711000.0,0.33,0.33,
WTRG,quarterly,2025-06-30,514907000.0,205245000.0,309662000.0,124391000.0,185271000.0,112399000.0,107827000.0,295727000.0,0.38,0.38,
WTW,annual,2025-12-31,9708000000.0,5625000000.0,4083000000.0,1826000000.0,2257000000.0,1953000000.0,1605000000.0,2631000000.0,16.26,16.34,
WTW,annual,2024-12-31,9930000000.0,5502000000.0,4428000000.0,2289000000.0,2139000000.0,102000000.0,-98000000.0,821000000.0,-0.96,-0.96,
WTW,annual,2023-12-31,9483000000.0,5344000000.0,4139000000.0,2320000000.0,1819000000.0,1276000000.0,1055000000.0,2016000000.0,9.95,10.01,
WTW,annual,2022-12-31,8866000000.0,5065000000.0,3801000000.0,2262000000.0,1539000000.0,1258000000.0,1009000000.0,2033000000.0,8.98,9.0,
WTW,quarterly,2026-06-30,2466000000.0,1551000000.0,915000000.0,490000000.0,425000000.0,292000000.0,229000000.0,480000000.0,2.43,2.43,
WTW,quarterly,2026-03-31,2412000000.0,1434000000.0,978000000.0,489000000.0,489000000.0,376000000.0,297000000.0,557000000.0,3.1,3.12,
WTW,quarterly,2025-12-31,2936000000.0,1439000000.0,1497000000.0,462000000.0,1035000000.0,947000000.0,735000000.0,1120000000.0,7.62,7.66,
WTW,quarterly,2025-09-30,2288000000.0,1413000000.0,875000000.0,455000000.0,420000000.0,390000000.0,304000000.0,558000000.0,3.11,3.12,
WTW,quarterly,2025-06-30,2261000000.0,1449000000.0,812000000.0,442000000.0,370000000.0,313000000.0,331000000.0,483000000.0,3.32,3.34,
XEL,annual,2025-12-31,14669000000.0,7745000000.0,6924000000.0,4045000000.0,2879000000.0,1773000000.0,2018000000.0,6198000000.0,3.42,3.44,
XEL,annual,2024-12-31,13441000000.0,7293000000.0,6148000000.0,3762000000.0,2386000000.0,1534000000.0,1936000000.0,5591000000.0,3.44,3.44,
XEL,annual,2023-12-31,14206000000.0,8227000000.0,5979000000.0,3391000000.0,2588000000.0,1625000000.0,1771000000.0,5196000000.0,3.21,3.21,
XEL,annual,2022-12-31,15310000000.0,9450000000.0,5860000000.0,3432000000.0,2428000000.0,1601000000.0,1736000000.0,5080000000.0,3.17,3.18,
XEL,quarterly,2026-06-30,3119000000.0,1464000000.0,1655000000.0,946000000.0,709000000.0,526000000.0,586000000.0,1613000000.0,0.93,0.94,
XEL,quarterly,2026-03-31,4021000000.0,2217000000.0,1804000000.0,1072000000.0,732000000.0,509000000.0,556000000.0,1675000000.0,0.89,0.89,
XEL,quarterly,2025-12-31,3561000000.0,1940000000.0,1621000000.0,1032000000.0,589000000.0,435000000.0,567000000.0,1578000000.0,0.95,0.95,
XEL,quarterly,2025-09-30,3915000000.0,1856000000.0,2059000000.0,1023000000.0,1036000000.0,532000000.0,524000000.0,1667000000.0,0.88,0.88,
XEL,quarterly,2025-06-30,3287000000.0,1728000000.0,1559000000.0,982000000.0,577000000.0,384000000.0,444000000.0,1459000000.0,0.75,0.76,
XOM,annual,2025-12-31,323905000000.0,252665000000.0,71240000000.0,37302000000.0,33938000000.0,41268000000.0,28844000000.0,67864000000.0,6.7,6.7,
XOM,annual,2024-12-31,339247000000.0,262505000000.0,76742000000.0,37090000000.0,39652000000.0,48873000000.0,33680000000.0,73311000000.0,7.84,7.84,
XOM,annual,2023-12-31,334697000000.0,250555000000.0,84142000000.0,39681000000.0,44461000000.0,52783000000.0,36010000000.0,74273000000.0,8.89,8.89,
XOM,annual,2022-12-31,398675000000.0,295608000000.0,103067000000.0,39039000000.0,64028000000.0,77753000000.0,55740000000.0,102591000000.0,13.26,13.26,
XOM,quarterly,2026-06-30,114529000000.0,88740000000.0,25789000000.0,7594000000.0,18195000000.0,19424000000.0,14525000000.0,28340000000.0,3.48,3.48,
XOM,quarterly,2026-03-31,83161000000.0,69268000000.0,13893000000.0,8546000000.0,5347000000.0,6967000000.0,4183000000.0,14033000000.0,1.0,1.0,
XOM,quarterly,2025-12-31,80039000000.0,64065000000.0,15974000000.0,9971000000.0,6003000000.0,8031000000.0,6501000000.0,15909000000.0,1.53,1.53,
XOM,quarterly,2025-09-30,83331000000.0,64497000000.0,18834000000.0,9656000000.0,9178000000.0,10932000000.0,7548000000.0,17497000000.0,1.76,1.76,
XOM,quarterly,2025-06-30,79477000000.0,61530000000.0,17947000000.0,9036000000.0,8911000000.0,10705000000.0,7082000000.0,16951000000.0,1.64,1.64,
XPO,annual,2025-12-31,8157000000.0,7178000000.0,979000000.0,250000000.0,729000000.0,437000000.0,316000000.0,1177000000.0,2.64,2.69,
XPO,annual,2024-12-31,8072000000.0,7157000000.0,915000000.0,214000000.0,701000000.0,473000000.0,387000000.0,1186000000.0,3.23,3.33,
XPO,annual,2023-12-31,7744000000.0,6974000000.0,770000000.0,227000000.0,543000000.0,260000000.0,189000000.0,860000000.0,1.6,1.64,
XPO,annual,2022-12-31,7718000000.0,6988000000.0,730000000.0,241000000.0,489000000.0,258000000.0,666000000.0,785000000.0,5.76,5.79,
XPO,quarterly,2026-06-30,2355000000.0,2003000000.0,352000000.0,62000000.0,290000000.0,218000000.0,162000000.0,403000000.0,1.36,1.38,
XPO,quarterly,2026-03-31,2096000000.0,1857000000.0,239000000.0,55000000.0,184000000.0,124000000.0,101000000.0,308000000.0,0.85,0.87,
XPO,quarterly,2025-12-31,2011000000.0,1778000000.0,233000000.0,71000000.0,162000000.0,91000000.0,59000000.0,277000000.0,0.5,0.5,
XPO,quarterly,2025-09-30,2111000000.0,1840000000.0,271000000.0,64000000.0,207000000.0,112000000.0,82000000.0,300000000.0,0.68,0.69,
XPO,quarterly,2025-06-30,2080000000.0,1812000000.0,268000000.0,61000000.0,207000000.0,143000000.0,106000000.0,330000000.0,0.89,,
YUM,annual,2025-12-31,8214000000.0,4422000000.0,3792000000.0,1262000000.0,2530000000.0,2077000000.0,1559000000.0,2784000000.0,5.55,5.59,
YUM,annual,2024-12-31,7549000000.0,3965000000.0,3584000000.0,1181000000.0,2403000000.0,1900000000.0,1486000000.0,2564000000.0,5.22,5.28,
YUM,annual,2023-12-31,7076000000.0,3580000000.0,3496000000.0,1193000000.0,2303000000.0,1818000000.0,1597000000.0,2484000000.0,5.59,5.68,
YUM,annual,2022-12-31,6842000000.0,3535000000.0,3307000000.0,1140000000.0,2167000000.0,1662000000.0,1325000000.0,2335000000.0,4.57,4.63,
YUM,quarterly,2026-06-30,2170000000.0,1185000000.0,985000000.0,324000000.0,661000000.0,533000000.0,853000000.0,720000000.0,3.08,3.1,
YUM,quarterly,2026-03-31,2059000000.0,1139000000.0,920000000.0,322000000.0,598000000.0,516000000.0,432000000.0,704000000.0,1.55,1.56,
YUM,quarterly,2025-12-31,2515000000.0,1396000000.0,1119000000.0,377000000.0,742000000.0,607000000.0,535000000.0,807000000.0,1.91,1.92,
YUM,quarterly,2025-09-30,1980000000.0,1049000000.0,931000000.0,282000000.0,649000000.0,541000000.0,397000000.0,715000000.0,1.41,1.42,
YUM,quarterly,2025-06-30,1932000000.0,1027000000.0,905000000.0,302000000.0,603000000.0,499000000.0,374000000.0,666000000.0,1.33,1.34,
Z,annual,2025-12-31,2583000000.0,668000000.0,1915000000.0,1947000000.0,-32000000.0,25000000.0,23000000.0,315000000.0,0.09,0.09,607000000.0
Z,annual,2024-12-31,2236000000.0,527000000.0,1709000000.0,1899000000.0,-190000000.0,-107000000.0,-112000000.0,179000000.0,-0.48,-0.48,585000000.0
Z,annual,2023-12-31,1945000000.0,421000000.0,1524000000.0,1771000000.0,-247000000.0,-154000000.0,-158000000.0,104000000.0,-0.68,-0.68,560000000.0
Z,annual,2022-12-31,1958000000.0,367000000.0,1591000000.0,1660000000.0,-69000000.0,-85000000.0,-101000000.0,130000000.0,-0.42,-0.42,498000000.0
Z,quarterly,2026-06-30,772000000.0,210000000.0,562000000.0,536000000.0,26000000.0,-3000000.0,-4000000.0,70000000.0,-0.02,-0.02,156000000.0
Z,quarterly,2026-03-31,708000000.0,189000000.0,519000000.0,483000000.0,36000000.0,48000000.0,46000000.0,119000000.0,0.19,0.19,150000000.0
Z,quarterly,2025-12-31,654000000.0,178000000.0,476000000.0,487000000.0,-11000000.0,3000000.0,3000000.0,75000000.0,0.01,0.01,154000000.0
Z,quarterly,2025-09-30,676000000.0,185000000.0,491000000.0,492000000.0,-1000000.0,12000000.0,10000000.0,84000000.0,0.04,0.04,151000000.0
Z,quarterly,2025-06-30,655000000.0,166000000.0,489000000.0,500000000.0,-11000000.0,2000000.0,2000000.0,76000000.0,0.01,0.01,153000000.0
ZION,annual,2025-12-31,3385000000.0,,,,,1175000000.0,899000000.0,,6.01,6.01,
ZION,annual,2024-12-31,3130000000.0,,,,,1012000000.0,784000000.0,,4.95,4.95,
ZION,annual,2023-12-31,3115000000.0,,,,,886000000.0,680000000.0,,4.35,4.385824,
ZION,annual,2022-12-31,3152000000.0,,,,,1152000000.0,907000000.0,,5.79,5.8,
ZION,quarterly,2026-06-30,1137000000.0,,,,,583000000.0,453000000.0,,3.05,3.05,
ZION,quarterly,2026-03-31,849000000.0,,,,,294000000.0,233000000.0,,1.56,1.56,
ZION,quarterly,2025-12-31,891000000.0,,,,,339000000.0,263000000.0,,1.76,1.76,
ZION,quarterly,2025-09-30,861000000.0,,,,,285000000.0,222000000.0,,1.48,1.48,
ZION,quarterly,2025-06-30,838000000.0,,,,,312000000.0,244000000.0,,1.63,1.63,
ZS,annual,2025-07-31,2673115000.0,618178000.0,2054937000.0,2182081000.0,-127144000.0,-18291000.0,-41478000.0,108119000.0,-0.27,-0.27,672485000.0
ZS,annual,2024-07-31,2167771000.0,477129000.0,1690642000.0,1812119000.0,-121477000.0,-29229000.0,-57706000.0,64835000.0,-0.39,-0.39,499828000.0
ZS,annual,2023-07-31,1616952000.0,362832000.0,1254120000.0,1488743000.0,-234623000.0,-182564000.0,-202335000.0,-109207000.0,-1.4,-1.4,350786000.0
ZS,annual,2022-07-31,1090946000.0,242282000.0,848664000.0,1176093000.0,-327429000.0,-383630000.0,-390278000.0,-277585000.0,-2.77,-2.77,289139000.0
ZS,quarterly,2026-04-30,850475000.0,192652000.0,657823000.0,687463000.0,-29640000.0,-2371000.0,-13883000.0,49786000.0,-0.09,-0.09,232281000.0
ZS,quarterly,2026-01-31,815751000.0,191260000.0,624491000.0,676264000.0,-51773000.0,-21298000.0,-34312000.0,26941000.0,-0.21,-0.21,229137000.0
ZS,quarterly,2025-10-31,788112000.0,184753000.0,603359000.0,639721000.0,-36362000.0,-8374000.0,-11615000.0,35037000.0,-0.07,-0.07,200498000.0
ZS,quarterly,2025-07-31,719226000.0,172240000.0,546986000.0,577912000.0,-30926000.0,-1903000.0,-17578000.0,30218000.0,-0.11,-0.11,177606000.0
ZS,quarterly,2025-04-30,678034000.0,155978000.0,522056000.0,547467000.0,-25411000.0,4563000.0,-4125000.0,38974000.0,-0.03,-0.03,169765000.0
