symbol,longName,sector,industry,country,currency,financialCurrency,marketCap,totalRevenue,revenueGrowth,earningsGrowth,earningsQuarterlyGrowth,grossMargins,operatingMargins,profitMargins,ebitdaMargins,returnOnEquity,trailingEps,forwardEps,trailingPE,forwardPE,priceToSalesTrailing12Months,mostRecentQuarter,lastFiscalYearEnd
A,"Agilent Technologies, Inc.",Healthcare,Diagnostics & Research,United States,USD,USD,42531786752,7372000256,0.081,0.085,0.077,0.53648996,0.25559,0.19533001,0.28215,0.20971,5.07,6.7636,29.755423,22.30469,5.7693686,1785456000,1761868800
AA,Alcoa Corporation,Basic Materials,Aluminum,United States,USD,USD,13187555328,13603000320,0.314,1.468,1.482,0.19790001,0.18356001,0.09388,0.16989,0.18226999,4.81,5.79917,10.388774,8.616751,0.9694593,1782777600,1767139200
AAL,American Airlines Group Inc.,Industrials,Airlines,United States,USD,USD,8691664896,58337001472,0.163,-0.882,-0.881,0.21239,0.02814,-0.00559,0.057800002,,-0.49,2.29032,,5.732824,0.1489906,1782777600,1767139200
AAOI,"Applied Optoelectronics, Inc.",Technology,Communication Equipment,United States,USD,USD,8960160768,595969984,0.864,,,0.28916,-0.12884,-0.09568,-0.05387,-0.05449,-0.77,4.602,,22.931334,15.034584,1782777600,1767139200
AAON,"AAON, Inc.",Industrials,Building Products & Equipment,United States,USD,USD,6546819072,1932366976,1.012,2.579,2.658,0.25569,0.10987,0.08243,0.15528,0.17284,1.9,3.528,41.789474,22.505669,3.3879793,1782777600,1767139200
AAPL,Apple Inc.,Technology,Consumer Electronics,United States,USD,USD,4669700046848,466822987776,0.164,0.287,0.271,0.48653,0.32623002,0.27618998,0.35979,1.4875101,8.74,9.57435,36.60984,33.4195,10.003149,1782518400,1758931200
ABBV,AbbVie Inc.,Healthcare,Drug Manufacturers - General,United States,USD,USD,453194874880,64385998848,0.102,2.904,2.852,0.72792,0.40035,0.098000005,0.47779,,3.54,16.28202,72.44633,15.751116,7.0387177,1782777600,1767139200
ABT,Abbott Laboratories,Healthcare,Medical Devices,United States,USD,USD,188690612224,46584999936,0.13,-0.475,-0.478,0.56847,0.14706999,0.116450004,0.25075,0.10576,3.09,6.06487,35.058254,17.861883,4.0504584,1782777600,1767139200
ACI,"Albertsons Companies, Inc.",Consumer Defensive,Grocery Stores,United States,USD,USD,6146719232,83233300480,0.002,-0.585,-0.642,0.27040002,0.01428,0.00079,0.04203,0.02717,0.16,1.84959,78.4375,6.785288,0.073849276,1781913600,1772236800
ACM,AECOM,Industrials,Engineering & Construction,United States,USD,USD,8568608256,15393461248,-0.142,,,0.05678,-0.01844,0.01871,0.06053,0.16605,2.84,6.39541,23.443663,10.410591,0.5566395,1782777600,1759190400
ACN,Accenture plc,Technology,Information Technology Services,Ireland,USD,USD,114261827584,73100591104,0.056,0.09,0.064,0.32013,0.16964,0.10656,0.17707,0.24406,12.53,14.65516,14.901836,12.740905,1.5630766,1780185600,1756598400
ADBE,Adobe Inc.,Technology,Software - Application,United States,USD,USD,105937731584,25198000128,0.127,0.079,0.012,0.89404,0.35327998,0.28689,0.3861,0.62953997,17.48,27.49816,15.246569,9.691922,4.2042117,1780012800,1764288000
ADI,"Analog Devices, Inc.",Technology,Semiconductors,United States,USD,USD,175533834240,13881744384,0.396,1.635,1.584,0.65800005,0.39503,0.29787,0.49869,0.12227,8.4,16.33678,43.125004,22.173891,12.64494,1785542400,1761955200
ADM,Archer-Daniels-Midland Company,Consumer Defensive,Farm Products,United States,USD,USD,40778342400,82099003392,0.072,3.156,3.146,0.0687,0.04008,0.021559998,0.03648,0.07642,3.66,5.6902,23.117485,14.869425,0.49669716,1782777600,1767139200
ADP,"Automatic Data Processing, Inc.",Technology,Software - Application,United States,USD,USD,110288084992,21947400192,0.068,0.098,0.075,0.48653,0.23459,0.20109,0.29212,0.72239,10.94,13.39844,25.3766,20.720322,5.0251093,1782777600,1782777600
AEHR,"Aehr Test Systems, Inc.",Technology,Semiconductor Equipment & Materials,United States,USD,USD,2813840128,50001000,0.337,,,0.35301,-0.06403,-0.14252,-0.22688,-0.04163,-0.23,1.38333,,62.356777,56.275677,1780012800,1780012800
AEM,Agnico Eagle Mines Limited,Basic Materials,Gold,Canada,USD,USD,103668072448,14525908992,0.35,0.494,0.498,0.74512,0.58105,0.40438,0.6987,0.22969,11.69,12.49232,17.51326,16.388468,7.1367702,1782777600,1767139200
AEP,"American Electric Power Company, Inc.",Utilities,Utilities - Regulated Electric,United States,USD,USD,67777474560,22791000064,0.07,-0.432,-0.418,0.46352002,0.23251,0.13781999,0.39617002,0.10130999,5.76,6.85684,21.614582,18.157051,2.97387,1782777600,1767139200
AFL,Aflac Incorporated,Financial Services,Insurance - Life,United States,USD,USD,58762448896,18069000192,-0.01,0.468,0.377,0.50888,0.25722998,0.26908,0.33566,0.16908,9.27,7.54144,12.644012,15.542125,3.252114,1782777600,1767139200
AFRM,"Affirm Holdings, Inc.",Financial Services,Credit Services,United States,USD,USD,24412426240,4261082112,0.33,21.869,22.347,0.4893,0.1263,0.45289,0.17347999,0.45126,5.53,4.91002,13.083182,14.735174,5.7291613,1782777600,1782777600
AG,First Majestic Silver Corp.,Basic Materials,Silver,Canada,USD,USD,10336245760,1641153024,0.573,1.024,1.083,0.63310003,0.47792,0.21183,0.57412,0.13430001,0.7,1.0175,29.957142,20.609335,6.298161,1782777600,1767139200
AI,"C3.ai, Inc.",Technology,Software - Infrastructure,United States,USD,USD,1674512000,232382000,-0.255,,,0.29114,-1.86291,-1.9210299,-1.9239,-0.59771997,-3.09,-0.48551,,-21.544355,7.205859,1785456000,1777507200
AIG,"American International Group, Inc.",Financial Services,Insurance - Diversified,United States,USD,USD,39849689088,26738999296,0.005,-0.101,-0.171,0.35087,0.19414,0.11089,0.30465,0.0722,5.48,8.78651,13.906934,8.673523,1.4903209,1782777600,1767139200
AJG,Arthur J. Gallagher & Co.,Financial Services,Insurance Brokers,United States,USD,USD,67338215424,15109000192,0.309,-0.107,-0.12,0.43186,0.1916,0.10378,0.2838,0.06722,6.04,14.89075,43.491722,17.641153,4.456828,1782777600,1767139200
ALAB,"Astera Labs, Inc.",Technology,Semiconductors,United States,USD,USD,53849776128,1201918976,1.045,1.862,1.989,0.75128996,0.22744,0.30742002,0.23745,0.25826,2.02,6.39348,153.66336,48.54946,44.803165,1782777600,1767139200
ALB,Albemarle Corporation,Basic Materials,Specialty Chemicals,United States,USD,USD,14901678080,5907904000,0.311,,19.962,0.23959999,0.2771,0.03795,0.25093,0.02648,0.27,11.29725,467.70367,11.177941,2.522329,1782777600,1767139200
ALEC,"Alector, Inc.",Healthcare,Biotechnology,United States,USD,USD,274676032,13863000,-0.578,,,0.0,-7.34729,0.0,0.0,-3.85112,-1.09,-0.74571,,-3.2988696,19.813606,1782777600,1767139200
ALLO,"Allogene Therapeutics, Inc.",Healthcare,Biotechnology,United States,USD,USD,680617024,4640000,,,,0.0,-10.11207,0.0,0.0,-0.42394,-0.66,-0.65258,,-3.018787,146.68471,1782777600,1767139200
ALOY,REalloys Inc.,Basic Materials,Other Industrial Metals & Mining,United States,USD,USD,701131200,1870000,0.827,,,0.29679,-45.77612,0.0,0.0,,,-0.14,,-72.14286,374.93646,1782777600,1767139200
ALT,"Altimmune, Inc.",Healthcare,Biotechnology,United States,USD,USD,665250560,31000,,,,0.0,-3184.9355,0.0,0.0,-0.28875,-0.76,-0.66833,,-5.1172323,21459.695,1782777600,1767139200
AMAT,"Applied Materials, Inc.",Technology,Semiconductor Equipment & Materials,United States,USD,USD,360856682496,30837000192,0.248,0.428,0.427,0.49398,0.33736,0.30052,0.32931,0.41068,11.6,18.45479,39.199135,24.639132,11.702068,1785024000,1761436800
AMD,"Advanced Micro Devices, Inc.",Technology,Semiconductors,United States,USD,USD,779621105664,41305001984,0.501,1.595,1.634,0.55724,0.1725,0.15577,0.2315,0.10196,3.92,15.45073,121.82908,30.90922,18.874739,1782518400,1766793600
AMG,"Affiliated Managers Group, Inc.",Financial Services,Asset Management,United States,USD,USD,9573864448,2270200064,0.299,1.482,1.205,0.50273,0.30357,0.37719002,0.27557,0.24257,28.51,42.78273,12.985619,8.653492,4.21719,1782777600,1767139200
AMGN,Amgen Inc.,Healthcare,Drug Manufacturers - General,United States,USD,USD,236380536832,38094999552,0.095,0.649,0.659,0.71891,0.35548002,0.22951001,0.45329,0.91473,16.09,24.40753,27.17402,17.913734,6.205028,1782777600,1767139200
AMH,American Homes 4 Rent,Real Estate,REIT - Residential,United States,USD,USD,13311141888,1875582976,0.028,0.106,0.074,0.56646997,0.25921,0.25530002,0.51858,0.07084,1.26,0.67623,25.769842,48.01621,7.0970693,1782777600,1767139200
AMKR,"Amkor Technology, Inc.",Technology,Semiconductor Equipment & Materials,United States,USD,USD,11840870400,7457679872,0.256,2.182,2.193,0.15511,0.10532,0.07448,0.17752,0.12514,2.23,2.80635,21.421524,17.02211,1.5877419,1782777600,1767139200
AMR,"Alpha Metallurgical Resources, Inc.",Basic Materials,Coking Coal,United States,USD,USD,2857983488,2065092992,-0.104,,,0.10018,-0.02903,-0.02231,0.0661,-0.0296,-3.61,18.25829,,12.345626,1.383949,1782777600,1767139200
AMS,American Shared Hospital Services,Healthcare,Medical Care Facilities,United States,USD,USD,9509500,30413000,0.192,,,0.34834,-0.07224,-0.058330003,0.10305,-0.12064,-0.26,0.4,,3.5749998,0.31267878,1782777600,1767139200
AMT,American Tower Corporation,Real Estate,REIT - Specialty,United States,USD,USD,81939079168,10941500416,0.047,1.385,1.365,0.73774004,0.45411,0.31083,0.64382005,0.33914003,7.26,7.01004,24.221764,25.085451,7.488834,1782777600,1767139200
AMZN,"Amazon.com, Inc.",Consumer Cyclical,Internet Retail,United States,USD,USD,2788369891328,775680032768,0.196,2.423,2.449,0.5077,0.13689,0.1744,0.21776,0.30558002,12.43,10.40032,20.797264,24.855967,3.5947423,1782777600,1767139200
ANET,"Arista Networks, Inc.",Technology,Computer Hardware,United States,USD,USD,244400128000,10540800000,0.377,0.357,0.365,0.63004,0.45393002,0.38371,0.44015998,0.31476,3.16,5.16028,61.322784,37.552223,23.186108,1782777600,1767139200
AON,Aon plc,Financial Services,Insurance Brokers,Ireland,USD,USD,68535607296,17577000960,0.022,-0.03,-0.048,0.48154,0.23457001,0.22268,0.33567002,0.44699,18.13,20.42992,17.82074,15.81455,3.899164,1782777600,1767139200
APD,"Air Products and Chemicals, Inc.",Basic Materials,Specialty Chemicals,United States,USD,USD,67088470016,12602200064,0.046,,,0.32056,0.25536,-0.00375,0.36916,0.00023,-0.21,14.43529,,20.87038,5.323552,1782777600,1759190400
APH,Amphenol Corporation,Technology,Electronic Components,United States,USD,USD,204132728832,29011599360,0.55,0.593,0.621,0.38952,0.29779,0.17729001,0.32619998,0.38115,2.0,3.24631,41.39,25.499722,7.0362453,1782777600,1767139200
APLD,Applied Digital Corporation,Technology,Information Technology Services,United States,USD,USD,7497091584,611310976,4.066,,,0.25879,-0.48219,-0.39915,-0.17508,-0.08376,-0.91,-0.25,,-105.48,12.263957,1780185600,1780185600
APO,"Apollo Global Management, Inc.",Financial Services,Asset Management,United States,USD,USD,78937907200,35598000128,0.638,0.637,1.16,0.36141998,0.21952,0.052670002,0.0,0.11412,2.81,10.73575,47.569397,12.450923,2.2174816,1782777600,1767139200
APTV,Aptiv PLC,Consumer Cyclical,Auto Parts,Switzerland,USD,USD,10147204096,20518000640,0.023,-0.353,-0.369,0.19251,0.12675999,0.010720001,0.15757,0.05158,2.21,6.51182,21.696833,7.363533,0.4945513,1782777600,1767139200
ARES,Ares Management Corporation,Financial Services,Asset Management,United States,USD,USD,46228000768,5987594752,0.058,0.065,0.099,0.37407002,0.19381,0.10628,0.23888001,0.14941,2.19,7.19193,63.99543,19.48712,7.7206297,1782777600,1767139200
ARM,Arm Holdings plc,Technology,Semiconductors,United Kingdom,USD,USD,269231767552,5155999744,0.224,1.083,1.077,0.97537005,0.07603,0.20247999,0.20629999,0.13352999,0.98,3.06084,257.23468,82.35975,52.21718,1782777600,1774915200
ARVN,"Arvinas, Inc.",Healthcare,Biotechnology,United States,USD,USD,613976384,316700000,10.147,,,0.97157997,0.6636,0.02937,-0.03126,0.01588,0.26,-3.07931,36.115387,-3.0493846,1.9386687,1782777600,1767139200
ASML,ASML Holding N.V.,Technology,Semiconductor Equipment & Materials,Netherlands,USD,EUR,658685427712,35327500288,0.213,0.285,0.274,0.52733004,0.37057,0.30114,0.38181,0.53942,29.5,60.076923,58.131527,28.544737,18.645119,1782604800,1767139200
ASPI,ASP Isotopes Inc.,Basic Materials,Specialty Chemicals,United States,USD,USD,643899328,30852000,3.276,,,0.1832,-6.6748,0.0,-2.9659698,-0.90348,-1.44,-1.16,,-3.6206896,20.870586,1782777600,1767139200
ASTS,"AST SpaceMobile, Inc.",Technology,Communication Equipment,United States,USD,USD,24249026560,115299000,26.266,,,0.38914,-5.44626,0.0,0.0,-0.45621,-2.15,-1.28918,,-48.33305,210.31429,1782777600,1767139200
ASX,"ASE Technology Holding Co., Ltd.",Technology,Semiconductors,Taiwan,USD,TWD,97663483904,711209779200,0.267,1.712,1.801,0.19485001,0.11061,0.08545999,0.19686002,0.17009,0.82,1.8407,45.7439,20.378117,0.13732022,1782777600,1767139200
ATO,Atmos Energy Corporation,Utilities,Utilities - Regulated Gas,United States,USD,USD,28315721728,4921525760,0.048,0.233,0.302,0.62212,0.37223998,0.28496,0.53323,0.09792,8.39,9.01774,19.971394,18.581152,5.7534437,1782777600,1759190400
AU,AngloGold Ashanti plc,Basic Materials,Gold,United States,USD,USD,55164252160,11825000448,0.27,0.501,0.498,0.54833,0.51192003,0.32195,0.60617,0.44731,7.46,9.89771,14.620644,11.019721,4.665053,1782777600,1767139200
AVAV,"AeroVironment, Inc.",Industrials,Aerospace & Defense,United States,USD,USD,7351491072,1976845056,1.333,,,0.25325,0.02812,-0.13411,0.09846,-0.10029,-5.4,4.39095,,32.942753,3.7187998,1777507200,1777507200
AVGO,Broadcom Inc.,Technology,Semiconductors,United States,USD,USD,1702714146816,89103998976,0.855,2.153,2.161,0.75515,0.54307,0.42944,0.58424,0.44245,7.84,19.37208,45.64987,18.474785,19.10929,1785628800,1762041600
AWK,"American Water Works Company, Inc.",Utilities,Utilities - Regulated Water,United States,USD,USD,27961167872,5283999744,0.062,0.086,0.09,0.61469,0.40664002,0.21347,0.55129004,0.10095,5.77,6.5658,24.384748,21.429224,5.291667,1782777600,1767139200
AWR,American States Water Company,Utilities,Utilities - Regulated Water,United States,USD,USD,3508941824,697475008,0.112,0.258,0.284,0.5762,0.35755002,0.20521,0.39803,0.1367,3.66,3.8,24.188524,23.297369,5.0309215,1782777600,1767139200
AXP,American Express Company,Financial Services,Credit Services,United States,USD,USD,220259057664,70912999424,0.128,0.11,0.078,0.62338,0.2032,0.16141,0.0,0.34377,16.47,20.11369,19.80328,16.215822,3.1060462,1782777600,1767139200
AXTI,"AXT, Inc.",Technology,Semiconductor Equipment & Materials,United States,USD,USD,4041932800,125509000,1.648,,,0.32184,0.21902001,0.0323,0.10715,0.01012,0.03,2.226,2054.6667,27.690924,32.204327,1782777600,1767139200
BA,The Boeing Company,Industrials,Aerospace & Defense,United States,USD,USD,167633453056,93994999808,0.08,,,0.0471,4.0000003e-05,0.025910001,-0.03085,1.73537,2.78,4.12084,76.34892,51.50649,1.7834295,1782777600,1767139200
BABA,Alibaba Group Holding Limited,Consumer Cyclical,Internet Retail,China,USD,CNY,281472008192,1044970995712,0.086,-0.794,-0.739,0.38199002,0.07295,0.07039,0.09523,0.0636,4.42,9.335627,25.61991,12.129876,0.2693587,1782777600,1774915200
BAC,Bank of America Corporation,Financial Services,Banks - Diversified,United States,USD,USD,438305488896,113931001856,0.168,0.341,0.266,0.0,0.38305,0.29524,0.0,0.111990005,4.33,5.2927,14.475751,11.842728,3.8471134,1782777600,1767139200
BBY,"Best Buy Co., Inc.",Consumer Cyclical,Specialty Retail,United States,USD,USD,19025946624,42201001984,0.036,0.701,0.694,0.22597,0.03896,0.03014,0.06204,0.43126,6.01,7.21104,15.019965,12.518305,0.4508411,1785542400,1769817600
BC,Brunswick Corporation,Consumer Cyclical,Recreational Vehicles,United States,USD,USD,4822872576,5629899776,0.077,0.875,0.852,0.25947002,0.06804,-0.01528,0.107159995,-0.048270002,-1.3,5.41525,,13.744518,0.8566534,1783123200,1767139200
BE,Bloom Energy Corporation,Industrials,Electrical Equipment & Parts,United States,USD,USD,74477133824,3113149952,1.655,,,0.31651,0.17106001,0.07868,0.13442001,0.22213,0.76,4.92013,332.7237,51.394985,23.9234,1782777600,1767139200
BEAM,Beam Therapeutics Inc.,Healthcare,Biotechnology,United States,USD,USD,3063512064,156035008,-0.942,,,-1.61905,-258.27142,-0.55449003,-2.2801402,-0.08184,-0.69,-4.74137,,-6.2555757,19.633492,1782777600,1767139200
BEN,Franklin Templeton Inc.,Financial Services,Asset Management,United States,USD,USD,17645510656,9324099584,0.143,1.067,0.858,0.37707,0.12979001,0.08717,0.19295,0.07887,1.47,3.16525,23.625849,10.972277,1.8924627,1782777600,1759190400
BF.B,Brown-Forman Corporation,Consumer Defensive,Beverages - Wineries & Distilleries,United States,USD,USD,12265441280,3915000064,-0.014,0.057,0.035,0.60664004,0.27552,0.18416001,0.30294,0.18122,1.55,1.71288,17.245161,15.605296,3.132935,1785456000,1777507200
BG,Bunge Global SA,Consumer Defensive,Farm Products,United States,USD,USD,22806460416,91818999808,0.883,0.33,0.915,0.049239997,0.04617,0.01097,0.03405,0.071779996,4.64,11.34127,25.584053,10.467081,0.24838498,1782777600,1767139200
BIDU,"Baidu, Inc.",Communication Services,Internet Content & Information,China,USD,CNY,33738885120,127314001920,-0.042,-0.717,-0.683,0.40870997,0.096540004,-0.02895,0.18377,-0.0139,-2.34,7.93434,,12.536645,0.2650053,1782777600,1767139200
BIIB,Biogen Inc.,Healthcare,Drug Manufacturers - General,United States,USD,USD,32628516864,10027899904,0.034,-0.848,-0.846,0.78322,0.25058,0.083229996,0.33499,0.04575,5.63,16.54371,39.2238,13.348275,3.2537737,1782777600,1767139200
BJ,"BJ's Wholesale Club Holdings, Inc.",Consumer Defensive,Discount Stores,United States,USD,USD,11771266048,22811629568,0.157,0.193,0.154,0.18244,0.04053,0.02606,0.050869998,0.27673,4.57,5.02396,20.391685,18.549112,0.5160204,1785542400,1769817600
BKR,Baker Hughes Company,Energy,Oil & Gas Equipment & Services,United States,USD,USD,63034802176,27725000704,-0.024,-0.042,-0.029,0.23657,0.1283,0.111669995,0.17454,0.16463,3.11,3.16079,20.418007,20.089914,2.2735727,1782777600,1767139200
BLK,"BlackRock, Inc.",Financial Services,Asset Management,United States,USD,USD,182345416704,27299000320,0.306,0.196,0.202,0.47152,0.35079,0.24089001,0.40719002,0.122779995,41.75,64.3079,26.881199,17.451822,6.679564,1782777600,1767139200
BMY,Bristol-Myers Squibb Company,Healthcare,Drug Manufacturers - General,United States,USD,USD,136494186496,49186000896,0.057,1.531,1.532,0.71661,0.34418,0.18871,0.38487,0.46598998,4.54,6.55796,14.718061,10.189144,2.7750616,1782777600,1767139200
BRO,"Brown & Brown, Inc.",Financial Services,Insurance Brokers,United States,USD,USD,23897872384,6663000064,0.324,0.071,0.247,0.56281,0.41838002,0.18084998,0.43403998,0.10023,3.13,4.82516,22.81789,14.801581,3.5866535,1782777600,1767139200
BSX,Boston Scientific Corporation,Healthcare,Medical Devices,United States,USD,USD,69273174016,20995999744,0.075,0.151,0.138,0.69189,0.22895999,0.17499,0.272,0.15338999,2.47,3.43293,19.352226,13.923965,3.299351,1782777600,1767139200
BTU,Peabody Energy Corporation,Energy,Thermal Coal,United States,USD,USD,3516815104,4010899968,0.127,,,0.103970006,-0.0947,-0.04555,0.06911,-0.047709998,-1.49,2.84333,,10.146554,0.8768145,1782777600,1767139200
BWXT,"BWX Technologies, Inc.",Industrials,Aerospace & Defense,United States,USD,USD,14438708224,3513969920,0.18,0.141,0.136,0.22082001,0.10393,0.10108,0.1356,0.28289,3.86,5.26632,40.826424,29.92412,4.108945,1782777600,1767139200
BX,Blackstone Inc.,Financial Services,Asset Management,United States,USD,USD,162739781632,15483307008,0.286,0.573,0.608,1.0,0.54357,0.22728,0.0,0.31374002,4.47,7.49055,30.458612,18.176235,10.51066,1782777600,1767139200
BXP,"BXP, Inc.",Real Estate,REIT - Office,United States,USD,USD,12243593216,3190220032,0.037,-0.232,-0.229,0.56452,0.28755,0.09304,0.50691,0.05308,1.86,2.22282,36.392475,30.452309,3.8378522,1782777600,1767139200
C,Citigroup Inc.,Financial Services,Banks - Diversified,United States,USD,USD,231016595456,81711996928,0.155,0.61,0.451,0.0,0.36229,0.21832001,0.0,0.08529,9.28,12.88329,14.840518,10.6898155,2.8272054,1782777600,1767139200
CAG,"Conagra Brands, Inc.",Consumer Defensive,Packaged Foods,United States,USD,USD,7408195584,11281600512,0.036,,,0.23952,0.13771,-0.16985,0.15438,-0.25064,-4.0,1.55179,,9.975576,0.65666175,1780185600,1780185600
CAH,"Cardinal Health, Inc.",Healthcare,Medical Distribution,United States,USD,USD,57488068608,254247993344,0.058,0.688,0.665,0.03844,0.013300001,0.00674,0.01669,,7.22,14.07674,34.23546,17.559462,0.22611022,1782777600,1782777600
CAMT,Camtek Ltd.,Technology,Semiconductor Equipment & Materials,Israel,USD,USD,6800486912,499092992,0.025,-0.1,-0.078,0.50969005,0.22412,0.09629,0.27756,0.07565,0.74,4.886,196.91891,29.823986,13.625691,1774915200,1767139200
CARR,Carrier Global Corporation,Industrials,Building Products & Equipment,United States,USD,USD,49593954304,22108000256,0.039,-0.118,-0.152,0.24691999,0.13069001,0.055180002,0.1399,0.08966,1.4,3.30841,42.65,18.047945,2.2432582,1782777600,1767139200
CAT,Caterpillar Inc.,Industrials,Farm & Heavy Construction Machinery,United States,USD,USD,374147776512,74728996864,0.24,0.682,0.649,0.29713,0.22183001,0.14511,0.21746999,0.56972003,23.2,32.37734,35.08362,25.139189,5.006728,1782777600,1767139200
CB,Chubb Limited,Financial Services,Insurance - Property & Casualty,Switzerland,USD,USD,131785375744,61895999488,0.061,-0.007,-0.038,0.31129998,0.23527001,0.18070999,0.24045,0.14822,28.22,29.10944,12.104536,11.734681,2.129142,1782777600,1767139200
CBOE,"Cboe Global Markets, Inc.",Financial Services,Financial Data & Stock Exchanges,United States,USD,USD,31160127488,5061300224,0.229,0.502,0.502,0.54078996,0.34634,0.26734,0.38146,0.26297,12.83,15.23557,23.256432,19.584433,6.156546,1782777600,1767139200
CBRE,"CBRE Group, Inc.",Real Estate,Real Estate Services,United States,USD,USD,42813710336,43711000576,0.155,-0.042,-0.051,0.18574,0.03608,0.029760001,0.05065,0.15798001,4.38,9.09536,33.755707,16.255543,0.9794722,1782777600,1767139200
CCI,Crown Castle Inc.,Real Estate,REIT - Specialty,United States,USD,USD,32262285312,4160999936,-0.049,-0.675,-0.677,0.73732,0.46825,0.20716,0.64648,,2.45,2.88738,30.951021,26.262566,7.7534933,1782777600,1767139200
CCJ,Cameco Corporation,Energy,Uranium,Canada,USD,CAD,43875594240,3474621952,-0.072,-0.921,-0.921,0.35112998,0.09111,0.102139995,0.2298,0.051149998,0.58,1.8914764,173.68965,53.259983,12.627444,1782777600,1767139200
CCL,Carnival Corporation Ltd.,Consumer Cyclical,Travel Services,United States,USD,USD,32200452096,27310999552,0.053,-0.065,-0.05,0.55676997,0.12787,0.11237001,0.26736,0.26689,2.22,2.63263,10.59009,8.930233,1.1790287,1780185600,1764460800
CDE,"Coeur Mining, Inc.",Basic Materials,Gold,United States,USD,USD,21833338880,3171197952,1.259,0.076,0.723,0.56329,0.19387,0.26817,0.51383,0.12848,1.19,2.06031,17.848738,10.309129,6.8848867,1782777600,1767139200
CDNS,"Cadence Design Systems, Inc.",Technology,Software - Application,United States,USD,USD,80731348992,5837622784,0.242,1.254,1.293,0.85871005,0.28575,0.23605,0.36931,0.23229,5.03,9.54363,58.190853,30.669674,13.829491,1782777600,1767139200
CEG,Constellation Energy Corporation,Utilities,Utilities - Independent Power Producers,United States,USD,USD,105923731456,31270000640,0.23,-0.468,-0.389,0.22107,0.086619996,0.110810004,0.2543,0.15055001,10.22,13.34165,29.252445,22.408022,3.3873913,1782777600,1767139200
CELH,"Celsius Holdings, Inc.",Consumer Defensive,Beverages - Non-Alcoholic,United States,USD,USD,7758054400,3047273984,0.106,-0.569,-0.446,0.48759997,0.19087,0.04237,0.22042999,0.05113,0.23,1.74607,133.30435,17.559433,2.5458999,1782777600,1767139200
CENX,Century Aluminum Company,Basic Materials,Aluminum,United States,USD,USD,4630411776,2667200000,0.197,,,0.18889,0.28135002,0.22559,0.17959,0.51749,5.79,12.07604,8.078584,3.8733726,1.7360572,1782777600,1767139200
CF,"CF Industries Holdings, Inc.",Basic Materials,Agricultural Inputs,United States,USD,USD,20180940800,7738999808,0.176,0.996,0.883,0.42486,0.49325,0.27122,0.50044996,0.29867,13.48,10.36604,9.892434,12.864122,2.6076937,1782777600,1767139200
CHD,"Church & Dwight Co., Inc.",Consumer Defensive,Household & Personal Products,United States,USD,USD,23376445440,6229100032,0.016,0.09,0.062,0.45562,0.18065001,0.119569995,0.2175,0.17041,3.12,4.0397,31.58654,24.395376,3.7527804,1782777600,1767139200
CHEF,"The Chefs' Warehouse, Inc.",Consumer Defensive,Food Distribution,United States,USD,USD,4665440256,4391505920,0.129,0.555,0.59,0.24457,0.05017,0.02094,0.059320003,0.15252,2.1,3.0743,54.457146,37.19871,1.0623782,1782432000,1766707200
CHTR,"Charter Communications, Inc.",Communication Services,Telecom Services,United States,USD,USD,20484831232,54395998208,-0.017,0.161,-0.007,0.55189997,0.23503,0.09052,0.40104,0.27201998,38.42,44.10271,3.9560127,3.4462736,0.3765871,1782777600,1767139200
CHWY,"Chewy, Inc.",Consumer Cyclical,Internet Retail,United States,USD,USD,9686976512,12842699776,0.077,0.527,0.519,0.29912,0.03828,0.01987,0.031089999,0.63816,0.6,1.83305,39.43333,12.907449,0.75427884,1777766400,1769904000
CI,The Cigna Group,Healthcare,Healthcare Plans,United States,USD,USD,74653220864,282382008320,0.067,0.102,0.084,0.091359995,0.03985,0.022720002,0.04518,0.16758,24.18,33.48949,11.684036,8.436079,0.2643696,1782777600,1767139200
CIEN,Ciena Corporation,Technology,Communication Equipment,United States,USD,USD,45520535552,6020894208,0.37,4.229,4.296,0.44072,0.18076,0.10869,0.17033,0.22396,4.46,11.57999,71.97309,27.72023,7.5604277,1785542400,1761955200
CL,Colgate-Palmolive Company,Consumer Defensive,Household & Personal Products,United States,USD,USD,70765027328,21046999040,0.049,-0.055,-0.067,0.60431,0.20966,0.096829996,0.23676,2.67367,2.54,4.10802,34.94882,21.60895,3.3622384,1782777600,1767139200
CLF,Cleveland-Cliffs Inc.,Basic Materials,Steel,United States,USD,USD,7131750400,19195000832,0.059,,,-0.01052,0.0034400001,-0.045640003,0.02683,-0.13862,-1.57,0.56516,,22.117632,0.37154207,1782777600,1767139200
CLH,"Clean Harbors, Inc.",Industrials,Waste Management,United States,USD,USD,16738836480,6243574784,0.119,0.364,0.343,0.32257,0.15498,0.07032,0.19167,0.15562001,8.24,9.93778,38.483013,31.908535,2.68097,1782777600,1767139200
CMCSA,Comcast Corporation,Communication Services,Telecom Services,United States,USD,USD,94003388416,124903997440,-0.012,-0.668,-0.683,0.6939,0.17233999,0.08966,0.27278998,0.114879996,3.12,3.62223,8.490385,7.3131742,0.75260514,1782777600,1767139200
CME,CME Group Inc.,Financial Services,Financial Data & Stock Exchanges,United States,USD,USD,101146050560,6757199872,0.008,0.025,0.016,1.0,0.65036005,0.63443,0.70608,0.15802,11.79,12.91347,23.858355,21.78268,14.968634,1782777600,1767139200
CMG,"Chipotle Mexican Grill, Inc.",Consumer Cyclical,Restaurants,United States,USD,USD,46769848320,12423758848,0.093,-0.013,-0.075,0.39361998,0.16108,0.114250004,0.18312,0.49560001,1.08,1.36969,34.22222,26.98421,3.764549,1782777600,1767139200
CMI,Cummins Inc.,Industrials,Specialty Industrial Machinery,United States,USD,USD,77377372160,34708000768,0.094,0.047,0.047,0.25772,0.11896,0.07822,0.14464,0.21114,19.57,34.50403,28.653551,16.251726,2.2293813,1782777600,1767139200
CNC,Centene Corporation,Healthcare,Healthcare Plans,United States,USD,USD,33117425664,180304003072,0.046,,,0.11415,0.0376,-0.02829,0.02555,-0.20358999,-10.36,5.31252,,12.6192465,0.18367548,1782777600,1767139200
CNR,"Core Natural Resources, Inc.",Energy,Thermal Coal,United States,USD,USD,4944763904,4270299904,0.035,,,0.16860001,0.02162,0.02345,0.1291,0.02675,1.99,6.645,50.060303,14.991724,1.157943,1782777600,1767139200
COF,Capital One Financial Corporation,Financial Services,Credit Services,United States,USD,USD,134724608000,48109998080,11.11,,,0.0,0.33629,0.21867001,0.0,0.09031,18.16,24.01402,12.092511,9.144658,2.8003454,1782777600,1767139200
COHR,Coherent Corp.,Technology,Scientific & Technical Instruments,United States,USD,USD,55197274112,7118180864,0.337,,,0.37495998,0.118269995,0.11309,0.19996999,0.07981,4.12,13.95531,68.41262,20.197329,7.7544074,1782777600,1782777600
COIN,"Coinbase Global, Inc.",Financial Services,Financial Data & Stock Exchanges,United States,USD,USD,48714850304,6043752960,-0.173,,,0.8581,-0.13922,-0.16344,0.11575,-0.07847,-3.88,2.7379,,67.438545,8.060365,1782777600,1767139200
COMP,"Compass, Inc.",Real Estate,Real Estate Services,United States,USD,USD,8536207872,10555599872,1.09,0.603,1.359,0.14214,0.03762,0.0063899998,0.03297,0.036259998,0.06,0.84498,185.33333,13.160074,0.80869,1782777600,1767139200
COP,ConocoPhillips,Energy,Oil & Gas E&P,United States,USD,USD,161291567104,64459001856,0.355,1.07,0.994,0.47574002,0.3151,0.144,0.41546002,0.1418,7.56,9.5093,17.759258,14.118809,2.502235,1782777600,1767139200
COR,"Cencora, Inc.",Healthcare,Medical Distribution,United States,USD,USD,63154253824,332771328000,0.051,0.119,0.111,0.03961,0.014149999,0.00789,0.01667,0.96871,13.47,19.7788,24.569414,16.732563,0.18978274,1782777600,1759190400
COST,Costco Wholesale Corporation,Consumer Defensive,Discount Stores,United States,USD,USD,406111289344,293586993152,0.215,0.455,0.456,0.12876001,0.036730003,0.0301,0.04697,0.29152,19.87,22.62819,46.08656,40.46899,1.3832741,1620518400,1756598400
CRCL,Circle Internet Group,Financial Services,Capital Markets,United States,USD,USD,27818229760,2905438976,0.066,,,0.21997999,0.04899,0.15531999,0.07877,0.15347,4.99,1.59104,20.450903,64.140434,9.574536,1782777600,1767139200
CRDO,Credo Technology Group Holding Ltd,Technology,Semiconductors,Cayman Islands,USD,USD,32058959872,1591044992,1.147,0.971,1.041,0.67067003,0.25198,0.33833,0.34144002,0.30674,2.85,9.62603,59.84913,17.719664,20.149626,1785542400,1777680000
CRH,CRH plc,Basic Materials,Building Materials,Ireland,USD,USD,62709714944,38632001536,0.056,0.139,0.127,0.3625,0.19022,0.099350005,0.20014,0.15812,5.66,6.60399,16.653711,14.27319,1.6232582,1782777600,1767139200
CRM,"Salesforce, Inc.",Technology,Software - Application,United States,USD,USD,213346304000,43938000896,0.108,1.189,0.869,0.77282,0.21375,0.2199,0.29357,0.19381,10.91,16.00824,23.76077,16.193537,4.8556213,1785456000,1769817600
CRSP,CRISPR Therapeutics AG,Healthcare,Biotechnology,Switzerland,USD,USD,5394483200,13392000,10.414,,,0.0,-11.27551,0.0,0.0,-0.26095,-4.71,-3.49732,,-15.952215,402.81387,1782777600,1767139200
CRVS,"Corvus Pharmaceuticals, Inc.",Healthcare,Biotechnology,United States,USD,USD,1210500352,,,,,0.0,0.0,0.0,0.0,-0.3543,-0.64,-1.0675,,-13.480094,,1782777600,1767139200
CRWD,"CrowdStrike Holdings, Inc.",Technology,Software - Infrastructure,United States,USD,USD,218200522752,5396145152,0.258,,,0.75185996,-0.02259,0.00834,0.0198,0.01461,0.04,1.6036,5327.5005,132.8885,40.43637,1785456000,1769817600
CRWV,"CoreWeave, Inc.",Technology,Software - Infrastructure,United States,USD,USD,49285308416,7590000128,1.125,,,0.67418,-0.01903,-0.25402,0.49921,-0.43596,-3.55,-1.9486,,-45.858562,6.493453,1782777600,1767139200
CSCO,"Cisco Systems, Inc.",Technology,Communication Equipment,United States,USD,USD,430530461696,63324999680,0.176,0.521,0.513,0.64524,0.27719,0.20951,0.29439,0.27319,3.33,5.60226,32.792793,19.492132,6.798744,1784937600,1784937600
CSX,CSX Corporation,Industrials,Railroads,United States,USD,USD,91530780672,14512000000,0.101,0.227,0.209,0.47070998,0.38424,0.22208999,0.47070998,0.24357,1.72,2.27151,28.726744,21.752052,6.3072476,1782777600,1767139200
CTAS,Cintas Corporation,Industrials,Specialty Business Services,United States,USD,USD,80221995008,11264760832,0.089,0.156,0.14,0.50668997,0.23688,0.17754,0.26587,0.40714002,4.91,6.11397,40.828922,32.788845,7.1215,1780185600,1780185600
CTSH,Cognizant Technology Solutions Corporation,Technology,Information Technology Services,United States,USD,USD,29472630784,21642000384,0.045,0.038,-0.014,0.3344,0.17479,0.10258,0.18649,0.14924,4.66,6.32016,13.371245,9.858928,1.3618256,1782777600,1767139200
CTVA,"Corteva, Inc.",Basic Materials,Agricultural Inputs,United States,USD,USD,58619842560,17812000768,-0.012,-0.099,-0.116,0.4954,0.3013,0.056649998,0.24001,0.04256,1.65,4.12102,53.248486,21.319965,3.291031,1782777600,1767139200
CVS,CVS Health Corporation,Healthcare,Healthcare Plans,United States,USD,USD,123727593472,412644999168,0.071,1.888,1.918,0.13645001,0.03861,0.011849999,0.04042,0.06205,3.79,8.51266,25.525066,11.36425,0.29984027,1782777600,1767139200
CVX,Chevron Corporation,Energy,Oil & Gas Integrated,United States,USD,USD,409190465536,209383997440,0.535,3.219,3.848,0.44267,0.21866,0.09834,0.24195999,0.12231,10.39,13.43017,20.076998,15.532194,1.9542586,1782777600,1767139200
CWST,"Casella Waste Systems, Inc.",Industrials,Waste Management,United States,USD,USD,5952253440,1955481984,0.169,-0.259,-0.276,0.3342,0.0499,0.0029199999,0.21428,0.00364,0.08,1.46719,1169.125,63.747707,3.0438805,1782777600,1767139200
CWT,California Water Service Group,Utilities,Utilities - Regulated Water,United States,USD,USD,3093810176,1054382016,0.165,0.314,0.339,0.53286,0.28211,0.12634,0.34268,0.07677,2.23,2.75,22.434977,18.192726,2.9342403,1782777600,1767139200
D,"Dominion Energy, Inc.",Utilities,Utilities - Regulated Electric,United States,USD,USD,57907986432,18119000064,0.176,-0.58,-0.553,0.46222,0.29219,0.13984999,0.46035,0.08281,2.89,3.81541,22.782005,17.256336,3.1959813,1782777600,1767139200
DAL,"Delta Air Lines, Inc.",Industrials,Airlines,United States,USD,USD,52721639424,68287000576,0.187,-0.254,-0.247,0.187,0.07921,0.05784,0.10993,0.20125,6.03,8.69408,13.29519,9.221216,0.7720597,1782777600,1767139200
DDOG,"Datadog, Inc.",Technology,Software - Application,United States,USD,USD,76457836544,3966725120,0.356,14.985,15.833,0.79536,0.00666,0.044770002,0.0209,0.04696,0.49,2.96847,434.551,71.73055,19.274801,1782777600,1767139200
DE,Deere & Company,Industrials,Farm & Heavy Construction Machinery,United States,USD,USD,186993311744,47927001088,-0.111,-0.085,-0.098,0.25184,0.17479,0.10168,0.17944,0.18242,17.96,22.68547,38.61526,30.571552,3.9016275,1596326400,1762041600
DECK,Deckers Outdoor Corporation,Consumer Cyclical,Footwear & Accessories,United States,USD,USD,11685765120,5527288832,0.057,0.011,-0.066,0.57804,0.15233,0.18361,0.24008,0.42558,7.03,8.36305,12.206258,10.26061,2.1141949,1782777600,1774915200
DELL,Dell Technologies Inc.,Technology,Computer Hardware,United States,USD,USD,338669076480,151197007872,0.577,2.729,2.551,0.19893,0.11465,0.07525,0.11576,,17.19,28.60667,30.490984,18.3223,2.2399192,1785456000,1769731200
DEO,Diageo plc,Consumer Defensive,Beverages - Wineries & Distilleries,United Kingdom,USD,USD,49580720128,19643000832,-0.017,,,0.59818,0.27039,0.08843,0.32729,0.14985,3.11,6.87809,28.67846,12.967263,2.524091,1782777600,1782777600
DHI,"D.R. Horton, Inc.",Consumer Cyclical,Residential Construction,United States,USD,USD,39927357440,33350000640,0.0,-0.048,-0.117,0.21298,0.1299,0.09154,0.12376001,0.12632,10.49,11.76687,13.608198,12.131519,1.1972221,1782777600,1759190400
DHR,Danaher Corporation,Healthcare,Diagnostics & Research,United States,USD,USD,145982078976,25106999296,0.055,0.597,0.568,0.58752996,0.19777,0.15948,0.31975,0.07605,5.61,9.29573,37.01604,22.33929,5.814398,1782432000,1767139200
DINO,HF Sinclair Corporation,Energy,Oil & Gas Refining & Marketing,United States,USD,USD,18740197376,31228000256,0.532,3.502,3.288,0.12892,0.11694,0.06132,0.10266,0.19504999,10.49,9.61552,10.048618,10.962486,0.6001088,1782777600,1767139200
DIS,The Walt Disney Company,Communication Services,Entertainment,United States,USD,USD,181837381632,98860998656,0.068,-0.483,-0.499,0.37595,0.19301,0.086990006,0.21205,0.0801,4.85,7.47471,21.713402,14.0888405,1.8393238,1782518400,1758931200
DKNG,DraftKings Inc.,Consumer Cyclical,Gambling,United States,USD,USD,11919861760,6222522880,-0.046,,,0.76129997,-0.04724,-0.026819998,0.01974,-0.21139,-0.35,1.64213,,14.621254,1.9155995,1782777600,1767139200
DLR,"Digital Realty Trust, Inc.",Real Estate,REIT - Specialty,United States,USD,USD,71148068864,6757036032,0.299,-0.587,-0.561,0.56994,0.25882,0.11825,0.47511002,0.02912,2.05,2.8913,91.89756,65.15754,10.529479,1782777600,1767139200
DNLI,Denali Therapeutics Inc.,Healthcare,Biotechnology,United States,USD,USD,3561400320,3604000,,,,0.0,-36.01304,0.0,0.0,-0.54929,-2.84,-2.43361,,-9.155124,988.1799,1782777600,1767139200
DNN,Denison Mines Corp.,Energy,Uranium,Canada,USD,CAD,3095981056,4093000,-0.436,1.828,1.045,-0.90911,-25.175,0.0,0.0,-0.66823995,-0.22,-0.039225616,,-87.18793,756.40875,1782777600,1767139200
DOC,"Healthpeak Properties, Inc.",Real Estate,REIT - Healthcare Facilities,United States,USD,USD,14639760384,2949806080,0.111,0.682,0.668,0.57648,0.1599,0.08248,0.5325,0.03039,0.35,0.14,59.0,147.5,4.962957,1782777600,1767139200
DOCS,"Doximity, Inc.",Healthcare,Health Information Services,United States,USD,USD,4696781824,655568000,0.073,-0.519,-0.544,0.88068,0.21539,0.25481,0.3179,0.17206,0.84,1.54936,31.36905,17.007023,7.1644464,1782777600,1774915200
DOW,Dow Inc.,Basic Materials,Chemicals,United States,USD,USD,21265711104,41318998016,0.197,,,0.09787,0.11594,-0.03129,0.09591,-0.0554,-1.83,1.83582,,16.03643,0.5146715,1782777600,1767139200
DRI,"Darden Restaurants, Inc.",Consumer Cyclical,Restaurants,United States,USD,USD,24624936960,13210900480,0.137,0.36,0.333,0.21667999,0.14142,0.09134,0.1601,0.53718,10.43,12.3891,20.793863,17.50571,1.8639863,1780185600,1780185600
DTIL,"Precision BioSciences, Inc.",Healthcare,Biotechnology,United States,USD,USD,206183600,45055000,,,,1.0,-0.80779,-1.17039,-0.78011,-1.35146,-1.32,-1.86,,-4.016129,4.5762644,1782777600,1767139200
DUK,Duke Energy Corporation,Utilities,Utilities - Regulated Electric,United States,USD,USD,93735796736,32803000320,0.011,0.106,0.11,0.51971,0.27503002,0.15995,0.50657004,0.098570004,6.64,7.17232,18.105423,16.761662,2.8575373,1782777600,1767139200
DUOL,"Duolingo, Inc.",Technology,Software - Application,United States,USD,USD,7226607104,1145001984,0.183,-0.275,-0.26,0.72717005,0.11684,0.35875,0.15636,0.3442,8.46,7.63905,18.257685,20.219793,6.311436,1782777600,1767139200
DVN,Devon Energy Corporation,Energy,Oil & Gas E&P,United States,USD,USD,52866002944,18780999680,0.642,0.44,1.126,0.50349,0.41077,0.17464,0.47516,0.11522,4.6,5.42477,10.447826,8.859363,2.8148663,1782777600,1767139200
EBAY,eBay Inc.,Consumer Cyclical,Internet Retail,United States,USD,USD,46017449984,12007999488,0.148,0.55,0.511,0.72052,0.2157,0.18571,0.25783002,0.46611,4.76,6.73289,21.72479,15.3589325,3.832233,1782777600,1767139200
ECL,Ecolab Inc.,Basic Materials,Specialty Chemicals,United States,USD,USD,78290173952,16842500096,0.097,0.033,0.02,0.44210997,0.18521999,0.12566,0.24555,0.21956,7.46,9.41776,37.436996,29.65461,4.6483703,1782777600,1767139200
EE,"Excelerate Energy, Inc.",Energy,Oil & Gas Midstream,United States,USD,USD,4539486208,1471320960,0.61,1.467,1.554,0.37476003,0.24569,0.03227,0.30901,0.087840006,1.46,2.2408,27.417807,17.864157,3.0853133,1782777600,1767139200
EGP,"EastGroup Properties, Inc.",Real Estate,REIT - Industrial,United States,USD,USD,10680456192,751425024,0.091,0.167,0.193,0.73607004,0.40761003,0.40567002,0.65400004,0.08732,5.68,5.55326,34.96831,35.76638,14.213602,1782777600,1767139200
EHC,Encompass Health Corporation,Healthcare,Medical Care Facilities,United States,USD,USD,12014995456,6206099968,0.096,0.108,0.083,0.43865,0.18054001,0.10005999,0.23582001,0.24968,5.99,6.678,20.332222,18.237497,1.9359977,1782777600,1767139200
EL,The Estée Lauder Companies Inc.,Consumer Defensive,Household & Personal Products,United States,USD,USD,37576019968,15048999936,0.063,,,0.75487,0.07003,0.01209,0.16313,0.04745,0.5,3.91352,207.72,26.538767,2.4969115,1782777600,1782777600
ELV,"Elevance Health, Inc.",Healthcare,Healthcare Plans,United States,USD,USD,88374239232,201113993216,0.014,-0.131,-0.161,0.2599,0.04559,0.02468,0.041389998,0.11133,22.62,29.60546,18.01503,13.764354,0.43942362,1782777600,1767139200
EME,"EMCOR Group, Inc.",Industrials,Engineering & Construction,United States,USD,USD,33265920000,18597775360,0.198,0.348,0.336,0.19426,0.10618,0.07738,0.107030004,0.40348998,32.13,36.74899,23.472143,20.521925,1.7887043,1782777600,1767139200
EMR,Emerson Electric Co.,Industrials,Specialty Industrial Machinery,United States,USD,USD,85594480640,18635999232,0.07,0.23,0.225,0.53161,0.26924,0.13828,0.32507,0.128,4.57,7.24459,33.439827,21.094362,4.592964,1782777600,1759190400
ENPH,"Enphase Energy, Inc.",Technology,Solar,United States,USD,USD,4793501184,1328502016,-0.196,-0.035,-0.026,0.30037,0.17981,0.100880004,0.14437,0.12996,1.01,2.27428,36.0099,15.991874,3.6082,1782777600,1767139200
EOG,"EOG Resources, Inc.",Energy,Oil & Gas E&P,United States,USD,USD,77332340736,26720999424,0.587,1.094,1.025,0.62636,0.40717998,0.25733,0.54245996,0.22507,12.85,14.35556,11.298833,10.113852,2.894066,1782777600,1767139200
EPAM,"EPAM Systems, Inc.",Technology,Information Technology Services,United States,USD,USD,6037740032,5616749056,0.045,0.263,0.17,0.29451,0.10936,0.07151,0.13413,0.111770004,7.37,14.06159,15.880597,8.323383,1.0749528,1782777600,1767139200
EPD,Enterprise Products Partners L.P.,Energy,Oil & Gas Midstream,United States,USD,USD,84090044416,58470998016,0.608,0.285,0.282,0.13325,0.11763,0.107880004,0.17628,0.20852,2.89,3.16645,13.474048,12.297683,1.4381497,1782777600,1767139200
EQH,"Equitable Holdings, Inc.",Financial Services,Asset Management,United States,USD,USD,14445676544,10620000256,-0.298,,,0.12768,-0.26357,-0.08719,0.04595,-0.25131,-3.29,9.02265,,5.8696723,1.3602332,1782777600,1767139200
EQIX,"Equinix, Inc.",Real Estate,REIT - Specialty,United States,USD,USD,102221889536,9904000000,0.167,0.288,0.302,0.51979,0.27021998,0.15479,0.4584,0.10735,15.54,18.69286,66.66538,55.42116,10.321273,1782777600,1767139200
ET,Energy Transfer LP,Energy,Oil & Gas Midstream,United States,USD,USD,74030940160,107378999296,0.784,0.853,0.795,0.17509001,0.1041,0.04921,0.15972,0.14562,1.46,1.7498,14.7260275,12.287119,0.68943596,1782777600,1767139200
ETN,Eaton Corporation plc,Industrials,Specialty Industrial Machinery,Ireland,USD,USD,159533056000,30026000384,0.214,-0.159,-0.164,0.36022,0.16563,0.12752,0.22111,0.19684,9.82,16.06702,41.83809,25.571014,5.3131638,1782777600,1767139200
EVR,Evercore Inc.,Financial Services,Capital Markets,United States,USD,USD,11457341440,4709992960,0.188,-0.017,-0.02,0.93934995,0.16955,0.15818,0.0,0.39504,17.76,22.58331,16.774775,13.192044,2.4325602,1782777600,1767139200
EXR,Extra Space Storage Inc.,Real Estate,REIT - Industrial,United States,USD,USD,30732828672,3511115008,0.038,0.06,0.055,0.74919,0.45882,0.2728,0.65809995,0.06953,4.53,4.80689,30.739513,28.968834,8.753011,1782777600,1767139200
F,Ford Motor Company,Consumer Cyclical,Auto Manufacturers,United States,USD,USD,58298650624,187972993024,-0.038,,,0.07115,0.018819999,-0.03935,0.04066,-0.18252,-1.87,1.91536,,7.63303,0.31014377,1782777600,1767139200
FANG,"Diamondback Energy, Inc.",Energy,Oil & Gas E&P,United States,USD,USD,56043237376,16248000512,0.525,1.795,1.692,0.72353995,0.48466998,0.09029,0.72501,0.034930002,5.26,18.08368,37.874523,11.016563,3.449239,1782777600,1767139200
FATE,"Fate Therapeutics, Inc.",Healthcare,Biotechnology,United States,USD,USD,297154880,6491000,0.092,,,0.0,-14.953891,0.0,0.0,-0.6075,-1.05,-0.9675,,-2.5633075,45.779522,1782777600,1767139200
FCX,Freeport-McMoRan Inc.,Basic Materials,Copper,United States,USD,USD,104441561088,25867999232,-0.073,0.281,0.275,0.38275,0.33404,0.113850005,0.36933997,0.14755,2.04,4.13538,35.651962,17.587261,4.0374813,1782777600,1767139200
FDX,FedEx Corporation,Industrials,Integrated Freight & Logistics,United States,USD,USD,76330942464,94720000000,0.125,-0.043,-0.031,0.27318,0.11129,0.0468,0.12504,0.14846,18.54,20.84071,17.395899,15.47548,0.8058588,1780185600,1780185600
FLEX,Flex Ltd.,Technology,Electronic Components,United States,USD,USD,40453320704,29266999296,0.206,0.52,0.484,0.0953,0.0497,0.03325,0.07254,0.18378,2.58,7.11111,42.44574,15.399846,1.3822162,1782432000,1774915200
FLR,Fluor Corporation,Industrials,Engineering & Construction,United States,USD,USD,7510898176,15534999552,0.088,-0.945,-0.954,-0.00798,0.03257,-0.12848,-0.015,-0.45167,-11.69,3.36608,,16.684095,0.48348236,1782777600,1767139200
FLUT,Flutter Entertainment plc,Consumer Cyclical,Gambling,United States,USD,USD,17372999680,17160999936,0.033,,,0.42457,-0.03329,-0.04394,0.092480004,-0.07874,-4.26,7.42519,,13.482484,1.0123535,1782777600,1767139200
FN,Fabrinet,Technology,Electronic Components,Cayman Islands,USD,USD,14599122944,4641097216,0.446,0.581,0.597,0.11991,0.10231,0.10192,0.114350006,0.21326,13.04,21.78772,31.24233,18.698606,3.145619,1782432000,1782432000
FORM,"FormFactor, Inc.",Technology,Semiconductor Equipment & Materials,United States,USD,USD,8099500544,902225024,0.319,5.025,5.186,0.46182,0.24122,0.12798001,0.20701,0.10989001,1.45,3.475,71.655174,29.899282,8.977251,1782518400,1766793600
FR,"First Industrial Realty Trust, Inc.",Real Estate,REIT - Industrial,United States,USD,USD,8474467328,760369984,0.084,0.393,0.397,0.73745,0.45097,0.47917998,0.68461,0.1363,2.75,1.86271,22.490908,33.204308,11.145189,1782777600,1767139200
FRT,Federal Realty Investment Trust,Real Estate,REIT - Retail,United States,USD,USD,10177274880,1335422976,0.072,-0.456,-0.45,0.68136,0.35035,0.32663,0.62729,0.12550999,4.95,3.19169,23.654545,36.685894,7.621012,1782777600,1767139200
FSLR,"First Solar, Inc.",Technology,Solar,United States,USD,USD,21972199424,5378071040,-0.037,0.233,0.236,0.44015998,0.42641997,0.32465,0.44362998,0.18509,16.21,23.11293,12.612585,8.845697,4.085517,1782777600,1767139200
FTNT,"Fortinet, Inc.",Technology,Software - Infrastructure,United States,USD,USD,114672107520,7527399936,0.256,0.439,0.378,0.80204004,0.33595002,0.28173,0.34485,1.17442,2.83,3.7711,55.226147,41.444138,15.23396,1782777600,1767139200
FWONK,Formula One Group,Communication Services,Entertainment,United States,USD,USD,23942660096,4020999936,0.183,-0.497,-0.436,0.32579,0.15955,0.055209998,0.21313,0.0273,0.81,1.88007,117.90124,50.795982,5.9544044,1759190400,1735603200
GD,General Dynamics Corporation,Industrials,Aerospace & Defense,United States,USD,USD,97235550208,54861000704,0.081,0.134,0.144,0.15375,0.1038,0.08179,0.12091,0.17803,16.39,18.5705,21.927397,19.352737,1.7723984,1783209600,1767139200
GEV,GE Vernova Inc.,Industrials,Specialty Industrial Machinery,United States,USD,USD,250872922112,41366999040,0.219,0.328,0.3,0.2057,0.07466,0.23035,0.09493,0.82577,34.85,25.27552,27.028696,37.267284,6.0645666,1782777600,1767139200
GFS,GLOBALFOUNDRIES Inc.,Technology,Semiconductors,United States,USD,USD,24809037824,6937999872,0.058,-0.268,-0.272,0.2714,0.09742,0.103199996,0.28553,0.061690003,1.28,2.61601,35.320312,17.282043,3.57582,1782777600,1767139200
GILD,"Gilead Sciences, Inc.",Healthcare,Drug Manufacturers - General,United States,USD,USD,187227029504,30456999936,0.102,,,0.79603994,0.33679,-0.10637999,0.47939998,-0.2068,-2.66,9.88806,,15.270437,6.147258,1782777600,1767139200
GIS,"General Mills, Inc.",Consumer Defensive,Packaged Foods,United States,USD,USD,20470962176,18424600576,0.022,-0.145,-0.133,0.33733,0.19194001,-0.00475,0.18722999,-0.01028,-0.16,3.20989,,11.928759,1.1110668,1527379200,1780185600
GLNG,Golar LNG Limited,Energy,Oil & Gas Midstream,Bermuda,USD,USD,5321295360,523380000,0.724,1.208,1.447,0.63721,0.5115,0.31274,0.63622004,0.101169996,1.46,0.5049,35.698627,103.22836,10.167173,1782777600,1767139200
GLPI,"Gaming and Leisure Properties, Inc.",Real Estate,REIT - Specialty,United States,USD,USD,12555059200,1655144960,0.09,0.479,0.508,1.02151,0.77479,0.58529,0.99555,0.19354999,3.42,3.32861,12.257309,12.593845,7.585474,1782777600,1767139200
GLW,Corning Incorporated,Technology,Electronic Components,United States,USD,USD,132642119680,16963999744,0.166,0.185,0.192,0.36395,0.15649,0.111999996,0.2408,0.16813,2.18,4.32048,70.779816,35.713627,7.8190355,1782777600,1767139200
GM,General Motors Company,Consumer Cyclical,Auto Manufacturers,United States,USD,USD,79374663680,185527992320,0.019,-0.262,-0.311,0.10177,0.03202,0.01051,0.08873,0.03164,2.24,14.83885,39.178574,5.914205,0.4278312,1782777600,1767139200
GNRC,Generac Holdings Inc.,Industrials,Specialty Industrial Machinery,United States,USD,USD,11054706688,4438731776,0.106,0.92,0.935,0.39539,0.17932,0.05817,0.14333999,0.09491,4.35,11.82023,43.06897,15.849947,2.4905102,1782777600,1767139200
GOLD,"Gold.com, Inc.",Financial Services,Capital Markets,United States,USD,USD,1343365248,25513408512,0.992,0.006,0.178,0.017760001,0.0044400003,0.0032300001,0.00696,0.108,3.02,3.73,15.274835,12.367292,0.052653305,1782777600,1782777600
GOOGL,Alphabet Inc.,Communication Services,Internet Content & Information,United States,USD,USD,4139343675392,445865984000,0.242,2.94,2.979,0.60897,0.34033,0.54771,0.38838002,0.48676,19.94,14.85423,16.97392,22.785429,9.28383,1782777600,1767139200
GPN,Global Payments Inc.,Industrials,Specialty Business Services,United States,USD,USD,24487786496,10206745600,0.686,-0.952,-0.946,0.63959,0.16108,-0.091529995,0.43914002,0.02428,2.11,15.99196,43.857822,5.786658,2.3991768,1782777600,1767139200
GS,"The Goldman Sachs Group, Inc.",Financial Services,Capital Markets,United States,USD,USD,302413512704,67569999872,0.425,0.923,0.78,0.82075995,0.42176998,0.31039,0.0,0.16902,64.81,74.03244,16.02546,14.02912,4.4755588,1782777600,1767139200
HAL,Halliburton Company,Energy,Oil & Gas Equipment & Services,United States,USD,USD,30968195072,22372999168,0.037,0.161,0.131,0.15076,0.12793,0.0716,0.185,0.14917,1.91,2.90207,19.408377,12.773641,1.3841772,1782777600,1767139200
HBM,Hudbay Minerals Inc.,Basic Materials,Copper,Canada,USD,USD,12182891520,2468300032,0.177,0.141,0.167,0.56569,0.32584,0.27476,0.46453,0.16740999,1.63,1.92945,16.82822,14.216487,4.935742,1782777600,1767139200
HCA,"HCA Healthcare, Inc.",Healthcare,Medical Care Facilities,United States,USD,USD,89845121024,78012997632,0.087,0.116,0.028,0.42580003,0.15161,0.08768,0.20185,,29.81,32.06518,13.586045,12.630523,1.1516687,1782777600,1767139200
HCC,"Warrior Met Coal, Inc.",Basic Materials,Coking Coal,United States,USD,USD,5515177984,1682455040,0.713,14.478,14.596,0.30597,0.18545,0.13036,0.26427,0.10037,4.16,6.83445,25.108173,15.282868,3.2780538,1782777600,1767139200
HD,"The Home Depot, Inc.",Consumer Cyclical,Home Improvement Retail,United States,USD,USD,320308248576,169176006656,0.057,0.046,0.047,0.32801,0.12858,0.0841,0.14569001,1.0429599,14.29,16.03774,22.466759,20.018404,1.8933432,1785628800,1769904000
HIMS,"Hims & Hers Health, Inc.",Healthcare,Drug Manufacturers - Specialty & Generic,United States,USD,USD,6465114112,2578112000,0.382,,,0.69528997,-0.12751001,-0.05509,-0.0039500003,-0.32033002,-0.64,0.76223,,36.353855,2.5076933,1782777600,1767139200
HIW,"Highwoods Properties, Inc.",Real Estate,REIT - Office,United States,USD,USD,3503159552,838857024,0.075,4.002,3.988,0.67342,0.26328,0.20107001,0.5754,0.06815,1.51,0.7,20.65563,44.557144,4.1761103,1782777600,1767139200
HL,Hecla Mining Company,Basic Materials,Other Precious Metals & Mining,United States,USD,USD,13870331904,1743976960,0.524,0.929,1.043,0.61395,0.4427,0.19150999,0.5559,0.22173999,0.83,1.06385,24.915663,19.43883,7.953277,1782777600,1767139200
HLT,Hilton Worldwide Holdings Inc.,Consumer Cyclical,Lodging,United States,USD,USD,70035701760,5104000000,0.025,0.141,0.095,0.79036003,0.62987,0.31034002,0.60502,,6.81,10.45523,45.694565,29.763094,13.721728,1782777600,1767139200
HON,Honeywell International Inc.,Industrials,Conglomerates,United States,USD,USD,66433794048,38057000960,0.043,2.639,2.619,0.36511,0.20249,0.21581,0.22365999,0.46577,26.01,9.95118,8.058824,21.063833,1.7456392,1782777600,1767139200
HOOD,"Robinhood Markets, Inc.",Financial Services,Capital Markets,United States,USD,USD,109786939392,4931999744,0.323,0.476,0.453,0.9189,0.43884,0.42011002,0.0,0.23618999,2.26,3.29702,54.030975,37.036476,22.260126,1782777600,1767139200
HPE,Hewlett Packard Enterprise Company,Technology,Communication Equipment,United States,USD,USD,69028167680,41870999552,0.337,4.102,4.049,0.36622003,0.12560001,0.06666,0.16455,0.10936,1.94,4.55625,26.804123,11.412894,1.6485914,1785456000,1761868800
HRB,"H&R Block, Inc.",Consumer Cyclical,Personal Services,United States,USD,USD,6047426048,3945392128,0.03,0.045,-0.019,0.4433,0.3291,0.18594,0.2611,7.13542,5.69,6.906,8.622145,7.1039677,1.532782,1782777600,1782777600
HSY,The Hershey Company,Consumer Defensive,Confectioners,United States,USD,USD,34790277120,12163911680,0.066,6.31,6.297,0.38377,0.23119,0.12242,0.22375,0.32808998,7.32,9.86822,23.65437,17.546223,2.8601224,1782604800,1767139200
HTO,H2O America,Utilities,Utilities - Regulated Water,United States,USD,USD,2692229632,828502976,0.062,-0.126,0.078,0.56912,0.21260001,0.12909001,0.38237,0.06463,2.84,2.70883,22.647888,23.744568,3.249511,1782777600,1767139200
HUBB,Hubbell Incorporated,Industrials,Electrical Equipment & Parts,United States,USD,USD,24345262080,6223600128,0.153,-0.009,-0.016,0.35338002,0.21666999,0.14491999,0.24351,0.24444,16.91,22.91317,27.245417,20.107214,3.911765,1782777600,1767139200
HUM,Humana Inc.,Healthcare,Healthcare Plans,United States,USD,USD,48217047040,145679007744,0.262,0.271,0.273,0.13653,0.034649998,0.00878,0.02468,0.06893,10.56,16.56803,38.02462,24.235834,0.33098143,1782777600,1767139200
IBM,International Business Machines Corporation,Technology,Information Technology Services,United States,USD,USD,221297950720,69094998016,0.011,-0.018,-0.013,0.58098,0.16548,0.15522,0.23841,0.34460998,11.25,13.16241,20.87911,17.845516,3.2028072,1782777600,1767139200
ICE,"Intercontinental Exchange, Inc.",Financial Services,Financial Data & Stock Exchanges,United States,USD,USD,90530471936,10558000128,0.048,0.142,0.126,1.0,0.52626,0.38246,0.63592,0.14094,7.1,8.80088,22.712675,18.323166,8.574585,1782777600,1767139200
ILMN,"Illumina, Inc.",Healthcare,Diagnostics & Research,United States,USD,USD,32951220224,4494000128,0.094,-0.094,-0.119,0.67934996,0.21139,0.18336001,0.25701,0.32339,5.37,6.09835,40.63687,35.78345,7.3322697,1782604800,1766880000
INFY,Infosys Limited,Technology,Information Technology Services,India,USD,USD,47388504064,20298999808,0.029,0.053,0.012,0.29676,0.21173,0.16370001,0.2208,0.32,0.81,0.84893,14.444444,13.782055,2.3345242,1782777600,1774915200
INGR,Ingredion Incorporated,Consumer Defensive,Packaged Foods,United States,USD,USD,6385858560,7215000064,0.009,-0.405,-0.418,0.23728001,0.12595001,0.082049996,0.15994,0.13693,9.2,11.3488,11.006522,8.922529,0.8850809,1782777600,1767139200
INTC,Intel Corporation,Technology,Semiconductors,United States,USD,USD,506408894464,57031999488,0.254,,,0.38873002,0.12189999,-0.19794,0.29527,-0.10715,-2.09,2.04217,,46.910885,8.879382,1782518400,1766793600
INVH,Invitation Homes Inc.,Real Estate,REIT - Residential,United States,USD,USD,16864851968,2848004096,0.101,0.605,0.553,0.56262,0.25115,0.23197001,0.5268,0.070539996,1.09,0.68316,26.04587,41.55688,5.921639,1782777600,1767139200
IONQ,"IonQ, Inc.",Technology,Computer Hardware,United States,USD,USD,16010960896,246474000,2.868,,,0.30854,-4.08174,0.0,0.0,-0.60483,-3.87,-1.21473,,-32.533978,64.96004,1782777600,1767139200
IONS,"Ionis Pharmaceuticals, Inc.",Healthcare,Biotechnology,United States,USD,USD,9653647360,874092992,-0.407,,,-0.06933,-0.38176,-0.64658,-0.66296,-1.05496,-3.48,-1.084,,-53.588562,11.0441885,1782777600,1767139200
IOVA,"Iovance Biotherapeutics, Inc.",Healthcare,Biotechnology,United States,USD,USD,3981618688,324968992,0.657,,,0.48401,-0.52264,-0.89091,-0.79885,-0.40363997,-0.69,-0.28729,,-30.59626,12.252303,1782777600,1767139200
IP,International Paper Company,Consumer Cyclical,Packaging & Containers,United States,USD,USD,19721183232,24202999808,-0.022,,,0.29608,0.02298,-0.14205,0.16254,-0.16479,-5.39,2.9898,,12.455684,0.8148239,1782777600,1767139200
IPGP,IPG Photonics Corporation,Technology,Semiconductor Equipment & Materials,United States,USD,USD,3310601984,1069340032,0.111,-0.228,-0.206,0.37877998,0.05904,0.02577,0.09762,0.01302,0.65,2.28571,120.00001,34.12506,3.09593,1782777600,1767139200
IREN,IREN Limited,Financial Services,Capital Markets,Australia,USD,USD,17606541312,707006976,-0.267,,,0.68924004,-1.0247,-0.9938,0.05424,-0.23409,-2.22,-0.265,,-168.60379,24.902924,1782777600,1782777600
ISRG,"Intuitive Surgical, Inc.",Healthcare,Medical Instruments & Supplies,United States,USD,USD,131380568064,11034399744,0.185,0.265,0.243,0.66679,0.33603,0.28445998,0.37889,0.17423001,8.73,12.07083,42.004585,30.37902,11.906453,1782777600,1767139200
J,Jacobs Solutions Inc.,Industrials,Engineering & Construction,United States,USD,USD,17266966528,14219215872,0.345,-0.254,-0.24,0.22067,0.07387,0.0238,0.0743,0.07998,3.01,8.25885,48.581394,17.705854,1.2143403,1782432000,1758844800
JBHT,"J.B. Hunt Transport Services, Inc.",Industrials,Integrated Freight & Logistics,United States,USD,USD,25707001856,12701309952,0.194,0.458,0.407,0.18505,0.07423,0.05311,0.13179,0.18448,7.04,10.11542,38.887783,27.06462,2.0239646,1782777600,1767139200
JBL,Jabil Inc.,Technology,Electronic Components,United States,USD,USD,32543727616,33589999616,0.118,0.276,0.239,0.092259996,0.05211,0.02566,0.07136,0.65876,7.98,16.83614,38.91855,18.446629,0.9688517,1780185600,1756598400
JCI,Johnson Controls International plc,Industrials,Building Products & Equipment,Ireland,USD,USD,87796162560,24995000320,0.093,0.153,0.068,0.36651,0.15875,0.14319,0.17302999,0.14332,3.55,6.04984,40.82817,23.957659,3.512549,1782777600,1759190400
JEF,Jefferies Financial Group Inc.,Financial Services,Capital Markets,United States,USD,USD,11233340416,5402596864,0.35,1.598,1.578,0.02625,0.16941,0.23019,0.0,,3.58,4.54146,15.427375,12.161287,2.0792484,1780185600,1764460800
JLL,Jones Lang LaSalle Incorporated,Real Estate,Real Estate Services,United States,USD,USD,16671350784,27433500672,0.108,0.978,0.92,0.51232,0.045700002,0.03642,0.06145,0.13520001,20.84,28.40976,17.387714,12.754771,0.60770047,1782777600,1767139200
JNJ,Johnson & Johnson,Healthcare,Drug Manufacturers - General,United States,USD,USD,663276421120,97929003008,0.066,-0.009,-0.001,0.6814,0.2919,0.21482,0.35609,0.25742,8.61,12.3075,31.96632,22.362787,6.7730336,1782604800,1766880000
JPM,JPMorgan Chase & Co.,Financial Services,Banks - Diversified,United States,USD,USD,953331941376,186328006656,0.304,0.469,0.412,0.0,0.50394,0.34921002,0.0,0.17789,23.35,25.00699,15.359315,14.341591,5.116418,1782777600,1767139200
KALU,Kaiser Aluminum Corporation,Basic Materials,Aluminum,United States,USD,USD,2684357376,4135899904,0.527,3.057,3.172,0.14524001,0.10560001,0.05489,0.11103,0.26398,13.48,11.58591,12.180267,14.171524,0.64903826,1782777600,1767139200
KDP,Keurig Dr Pepper Inc.,Consumer Defensive,Beverages - Non-Alcoholic,United States,USD,USD,44349317120,20089999360,0.756,-0.9,-0.74,0.50956,0.12888,0.07103,0.23927,0.051,0.99,2.53468,32.919193,12.857639,2.207532,1782777600,1767139200
KGC,Kinross Gold Corporation,Basic Materials,Gold,Canada,USD,USD,36619251712,8470900224,0.295,0.648,0.591,0.69111,0.52478004,0.37523997,0.63572,0.36991,2.63,3.06021,11.737642,10.0875435,4.322947,1782777600,1767139200
KHC,The Kraft Heinz Company,Consumer Defensive,Packaged Foods,United States,USD,USD,29467719680,24899999744,-0.014,,,0.33498,0.1549,-0.13639,0.2206,-0.0876,-2.88,2.09271,,11.874555,1.1834426,1782518400,1766793600
KIM,Kimco Realty Corporation,Real Estate,REIT - Retail,United States,USD,USD,15830629376,2187133952,0.049,-0.058,-0.059,0.68933,0.36565,0.27759,0.60907,0.05806,0.86,0.896,27.44186,26.339285,7.2380705,1782777600,1767139200
KKR,KKR & Co. Inc.,Financial Services,Asset Management,United States,USD,USD,99498409984,25833117696,0.078,0.4,0.373,0.54767,0.2065,0.12201,0.0,0.0728,3.13,7.40643,34.41853,14.54547,3.8515835,1782777600,1767139200
KLAC,KLA Corporation,Technology,Semiconductor Equipment & Materials,United States,USD,USD,242495094784,13579475968,0.152,0.138,0.133,0.61301,0.42486,0.35574,0.44588003,0.87496,3.66,6.68948,50.710384,27.745058,17.857471,1782777600,1782777600
KMB,Kimberly-Clark Corporation,Consumer Defensive,Household & Personal Products,United States,USD,USD,34840457216,16581999616,0.006,-0.323,-0.322,0.37612998,0.19002001,0.1179,0.20993,1.04913,5.06,7.50302,20.743084,13.989034,2.1011012,1782777600,1767139200
KMI,"Kinder Morgan, Inc.",Energy,Oil & Gas Midstream,United States,USD,USD,69859532800,17959000064,0.108,0.212,0.213,0.49407002,0.30065,0.19305,0.42514,0.109910004,1.55,1.5365,20.258064,20.436056,3.8899455,1782777600,1767139200
KO,The Coca-Cola Company,Consumer Defensive,Beverages - Non-Alcoholic,United States,USD,USD,378925481984,50128998400,0.067,0.169,0.161,0.61888003,0.34873,0.28558,0.33909,0.42054,3.33,3.52638,26.447449,24.974619,7.5590076,1783036800,1767139200
KR,The Kroger Co.,Consumer Defensive,Grocery Stores,United States,USD,USD,35895005184,148645003264,0.022,0.132,0.043,0.23979001,0.03224,0.00708,0.05436,0.13779001,1.71,5.53443,34.263157,10.586456,0.24148141,1779494400,1769817600
KTOS,"Kratos Defense & Security Solutions, Inc.",Industrials,Aerospace & Defense,United States,USD,USD,8967205888,1522499968,0.305,0.074,0.517,0.23002,-0.00174,0.020299999,0.057140004,0.011469999,0.17,1.11739,281.2941,42.796158,5.8897905,1782604800,1766880000
LAMR,Lamar Advertising Company,Real Estate,REIT - Specialty,United States,USD,USD,15309629440,2326225920,0.065,0.039,0.041,0.67430997,0.33283,0.23905,0.45511,0.59433,5.47,6.48,27.561243,23.26543,6.5813165,1782777600,1767139200
LASR,"nLIGHT, Inc.",Technology,Semiconductors,United States,USD,USD,2311069440,310699008,0.338,,,0.31524,-0.04319,-0.040159997,-0.0015199999,-0.03805,-0.24,0.63,,63.587303,7.4382906,1782777600,1767139200
LAZ,"Lazard, Inc.",Financial Services,Capital Markets,United States,USD,USD,4429696000,3199311104,0.001,-0.942,-0.913,0.89509004,0.04829,0.0709,0.0,0.25665,2.03,3.84809,22.167488,11.694114,1.3845781,1782777600,1767139200
LCID,"Lucid Group, Inc.",Consumer Cyclical,Auto Manufacturers,United States,USD,USD,1826401792,1547122048,0.562,,,-1.00603,-2.61009,-2.49214,-2.31946,-1.25992,-13.72,-5.165,,-0.9060987,1.1805156,1782777600,1767139200
LEA,Lear Corporation,Consumer Cyclical,Auto Parts,United States,USD,USD,8966288384,23700600832,0.03,0.239,0.167,0.07696,0.04153,0.023459999,0.07171,0.12094,10.73,17.03891,12.551724,7.904261,0.37831482,1783123200,1767139200
LEGN,Legend Biotech Corporation,Healthcare,Biotechnology,United States,USD,USD,4185390848,1271399936,0.519,,,0.56575,0.1489,-0.07197,-0.03272,-0.080790006,-0.5,1.08,,19.925926,3.2919545,1782777600,1767139200
LEN,Lennar Corporation,Consumer Cyclical,Residential Construction,United States,USD,USD,20134014976,32737234944,-0.052,-0.315,-0.362,0.16363001,0.052750003,0.04934,0.06981,0.07368,6.38,6.46686,13.100313,12.924356,0.6150188,1780185600,1764460800
LEU,Centrus Energy Corp.,Energy,Uranium,United States,USD,USD,3469602560,473900000,0.14,-0.516,-0.419,0.23655,0.053379998,0.102340005,0.02131,0.08053,1.9,3.82257,91.52106,45.490337,7.321381,1782777600,1767139200
LHX,"L3Harris Technologies, Inc.",Industrials,Aerospace & Defense,United States,USD,USD,47754743808,12856000512,1.9,-0.061,0.747,0.30414,0.097270004,0.103690006,0.16693,,9.9,13.46148,25.904043,19.050655,3.714588,1578009600,1767312000
LII,Lennox International Inc.,Industrials,Building Products & Equipment,United States,USD,USD,13496980480,5302199808,0.03,0.001,-0.018,0.33330002,0.22856002,0.14871,0.22081,0.71757007,22.49,26.19922,17.364607,14.906169,2.5455434,1782777600,1767139200
LIN,Linde plc,Basic Materials,Specialty Chemicals,United Kingdom,USD,USD,220150300672,35448999936,0.093,0.113,0.092,0.48348,0.28119,0.20435,0.38991,0.18400998,15.52,19.55573,30.771263,24.420975,6.2103386,1782777600,1767139200
LITE,Lumentum Holdings Inc.,Technology,Communication Equipment,United States,USD,USD,79048572928,3014000128,1.093,,,0.44244,0.27954,-2.3009598,0.26566,-2.40027,-92.97,33.3012,,26.46316,26.227129,1782518400,1782518400
LLY,Eli Lilly and Company,Healthcare,Drug Manufacturers - General,United States,USD,USD,1024490143744,79666003968,0.477,0.262,0.253,0.83399004,0.54222,0.33528998,0.52352,1.02286,29.77,47.25538,38.607994,24.32231,12.859816,1782777600,1767139200
LMT,Lockheed Martin Corporation,Industrials,Aerospace & Defense,United States,USD,USD,121229770752,77013999616,0.105,4.438,4.368,0.11798,0.119569995,0.08163,0.12569,0.89165,27.1,32.71656,19.383026,16.05548,1.5741264,1782604800,1767139200
LNC,Lincoln National Corporation,Financial Services,Insurance - Life,United States,USD,USD,8705110016,19392999424,0.126,0.768,0.906,0.27076998,0.046079997,0.12169,0.0,0.22587,11.87,8.67828,3.8306656,5.2395177,0.448879,1782777600,1767139200
LNG,"Cheniere Energy, Inc.",Energy,Oil & Gas Midstream,United States,USD,USD,60307976192,20920000512,0.227,1.007,0.887,0.3685,0.74996,0.13944,0.37418997,0.39116,13.2,20.76683,22.121212,14.060884,2.8827903,1782777600,1767139200
LOW,"Lowe's Companies, Inc.",Consumer Cyclical,Home Improvement Retail,United States,USD,USD,114707488768,90431995904,0.083,0.0,0.0,0.32994,0.13365,0.073460005,0.14076,,11.84,13.06156,17.267736,15.6528015,1.2684392,1785456000,1769731200
LPTH,"LightPath Technologies, Inc.",Technology,Electronic Components,United States,USD,USD,607173568,62769540,1.089,,,0.32101002,-0.04486,-0.37375998,-0.00901,-0.28785,-0.5,0.02,,483.5,9.67306,1774915200,1751241600
LRCX,Lam Research Corporation,Technology,Semiconductor Equipment & Materials,United States,USD,USD,384968884224,23232690176,0.3,0.348,0.324,0.50469,0.37390998,0.31272,0.37195,0.65066004,5.75,11.57261,53.504345,26.584322,16.570139,1782604800,1782604800
LRN,"Stride, Inc.",Consumer Defensive,Education & Training Services,United States,USD,USD,3519287552,2518081024,-0.027,0.696,0.586,0.37750998,0.15981,0.13430999,0.20263,0.21735,7.14,9.27667,11.859944,9.128275,1.397607,1782777600,1782777600
LULU,lululemon athletica inc.,Consumer Cyclical,Apparel Retail,Canada,USD,USD,11138535424,11093954560,-0.043,-0.059,-0.112,0.54895,0.13212,0.12782,0.21489,0.30898002,12.15,9.24372,8.280659,10.884146,1.0040184,1785628800,1769904000
LUNR,"Intuitive Machines, Inc.",Industrials,Aerospace & Defense,United States,USD,USD,2376298752,490120000,3.098,,,0.16349001,-0.18099001,-0.26635998,-0.15174,-0.30769,-0.94,-0.155,,-95.548386,4.848402,1782777600,1767139200
LUV,Southwest Airlines Co.,Industrials,Airlines,United States,USD,USD,19382427648,30072999936,0.164,0.205,0.094,0.22399001,0.033800002,0.02783,0.07774,0.11099,1.6,4.82299,24.762499,8.214821,0.6445126,1782777600,1767139200
LVS,Las Vegas Sands Corp.,Consumer Cyclical,Resorts & Casinos,United States,USD,USD,28738500608,13719000064,-0.007,-0.198,-0.249,0.79335,0.19658001,0.12588,0.33813998,1.22869,2.58,3.52088,17.197674,12.601963,2.0947955,1782777600,1767139200
LWLG,"Lightwave Logic, Inc.",Basic Materials,Specialty Chemicals,United States,USD,USD,824794752,250251,0.279,,,0.98934,-221.9517,0.0,0.0,-0.35419998,-0.17,,,,3295.8699,1782777600,1767139200
LYB,LyondellBasell Industries N.V.,Basic Materials,Specialty Chemicals,Netherlands,USD,USD,20519370752,31192000512,0.198,3.96,3.895,0.12888,0.17924999,-0.01132,0.11439,-0.02269,-0.83,6.47212,,9.8144045,0.6578408,1782777600,1767139200
LYV,"Live Nation Entertainment, Inc.",Communication Services,Entertainment,United States,USD,USD,40418471936,26272534528,0.094,1.562,0.21,0.25777,0.06696,0.00513,0.05903,0.17677,-1.11,1.8881,,91.89132,1.5384307,1782777600,1767139200
MA,Mastercard Incorporated,Financial Services,Credit Services,United States,USD,USD,507393736704,35083001856,0.141,0.221,0.186,1.0,0.61108,0.46339,0.63281,2.41202,18.19,23.02581,31.842222,25.154816,14.462666,1782777600,1767139200
MAA,"Mid-America Apartment Communities, Inc.",Real Estate,REIT - Residential,United States,USD,USD,15311994880,2218780928,0.01,0.137,0.126,0.58392,0.25356,0.18173,0.55799,0.0705,3.43,3.27957,37.41108,39.127083,6.9010844,1782777600,1767139200
MAN,ManpowerGroup Inc.,Industrials,Staffing & Employment Services,United States,USD,USD,2882525184,18718099456,0.075,,,0.16235,0.024419999,0.00557,0.0221,0.050809998,2.22,4.85192,27.918919,12.774324,0.15399668,1782777600,1767139200
MAR,"Marriott International, Inc.",Consumer Cyclical,Lodging,United States,USD,USD,87750467584,7384999936,0.111,0.043,0.004,0.79241997,0.65276,0.35029998,0.65186,,9.66,13.14937,34.835403,25.591341,11.882257,1782777600,1767139200
MARA,"MARA Holdings, Inc.",Financial Services,Capital Markets,United States,USD,USD,4369044992,804219008,-0.267,,,0.40122002,-2.65211,0.0,-2.3360898,-1.0557,-9.39,-1.15,,-9.834784,5.432656,1782777600,1767139200
MCD,McDonald's Corporation,Consumer Cyclical,Restaurants,United States,USD,USD,180936867840,27701999616,0.037,0.057,0.048,0.57382,0.46485,0.3172,0.53895,,12.3,13.97841,20.787806,18.29178,6.531545,1782777600,1767139200
MCK,McKesson Corporation,Healthcare,Medical Distribution,United States,USD,USD,105862881280,410983006208,0.077,-0.176,-0.217,0.03633,0.01348,0.01117,0.01721,,37.32,50.47155,24.32985,17.990135,0.25758457,1782777600,1774915200
MDB,"MongoDB, Inc.",Technology,Software - Infrastructure,United States,USD,USD,29704345600,2782769920,0.305,,,0.72688,0.0368,0.02116,0.0049799997,0.01989,0.7,7.76573,526.7714,47.48298,10.67438,1785456000,1769817600
MDGL,"Madrigal Pharmaceuticals, Inc.",Healthcare,Biotechnology,United States,USD,USD,12501180416,1283939968,0.712,,,0.91476995,-0.15459,-0.2532,-0.25009,-0.53306997,-14.0,9.625,,56.216106,9.736577,1782777600,1767139200
MDT,Medtronic plc,Healthcare,Medical Devices,Ireland,USD,USD,120456413184,37541998592,0.137,0.407,0.413,0.65271,0.19332,0.13934,0.27724,0.106479995,4.06,6.39948,23.194582,14.715259,3.2085776,1785456000,1776988800
MET,"MetLife, Inc.",Financial Services,Insurance - Life,United States,USD,USD,62035259392,79398002688,0.105,0.058,0.01,0.23951,0.055180002,0.04567,0.076069996,0.13094,5.22,10.92058,18.70115,8.939086,0.78132015,1782777600,1767139200
META,"Meta Platforms, Inc.",Communication Services,Internet Content & Information,United States,USD,USD,1571225468928,228246994944,0.28,-0.134,-0.136,0.81747,0.34827,0.29834998,0.48042,0.29848,26.52,34.95966,23.256788,17.642334,6.8838825,1782777600,1767139200
METC,"Ramaco Resources, Inc.",Basic Materials,Coking Coal,United States,USD,USD,836724736,515415008,-0.053,,,0.14288999,-0.12602,-0.119799994,-0.00736,-0.17069,-1.07,0.22333,,59.10536,1.6234,1782777600,1767139200
MGA,Magna International Inc.,Consumer Cyclical,Auto Parts,Canada,USD,USD,18424092672,42671001600,0.033,0.278,0.237,0.14713,0.056009997,0.01783,0.100839995,0.06509,2.72,7.75624,25.319853,8.879303,0.4317708,1782777600,1767139200
MGM,MGM Resorts International,Consumer Cyclical,Resorts & Casinos,United States,USD,USD,10370653184,17761441792,0.01,5.194,4.974,0.44157,0.067880005,0.02398,0.12597,0.18924999,1.65,2.0687,24.98182,19.925556,0.5838858,1782777600,1767139200
MHK,"Mohawk Industries, Inc.",Consumer Cyclical,"Furnishings, Fixtures & Appliances",United States,USD,USD,9051848704,11177600000,0.068,0.376,0.339,0.25641,0.097849995,0.04152,0.13457,0.055120002,7.55,10.05902,17.699337,13.284595,0.8098204,1783123200,1767139200
MLM,"Martin Marietta Materials, Inc.",Basic Materials,Building Materials,United States,USD,USD,36558651392,6688000000,0.21,-0.232,-0.235,0.2823,0.20185,0.36737,0.31788,0.08894,15.39,21.52668,33.448345,23.913116,5.4663057,1782777600,1767139200
MNST,Monster Beverage Corporation,Consumer Defensive,Beverages - Non-Alcoholic,United States,USD,USD,85845647360,9218957312,0.202,0.18,0.196,0.55546004,0.2918,0.23079,0.31818,0.25704,1.08,1.30867,40.574074,33.484375,9.311861,1782777600,1767139200
MO,"Altria Group, Inc.",Consumer Defensive,Tobacco,United States,USD,USD,115011952640,20444000256,0.012,-0.027,-0.034,0.8717,0.61464,0.38999,0.77128,,4.75,5.86403,14.501052,11.746188,5.6257067,1782777600,1767139200
MOD,Modine Manufacturing Company,Consumer Cyclical,Auto Parts,United States,USD,USD,10338919424,3372400128,0.28,0.442,0.443,0.22209999,0.09004,0.04276,0.13335,0.13094,2.69,10.93208,72.36431,17.806309,3.065745,1782777600,1774915200
MOS,The Mosaic Company,Basic Materials,Agricultural Inputs,United States,USD,USD,8217602560,12247900160,-0.06,,,0.11236,-0.00117,-0.05213,0.14033,-0.05073,-2.02,1.60579,,16.097996,0.6709397,1782777600,1767139200
MP,MP Materials Corp.,Basic Materials,Other Industrial Metals & Mining,United States,USD,USD,9711879168,416246016,1.197,,,0.42326,-0.1472,-0.14563,0.097720005,-0.03585,-0.33,0.88491,,61.622086,23.332066,1782777600,1767139200
MPC,Marathon Petroleum Corporation,Energy,Oil & Gas Refining & Marketing,United States,USD,USD,113534156800,154145996800,0.537,3.48,3.225,0.12819,0.13561,0.05549,0.09989,0.42099,28.86,31.77638,13.475398,12.238649,0.7365365,1782777600,1767139200
MPWR,"Monolithic Power Systems, Inc.",Technology,Semiconductors,United States,USD,USD,60144152576,3273157888,0.476,0.858,0.906,0.55195,0.30989,0.24500999,0.3056,0.21979,16.4,34.8707,74.62561,35.097088,18.374962,1782777600,1767139200
MRK,"Merck & Co., Inc.",Healthcare,Drug Manufacturers - General,United States,USD,USD,370889916416,66568998912,0.051,,,0.759,-0.00241,0.047659997,0.4337,0.06961,1.25,9.54619,120.264,15.747643,5.5715113,1782777600,1767139200
MRVL,"Marvell Technology, Inc.",Technology,Semiconductors,United States,USD,USD,200905424896,9450300416,0.365,0.5,0.581,0.52216,0.16679001,0.27934998,0.30161,0.16523,3.02,6.72085,74.02318,33.26216,21.259157,1785542400,1769817600
MS,Morgan Stanley,Financial Services,Capital Markets,United States,USD,USD,341943681024,77827997696,0.28,0.624,0.577,0.87641,0.41567,0.25897,0.0,0.17969999,12.39,13.64237,17.572235,15.959104,4.393582,1782777600,1767139200
MSFT,Microsoft Corporation,Technology,Software - Infrastructure,United States,USD,USD,3710545297408,331839012864,0.177,0.317,0.313,0.67944,0.45111,0.40305,0.58534,0.34039003,17.94,23.57328,27.853958,21.19773,11.181764,1782777600,1782777600
MTB,M&T Bank Corporation,Financial Services,Banks - Regional,United States,USD,USD,34760728576,9450999808,0.062,0.255,0.142,0.0,0.45108002,0.32092,0.0,0.10742,18.9,21.06782,12.689947,11.384187,3.6779947,1782777600,1767139200
MTCH,"Match Group, Inc.",Communication Services,Internet Content & Information,United States,USD,USD,9609005056,3509319936,-0.012,0.504,0.359,0.74872,0.28771,0.20169,0.33879003,,2.82,4.57754,14.843972,9.14465,2.7381387,1782777600,1767139200
MTSI,"MACOM Technology Solutions Holdings, Inc.",Technology,Semiconductors,United States,USD,USD,20539961344,1163974016,0.358,1.667,1.757,0.56536,0.23337,0.20698999,0.23716,0.17184,3.15,8.4777,85.38095,31.724407,17.646408,1783036800,1759449600
MTZ,"MasTec, Inc.",Industrials,Engineering & Construction,United States,USD,USD,19047530496,16109103104,0.234,0.514,0.517,0.12913999,0.05424,0.03069,0.08123,0.16176,6.29,12.48666,37.709064,18.995472,1.1824079,1782777600,1767139200
MU,"Micron Technology, Inc.",Technology,Semiconductors,United States,USD,USD,1148129771520,90273996800,3.457,13.685,13.983,0.72569,0.80370003,0.55906,0.75571996,0.66638,44.22,155.02524,22.98937,6.5575776,12.718278,1779926400,1756339200
NB,NioCorp Developments Ltd.,Basic Materials,Other Industrial Metals & Mining,United States,USD,USD,601274496,,,,,0.0,0.0,0.0,0.0,-0.24539,-0.58,-0.225,,-18.355556,,1774915200,1751241600
NBIS,,Communication Services,Internet Content & Information,Netherlands,USD,USD,57480011776,1355100032,4.54,,,0.7426,-0.00223,0.03129,0.19038999,0.00601,-0.07,-2.9975,,-75.526276,42.41754,1782777600,1767139200
NCLH,Norwegian Cruise Line Holdings Ltd.,Consumer Cyclical,Travel Services,United States,USD,USD,7149554688,10154306560,0.049,6.163,6.42,0.42457,0.14042,0.07492,0.25548,0.3673,1.65,1.69221,9.436363,9.200986,0.7040909,1782777600,1767139200
NDAQ,"Nasdaq, Inc.",Financial Services,Financial Data & Stock Exchanges,United States,USD,USD,54153723904,5614000128,0.149,0.141,0.122,1.0,0.49333,0.35037,0.59726,0.16521999,3.43,4.67847,28.244896,20.707623,9.646193,1782777600,1767139200
NDSN,Nordson Corporation,Industrials,Specialty Industrial Machinery,United States,USD,USD,17738364928,2979794944,0.103,0.23,0.215,0.55391,0.27403998,0.18631001,0.32146,0.17763,9.87,12.9425,32.255318,24.598028,5.952881,1785456000,1761868800
NE,Noble Corporation plc,Energy,Oil & Gas Drilling,United States,USD,USD,7281282048,2884698880,-0.163,,,0.35416,0.10707,0.05185,0.32736,0.03283,0.94,2.03925,48.52128,22.366068,2.5241048,1782777600,1767139200
NEE,"NextEra Energy, Inc.",Utilities,Utilities - Regulated Electric,United States,USD,USD,174002061312,28700000256,0.124,0.531,0.55,0.61024,0.31524,0.32401,0.50847,0.11677,4.45,4.38861,18.748316,19.010576,6.0627894,1782777600,1767139200
NEM,Newmont Corporation,Basic Materials,Gold,United States,USD,USD,134967443456,25767000064,0.151,0.114,0.068,0.68041,0.51569,0.33363998,0.66200995,0.25905,7.93,10.08462,16.152584,12.701519,5.237996,1782777600,1767139200
NET,"Cloudflare, Inc.",Technology,Software - Infrastructure,United States,USD,USD,99317760000,2512349952,0.359,,,0.72577006,-0.07603,-0.082100004,-0.0014399999,-0.14425999,-0.59,1.67311,,166.70752,39.53182,1782777600,1767139200
NFE,New Fortress Energy Inc.,Energy,Oil & Gas Midstream,United States,USD,USD,78321024,1266651008,0.027,,,0.22026,-0.24293,-1.4973199,-0.043860003,-3.9204998,-6.69,0.05,,5.4839997,0.06183315,1782777600,1767139200
NFLX,"Netflix, Inc.",Communication Services,Entertainment,United States,USD,USD,325828280320,48370765824,0.134,0.111,0.088,0.49118,0.33381,0.28219,0.30446,0.49541,3.18,3.82091,24.606918,20.479414,6.7360578,1782777600,1767139200
NI,NiSource Inc.,Utilities,Utilities - Regulated Gas,United States,USD,USD,19848992768,6881500160,0.046,-0.584,-0.555,0.50971,0.17156,0.13153,0.43973,0.085489996,1.88,2.25315,22.015957,18.369837,2.8843992,1782777600,1767139200
NJR,New Jersey Resources Corporation,Utilities,Utilities - Regulated Gas,United States,USD,USD,5389212160,2229512960,0.168,,,0.39178002,0.09133001,0.16423,0.33736,0.14453,3.61,3.45857,14.792245,15.439908,2.417215,1782777600,1759190400
NKE,"NIKE, Inc.",Consumer Cyclical,Footwear & Accessories,United States,USD,USD,56966352896,46398001152,-0.011,4.28,4.066,0.43245,0.12687,0.066989996,0.10623,0.22138001,2.1,2.29113,18.285715,16.760288,1.2256145,1780185600,1780185600
NKTX,"Nkarta, Inc.",Healthcare,Biotechnology,United States,USD,USD,209144400,,,,,0.0,0.0,0.0,0.0,-0.38759,-1.59,-1.75333,,-1.6654024,,1782777600,1767139200
NNE,NANO Nuclear Energy Inc.,Industrials,Specialty Industrial Machinery,United States,USD,USD,951531072,214042,,,,0.29065,-73.782745,0.0,0.0,-0.080369994,-0.69,-0.98667,,-17.959398,4445.534,1782777600,1759190400
NOC,Northrop Grumman Corporation,Industrials,Aerospace & Defense,United States,USD,USD,73159614464,42892001280,0.051,-0.058,-0.068,0.2006,0.11604,0.104820006,0.16915001,0.26958,31.47,30.43997,16.364157,16.917887,1.7056704,1782777600,1767139200
NOW,"ServiceNow, Inc.",Technology,Software - Application,United States,USD,USD,146043338752,14732000256,0.24,-0.219,-0.226,0.74768996,0.04063,0.11336,0.19665001,0.14244,1.6,5.00551,88.2875,28.2209,9.913341,1782777600,1767139200
NRG,"NRG Energy, Inc.",Utilities,Utilities - Independent Power Producers,United States,USD,USD,25019250688,33124999168,0.11,,,0.18795,0.12765999,0.02563,0.09819999,0.23772,3.84,11.19645,30.994791,10.630155,0.75529814,1782777600,1767139200
NSC,Norfolk Southern Corporation,Industrials,Railroads,United States,USD,USD,73999474688,12540000256,0.114,-0.044,-0.044,0.45159,0.35296002,0.21021,0.45159,0.16985,11.73,14.32112,28.086956,23.005182,5.9010744,1782777600,1767139200
NTAP,"NetApp, Inc.",Technology,Software - Infrastructure,United States,USD,USD,36453404672,7391000064,0.299,0.635,0.609,0.70625997,0.26667,0.19184999,0.28345,1.14818,7.07,10.9062,26.250353,17.016926,4.932134,1785456000,1776988800
NTLA,"Intellia Therapeutics, Inc.",Healthcare,Biotechnology,United States,USD,USD,1785213952,59506000,-0.462,,,0.0,-14.72255,0.0,0.0,-0.55438,-3.34,-2.60278,,-4.894766,30.00057,1782777600,1767139200
NTR,Nutrien Ltd.,Basic Materials,Agricultural Inputs,Canada,USD,USD,37923885056,27288000512,0.04,0.012,-0.006,0.32062,0.17457001,0.08722,0.20708999,0.094399996,4.94,4.89468,16.087044,16.235994,1.3897642,1782777600,1767139200
NUE,Nucor Corporation,Basic Materials,Steel,United States,USD,USD,59230437376,36101001216,0.23,0.938,0.917,0.15554,0.15668,0.07989,0.15736,0.14548999,12.53,19.04565,20.835596,13.707592,1.6406869,1783123200,1767139200
NVDA,NVIDIA Corporation,Technology,Semiconductors,United States,USD,USD,5562502742016,302970011648,1.059,1.278,1.259,0.74674004,0.66236997,0.63663,0.66431,1.17211,7.9,15.4581,29.159492,14.902219,18.359913,1785024000,1769299200
NVO,Novo Nordisk A/S,Healthcare,Drug Manufacturers - General,Denmark,USD,DKK,205971079168,329430990848,0.021,-0.206,-0.208,0.81987,0.42540002,0.35347,0.5272,0.59815,4.07,3.4190094,11.449631,13.629678,0.6252329,1782777600,1767139200
NVR,"NVR, Inc.",Consumer Cyclical,Residential Construction,United States,USD,USD,16785553408,9631335424,-0.109,-0.226,-0.291,0.2184,0.13889,0.1185,0.15954,0.31544,384.86,411.62387,16.366602,15.302442,1.7428064,1782777600,1767139200
NWSA,News Corporation,Communication Services,Entertainment,United States,USD,USD,16310325248,9027999744,0.108,-0.749,-0.759,0.57167,0.12537,0.06347,0.14821,0.07979,1.03,1.51172,29.504854,20.10293,1.8066378,1782777600,1782777600
NXPI,NXP Semiconductors N.V.,Technology,Semiconductors,Netherlands,USD,USD,57451827200,13185000448,0.195,0.726,0.724,0.56102,0.30406,0.22564,0.38437998,0.27921,11.71,18.09511,19.456448,12.590971,4.3573627,1782604800,1767139200
NXT,Nextpower Inc.,Technology,Solar,United States,USD,USD,12982440960,3630307072,0.082,0.029,0.052,0.22983,0.20858,0.16364,0.20629999,0.27224,3.87,5.77822,21.834625,14.62388,3.5761275,1783036800,1774915200
O,Realty Income Corporation,Real Estate,REIT - Retail,United States,USD,USD,57955856384,6065508864,0.096,0.692,0.747,0.9268,0.46965998,0.20898001,0.8833,0.03225,1.37,1.55856,44.70803,39.299095,9.554987,1782777600,1767139200
ODFL,"Old Dominion Freight Line, Inc.",Industrials,Trucking,United States,USD,USD,38541373440,5602506752,0.104,0.323,0.305,0.39566,0.28835,0.19443001,0.32007998,0.24818,5.2,6.644,35.744232,27.975616,6.8793087,1782777600,1767139200
OHI,"Omega Healthcare Investors, Inc.",Real Estate,REIT - Healthcare Facilities,United States,USD,USD,14628032512,1261364992,0.112,1.613,1.656,0.97924006,0.61487,0.68055,0.90296,0.16529,2.81,2.02246,16.505339,22.932468,11.596986,1782777600,1767139200
OKE,"ONEOK, Inc.",Energy,Oil & Gas Midstream,United States,USD,USD,60124033024,39366000640,0.528,0.142,0.149,0.27214,0.13254,0.09287,0.19484,0.16277,5.79,6.21757,16.481865,15.34844,1.5273087,1782777600,1767139200
OKLO,Oklo Inc.,Utilities,Utilities - Independent Power Producers,United States,USD,USD,7676948480,1210000,,,,0.40412998,-60.4876,0.0,0.0,-0.07696,-0.94,-1.00419,,-41.0978,6344.5854,1782777600,1767139200
ON,ON Semiconductor Corporation,Technology,Semiconductors,United States,USD,USD,28957517824,6197799936,0.092,0.366,0.332,0.42776,0.19532,0.10168,0.33720002,0.08312,1.53,4.5291,48.61438,16.422688,4.6722255,1783036800,1767139200
ONDS,Ondas Inc.,Technology,Communication Equipment,United States,USD,USD,4354484224,174103008,12.354,,,0.43724,-1.66299,0.96248,-1.03712,0.19317,-0.03,-0.02,,-381.0,25.010965,1782777600,1767139200
ONON,On Holding AG,Consumer Cyclical,Footwear & Accessories,Switzerland,USD,CHF,9354669056,3220400128,0.135,,,0.64824,0.14019,0.12303001,0.15228,0.23951,1.45,2.0730336,19.303448,13.501952,2.9048157,1782777600,1767139200
ONTO,Onto Innovation Inc.,Technology,Semiconductor Equipment & Materials,United States,USD,USD,16381692928,1120136960,0.353,0.754,0.772,0.55492,0.2297,0.11838,0.27587,0.06825,2.68,11.65479,100.00373,22.995697,14.624723,1782777600,1767398400
OPEN,Opendoor Technologies Inc.,Real Estate,Real Estate Services,United States,USD,USD,3038920448,3254000128,-0.437,,,0.08636,-0.15855,-0.46742,-0.14567,-1.96893,-1.89,-0.04725,,-66.66667,0.933903,1782777600,1767139200
ORCL,Oracle Corporation,Technology,Software - Infrastructure,United States,USD,USD,457361195008,67356999680,0.206,0.219,0.256,0.65822,0.36202,0.25368,0.45272,0.53376,5.83,10.96763,27.234991,14.477147,6.7901063,1780185600,1780185600
OSCR,"Oscar Health, Inc.",Healthcare,Healthcare Plans,United States,USD,USD,9953801216,15318633472,0.704,,,0.20158,0.079629995,0.03595,0.04295,0.34257,1.3,1.8819,24.807693,17.136936,0.6497839,1782777600,1767139200
OWL,Blue Owl Capital Inc.,Financial Services,Asset Management,United States,USD,USD,18414088192,2990448896,0.071,-0.14,-0.346,0.58491004,0.28944,0.02706,0.42044997,0.05652,0.12,0.98737,97.91667,11.900301,6.1576333,1782777600,1767139200
OXY,Occidental Petroleum Corporation,Energy,Oil & Gas E&P,United States,USD,USD,60018229248,23925999616,0.534,9.649,5.5,0.73318,0.45443,0.30318,0.57335,0.10629,3.39,3.83667,17.710915,15.648988,2.5084941,1782777600,1767139200
PAAS,Pan American Silver Corp.,Basic Materials,Gold,Canada,USD,USD,21286488064,4312000000,0.384,0.385,0.608,0.55867,0.37811002,0.32027,0.49258,0.2241,3.38,4.70863,15.189348,10.903383,4.9365697,1782777600,1767139200
PANW,"Palo Alto Networks, Inc.",Technology,Software - Infrastructure,United States,USD,USD,271606906880,11480000512,0.344,,,0.70488,0.050440002,0.02674,0.16211,0.01739,1.17,4.89435,284.83762,68.09076,23.659138,1785456000,1785456000
PARA,"Banzai International, Inc.",Technology,Software - Application,United States,USD,USD,3586470,10624419,-0.273,,,0.81179,-1.92961,-2.28738,-1.66339,-3.1585,16.1,-7.38,0.06273292,-0.13685636,0.33756858,1782777600,1767139200
PAYX,"Paychex, Inc.",Technology,Software - Application,United States,USD,USD,43326382080,3968000000,0.125,0.434,0.415,0.67197996,0.38325,0.26633,0.40523997,,4.89,6.39073,24.88957,19.044773,10.918947,1780185600,1567209600
PCAR,PACCAR Inc,Industrials,Farm & Heavy Construction Machinery,United States,USD,USD,65637707776,27815800832,0.005,0.042,0.039,0.13715,0.12024,0.09003,0.11762,0.12755999,4.75,7.18849,26.25263,17.347176,2.3597274,1782777600,1767139200
PEP,"PepsiCo, Inc.",Consumer Defensive,Beverages - Non-Alcoholic,United States,USD,USD,188002582528,96904003584,0.064,1.37,1.36,0.54171,0.16836001,0.10785,0.19485001,0.51508,7.62,8.97539,18.06168,15.334152,1.940091,1781308800,1766793600
PFE,Pfizer Inc.,Healthcare,Drug Manufacturers - General,United States,USD,USD,162155724800,63695998976,0.026,,,0.74716,0.27877,0.06804,0.3985,0.05014,0.76,2.8954,37.43421,9.825931,2.5457757,1782604800,1767139200
PFGC,Performance Food Group Company,Consumer Defensive,Food Distribution,United States,USD,USD,15492057088,64339501056,0.073,0.227,0.234,0.12575,0.02229,0.00558,0.02644,0.076680005,2.29,6.68443,43.06987,14.755184,0.24078609,1782518400,1782518400
PG,The Procter & Gamble Company,Consumer Defensive,Household & Personal Products,United States,USD,USD,340389986304,87031996416,0.015,-0.155,-0.158,0.50873,0.22084999,0.18437,0.28440002,0.30290002,6.62,7.3998,22.120846,19.789724,3.9110901,1782777600,1782777600
PGR,The Progressive Corporation,Financial Services,Insurance - Property & Casualty,United States,USD,USD,127231852544,91019001856,0.073,0.05,0.043,0.18521,0.18208,0.12849,0.16916999,0.34943,19.92,16.29414,10.991466,13.437346,1.3978603,1782777600,1767139200
PHM,"PulteGroup, Inc.",Consumer Cyclical,Residential Construction,United States,USD,USD,23706025984,16407075840,-0.096,-0.182,-0.224,0.25565,0.15685001,0.1162,0.16784,0.14901,9.79,11.24977,12.71195,11.062448,1.444866,1782777600,1767139200
PINS,"Pinterest, Inc.",Communication Services,Internet Content & Information,United States,USD,USD,11427209216,4555720192,0.182,,,0.79473,-0.03464,0.054640003,0.06949,0.06461,0.34,2.40432,60.0,8.484727,2.508321,1782777600,1767139200
PKG,Packaging Corporation of America,Consumer Cyclical,Packaging & Containers,United States,USD,USD,21138571264,9534600192,0.147,-0.195,-0.205,0.21385999,0.13121,0.07256,0.20977,0.14887,7.71,12.93639,30.771725,18.339737,2.217038,1782777600,1767139200
PL,Planet Labs PBC,Industrials,Aerospace & Defense,United States,USD,USD,6592926208,378278016,0.581,,,0.55486,-0.11995,-0.95132005,-0.12795,-0.71970004,-1.1,0.01286,,1409.0203,17.428785,1785456000,1769817600
PLD,"Prologis, Inc.",Real Estate,REIT - Industrial,United States,USD,USD,133507031040,9657474048,0.123,0.853,0.859,0.75549006,0.43030998,0.43575,0.69761,0.07749,4.49,3.405,30.587975,40.3348,13.824219,1782777600,1767139200
PLTK,Playtika Holding Corp.,Communication Services,Electronic Gaming & Multimedia,Israel,USD,USD,839120000,2829199872,0.05,0.426,0.446,0.73477,0.18753,-0.098859996,0.22514999,,-0.75,0.65,,3.3846157,0.29659268,1782777600,1767139200
PLTR,Palantir Technologies Inc.,Technology,Software - Infrastructure,United States,USD,USD,418925182976,6155940864,0.928,2.154,2.25,0.84796,0.47120997,0.49005002,0.43253,0.38097,1.17,2.32597,149.0,74.94938,68.05218,1782777600,1767139200
PM,Philip Morris International Inc.,Consumer Defensive,Tobacco,United States,USD,USD,284493709312,42545000448,0.104,-0.075,-0.073,0.67481005,0.40002,0.25559,0.42343,,7.28,9.16878,25.072802,19.907774,6.686889,1782777600,1767139200
PNC,"The PNC Financial Services Group, Inc.",Financial Services,Banks - Regional,United States,USD,USD,97980571648,24319000576,0.236,0.249,0.254,0.0,0.38689,0.31366,0.0,0.12623,18.15,21.36224,13.531681,11.4969225,4.028972,1782777600,1767139200
POET,POET Technologies Inc.,Technology,Semiconductors,Canada,USD,USD,1370620032,1712950,1.123,,,1.0,-35.42654,0.0,0.0,-0.16886,-0.69,-0.17,,-46.588234,800.1518,1782777600,1767139200
POOL,Pool Corporation,Industrials,Industrial Distribution,United States,USD,USD,6731033600,5394292224,0.022,0.0,-0.032,0.29579002,0.15137,0.07414,0.119119994,0.31254998,10.89,11.81775,17.008265,15.673035,1.2478067,1782777600,1767139200
PRIM,Primoris Services Corporation,Industrials,Engineering & Construction,United States,USD,USD,4006740224,7284199936,-0.107,,,0.08619001,-0.01564,0.01916,0.044159997,0.08889,2.55,5.20917,29.188236,14.288265,0.5500591,1782777600,1767139200
PRU,"Prudential Financial, Inc.",Financial Services,Insurance - Life,United States,USD,USD,42096898048,65223999488,0.141,0.892,0.848,0.29015,0.075219996,0.06007,0.07982,0.12011,11.03,14.85474,11.062556,8.214212,0.6454204,1782777600,1767139200
PSA,Public Storage,Real Estate,REIT - Industrial,United States,USD,USD,56399085568,4910444032,0.033,0.451,0.395,0.7442,0.45703998,0.41632998,0.69985,0.21929,10.48,10.11656,28.81775,29.853035,11.485537,1782777600,1767139200
PSX,Phillips 66,Energy,Oil & Gas Refining & Marketing,United States,USD,USD,101786247168,152167006208,0.531,3.449,3.387,0.13098,0.08529,0.046609998,0.06522,0.23452999,17.52,21.29967,14.559931,11.976242,0.6689114,1782777600,1767139200
PWR,"Quanta Services, Inc.",Industrials,Engineering & Construction,United States,USD,USD,93875912704,32905140224,0.411,0.947,0.969,0.15456,0.07217,0.04032,0.092539996,0.15337,8.74,19.6413,71.44279,31.790665,2.8529255,1782777600,1767139200
PYPL,"PayPal Holdings, Inc.",Financial Services,Credit Services,United States,USD,USD,47375519744,34127998976,0.048,-0.031,-0.125,0.40477002,0.16966,0.14364,0.18917,0.24497,5.29,5.78777,10.389414,9.495886,1.3881717,1782777600,1767139200
QBTS,D-Wave Quantum Inc.,Technology,Computer Hardware,United States,USD,USD,6175054336,12425000,-0.006,,,0.64185,-17.32055,0.0,0.0,-0.27985,-0.7,-0.37824,,-43.834602,496.98627,1782777600,1767139200
QCOM,QUALCOMM Incorporated,Technology,Semiconductors,United States,USD,USD,180224524288,44068999168,-0.04,-0.23,-0.249,0.54226,0.18528,0.21013,0.27228,0.33754003,8.76,10.21807,19.262558,16.513882,4.0895987,1782604800,1759017600
QUBT,Quantum Computing Inc.,Technology,Computer Hardware,United States,USD,USD,1813038464,9824000,90.0,,,-0.18923001,-2.8126502,-1.52453,0.0,-0.01507,-0.04,-0.23667,,-33.844593,184.55196,1782777600,1767139200
RBLX,Roblox Corporation,Communication Services,Electronic Gaming & Multimedia,United States,USD,USD,30939623424,5685551104,0.359,,,0.25674,-0.13274,-0.17607,-0.14836,-4.32275,-1.41,-1.24829,,-34.695465,5.4417987,1782777600,1767139200
RCAT,"Red Cat Holdings, Inc.",Industrials,Aerospace & Defense,United States,USD,USD,1278219264,71541000,5.272,,,0.0975,-1.91416,-1.36265,-1.4534199,-0.34402,-0.8,-0.555,,-15.08108,17.866947,1782777600,1767139200
RCL,Royal Caribbean Cruises Ltd.,Consumer Cyclical,Travel Services,United States,USD,USD,70925615104,18681999360,0.065,-0.046,-0.068,0.50284,0.2707,0.23541,0.37073,0.44669998,16.2,20.29286,16.369753,13.068143,3.796468,1782777600,1767139200
RDDT,"Reddit, Inc.",Communication Services,Internet Content & Information,United States,USD,USD,29717567488,2778833920,0.611,1.778,1.832,0.91442,0.28788,0.31348,0.28844,0.30712,4.29,9.68749,36.004665,15.944275,10.694259,1782777600,1767139200
RDW,Redwire Corporation,Industrials,Aerospace & Defense,United States,USD,USD,2632422144,426272000,0.896,,,0.22729,-0.18858999,-0.57263,-0.28447,-0.18153,-1.2,-0.295,,-35.694916,6.1754518,1782777600,1767139200
REG,Regency Centers Corporation,Real Estate,REIT - Retail,United States,USD,USD,14070514688,1685532032,0.089,0.089,0.092,0.71539,0.39643002,0.32996,0.63554,0.081870005,2.96,2.51718,25.425676,29.898539,8.347818,1782777600,1767139200
REGN,"Regeneron Pharmaceuticals, Inc.",Healthcare,Biotechnology,United States,USD,USD,85217902592,15534699520,0.167,-0.045,-0.068,0.44458,0.33106,0.27865,0.3027,0.14043,40.39,60.61216,20.49319,13.656005,5.4856486,1782777600,1767139200
RGLD,"Royal Gold, Inc.",Basic Materials,Gold,United States,USD,USD,22208016384,1535682944,1.155,0.383,0.786,0.86802,0.62036,0.48054,0.82972,0.136,9.04,12.91347,28.994467,20.29741,14.461329,1782777600,1767139200
RGTI,"Rigetti Computing, Inc.",Technology,Computer Hardware,United States,USD,USD,5073284608,13353000,1.853,,,0.34614,-5.4616604,0.0,0.0,-0.43765,-0.83,-0.206,,-73.78641,379.93594,1782777600,1767139200
RHI,Robert Half Inc.,Industrials,Staffing & Employment Services,United States,USD,USD,4355661312,5293400064,-0.024,-0.363,-0.358,0.36795,-0.04662,0.02168,0.0115600005,0.09111,1.15,1.96743,37.02609,21.642448,0.82284755,1782777600,1767139200
RIG,Transocean Ltd.,Energy,Oil & Gas Drilling,Switzerland,USD,USD,6533748736,4118000128,-0.022,,,0.41646,0.17391,-0.40238,0.37275,-0.18698,-1.68,0.28455,,20.558775,1.5866315,1782777600,1767139200
RIOT,"Riot Platforms, Inc.",Financial Services,Capital Markets,United States,USD,USD,8180644864,674513984,0.139,,,0.28257,-1.22334,-1.96277,-1.33272,-0.48243,-3.84,-0.93509,,-23.313263,12.128206,1782777600,1767139200
RIVN,"Rivian Automotive, Inc.",Consumer Cyclical,Auto Manufacturers,United States,USD,USD,22789324800,5882999808,0.272,,,0.07513,-0.50422,-0.54955,-0.46133,-0.57523,-2.59,-1.78562,,-8.814865,3.8737593,1782777600,1767139200
RKLB,Rocket Lab Corporation,Industrials,Aerospace & Defense,United States,USD,USD,41088552960,769145984,0.62,,,0.37264,-0.24572,-0.21511999,-0.19569999,-0.07915,-0.27,0.04444,,1445.9946,53.421005,1782777600,1767139200
RL,Ralph Lauren Corporation,Consumer Cyclical,Apparel Manufacturing,United States,USD,USD,20925284352,8355200000,0.14,0.216,0.19,0.70268995,0.18395,0.117639996,0.19068001,0.37537,15.87,20.91448,22.129807,16.792194,2.5044625,1782518400,1774656000
RMBS,Rambus Inc.,Technology,Semiconductors,United States,USD,USD,9241384960,756331008,0.204,0.151,0.167,0.80357003,0.36671,0.3169,0.41847,0.17789,2.18,3.72125,39.20183,22.9654,12.218704,1782777600,1767139200
RNR,RenaissanceRe Holdings Ltd.,Financial Services,Insurance - Reinsurance,Bermuda,USD,USD,13727913984,11165704192,-0.132,-0.1,-0.206,0.45349,0.41674,0.23584999,0.0,0.21475,57.68,41.00034,5.7278085,8.057982,1.2294714,1782777600,1767139200
ROK,"Rockwell Automation, Inc.",Industrials,Specialty Industrial Machinery,United States,USD,USD,48174022656,8972999680,0.079,0.404,0.383,0.49091998,0.20968,0.13385001,0.23313999,0.30629,10.67,14.84759,40.656982,29.217535,5.368776,1782777600,1759190400
ROKU,"Roku, Inc.",Communication Services,Entertainment,United States,USD,USD,23092508672,5209110016,0.219,14.429,14.635,0.45504,0.12172,0.06819,0.11115,0.13122,2.36,3.923,65.92797,39.660973,4.4331007,1782777600,1767139200
ROST,"Ross Stores, Inc.",Consumer Cyclical,Apparel Retail,United States,USD,USD,73694642176,24511797248,0.133,0.705,0.676,0.33385,0.13578,0.10848,0.1492,0.42628,8.26,8.94237,27.928572,25.797411,3.006497,1785542400,1769817600
RS,"Reliance, Inc.",Basic Materials,Steel,United States,USD,USD,20447238144,15805800448,0.265,0.423,0.382,0.28285,0.09538,0.056550004,0.098009996,0.12229,17.22,23.14244,23.258423,17.3063,1.2936541,1782777600,1767139200
RSG,"Republic Services, Inc.",Industrials,Waste Management,United States,USD,USD,68196696064,16890999808,0.046,0.051,0.029,0.43035,0.20429,0.12942,0.31123,0.18152,7.06,8.05704,31.545326,27.641665,4.0374575,1782777600,1767139200
RTX,RTX Corporation,Industrials,Aerospace & Defense,United States,USD,USD,270616330240,93499998208,0.145,0.287,0.291,0.20347,0.12696,0.08276,0.17,0.12274,5.68,7.85586,35.350353,25.559263,2.8942924,1782777600,1767139200
RUN,Sunrun Inc.,Technology,Solar,United States,USD,USD,2141129728,3475609088,0.528,-0.607,-0.588,0.35292998,0.03999,0.11594,0.24186,-0.19856001,1.47,1.01481,6.0476193,8.760262,0.61604446,1782777600,1767139200
RVMD,"Revolution Medicines, Inc.",Healthcare,Biotechnology,United States,USD,USD,45014933504,,,,,0.0,0.0,0.0,0.0,-0.79089,-8.86,-5.85001,,-35.900795,,1782777600,1767139200
RXT,"Rackspace Technology, Inc.",Technology,Software - Infrastructure,United States,USD,USD,813044416,2702200064,0.006,,,0.18552,-0.021340001,-0.05884,0.0917,,-0.65,0.13587,,23.478327,0.3008824,1782777600,1767139200
S,"SentinelOne, Inc.",Technology,Software - Infrastructure,United States,USD,USD,6919216128,1098704000,0.206,,,0.72540003,-0.22719,-0.30953,-0.21643,-0.23008,-1.02,0.46689,,42.57962,6.297616,1785456000,1769817600
SANA,"Sana Biotechnology, Inc.",Healthcare,Biotechnology,United States,USD,USD,1152538496,,,,,0.0,0.0,0.0,0.0,-1.5287199,-0.75,-0.55511,,-6.9355626,,1782777600,1767139200
SBAC,SBA Communications Corporation,Real Estate,REIT - Specialty,United States,USD,USD,20097331200,2870621952,0.023,-0.105,-0.12,0.742,0.52165,0.34512,0.63873,,9.27,8.20647,20.435814,23.084227,7.001037,1782777600,1767139200
SBGSY,Schneider Electric S.E.,Industrials,Specialty Industrial Machinery,France,USD,EUR,187679866880,42041999360,0.098,0.293,0.301,0.42117,0.18199,0.11270001,0.20267999,0.18620001,1.96,2.878,34.071426,23.203613,4.464104,1782777600,1767139200
SBUX,Starbucks Corporation,Consumer Cyclical,Restaurants,United States,USD,USD,119095803904,38338301952,-0.014,0.857,0.872,0.22341,0.12919,0.05172,0.14717,,1.73,3.11556,60.387283,33.531693,3.1064444,1782604800,1759017600
SCCO,Southern Copper Corporation,Basic Materials,Copper,United States,USD,USD,167821737984,15787499520,0.406,0.716,0.716,0.64502,0.61162996,0.35866,0.62746,0.49897,6.66,7.27639,29.843843,27.315742,10.630039,1782777600,1767139200
SCI,Service Corporation International,Consumer Cyclical,Personal Services,United States,USD,USD,11204531200,4369364992,0.036,0.047,0.016,0.26026,0.21003,0.12302,0.30302998,0.34714,3.83,4.59812,21.464752,17.879045,2.5643387,1782777600,1767139200
SHOP,Shopify Inc.,Technology,Software - Application,Canada,USD,USD,186679164928,13269000192,0.337,0.681,0.658,0.47765,0.17555,0.1453,0.18049999,0.15543,1.48,2.45277,98.03378,59.153526,14.068819,1782777600,1767139200
SHW,The Sherwin-Williams Company,Basic Materials,Specialty Chemicals,United States,USD,USD,81010819072,24410300416,0.075,0.143,0.118,0.48981997,0.18124,0.11013,0.19291,0.65124,10.85,13.61408,30.75668,24.512121,3.3187146,1782777600,1767139200
SIMO,Silicon Motion Technology Corporation,Technology,Semiconductors,Hong Kong,USD,USD,8687504384,1313565952,1.27,7.338,7.345,0.48869,0.2242,0.2206,0.18879,0.31569,8.56,15.87274,29.931072,16.14151,6.6136794,1782777600,1767139200
SLB,SLB N.V.,Energy,Oil & Gas Equipment & Services,United States,USD,USD,85353078784,36366000128,0.05,-0.297,-0.225,0.16991,0.12706,0.08527,0.20302,0.12909001,2.05,3.23187,28.053658,17.794651,2.347057,1782777600,1767139200
SLG,SL Green Realty Corp.,Real Estate,REIT - Office,United States,USD,USD,4263020288,997995008,0.273,,,0.44757998,0.18843001,-0.16719,0.35638002,-0.03573,-2.72,-0.76047,,-73.06009,4.271585,1782777600,1767139200
SMCI,"Super Micro Computer, Inc.",Technology,Computer Hardware,United States,USD,USD,25609703424,39063072768,0.932,4.347,5.037,0.108219996,0.13382,0.0571,0.0723,0.21465999,3.26,5.32592,12.144172,7.4334574,0.6555988,1782777600,1782777600
SMR,NuScale Power Corporation,Industrials,Specialty Industrial Machinery,United States,USD,USD,3980778496,10690000,-0.991,,,0.23545,-853.37335,0.0,0.0,-0.5518,-2.2,-0.65188,,-14.880038,372.3834,1782777600,1767139200
SMTC,Semtech Corporation,Technology,Semiconductors,United States,USD,USD,13801459712,1174215040,0.327,,,0.52901,0.16222,0.13116999,0.15273,0.23663999,1.51,5.83561,97.93708,25.341824,11.753776,1785024000,1769299200
SNAP,Snap Inc.,Communication Services,Internet Content & Information,United States,USD,USD,9250850816,6351084032,0.189,,,0.57333,-0.026400002,-0.04901,-0.02303,-0.15576,-0.18,0.77546,,7.0538774,1.4565783,1782777600,1767139200
SNDK,Sandisk Corporation,Technology,Computer Hardware,United States,USD,USD,254769070080,20248000512,3.716,,,0.71474,0.78472,0.56465,0.62312,0.9164,73.78,264.72162,23.583628,6.5729427,12.582431,1783036800,1783036800
SNOW,Snowflake Inc.,Technology,Software - Application,United States,USD,USD,116866588672,5434647040,0.351,,,0.6703,-0.17001,-0.20071,-0.19068001,-0.48063,-3.17,2.97364,,113.38965,21.503988,1785456000,1769817600
SNPS,"Synopsys, Inc.",Technology,Software - Infrastructure,United States,USD,USD,75474173952,9416465408,0.424,0.893,1.251,0.82921,0.14521,0.11432999,0.22041,0.03661,5.71,17.51204,68.97373,22.489672,8.015128,1785456000,1761868800
SO,The Southern Company,Utilities,Utilities - Regulated Electric,United States,USD,USD,101358485504,30179000320,0.001,0.304,0.334,0.48289,0.29612,0.15435,0.47245,0.114829995,4.15,4.92431,21.231325,17.892862,3.3585765,1782777600,1767139200
SOFI,"SoFi Technologies, Inc.",Financial Services,Credit Services,United States,USD,USD,23532410880,4268439040,0.426,0.404,0.61,0.83734,0.16956,0.14906,0.0,0.07095,0.49,0.82222,37.18367,22.159517,5.5131187,1782777600,1767139200
SOUN,"SoundHound AI, Inc.",Technology,Software - Application,United States,USD,USD,2993315840,203200000,0.45,,,0.42294997,-0.75925004,-0.6745,-0.76078004,-0.32242,-0.62,-0.1475,,-45.694916,14.7308855,1782777600,1767139200
SPG,"Simon Property Group, Inc.",Real Estate,REIT - Retail,United States,USD,USD,79508340736,6940724224,0.195,-0.125,-0.131,0.81426,0.46023998,0.66571,0.73842,1.20508,14.18,6.69239,14.770099,31.295248,11.455338,1782777600,1767139200
SPGI,S&P Global Inc.,Financial Services,Financial Data & Stock Exchanges,United States,USD,USD,130746753024,16122000384,0.104,0.177,0.135,0.70903,0.4479,0.30536,0.50509,0.14255,16.41,20.21925,27.026814,21.935038,8.109835,1782777600,1767139200
SR,Spire Inc.,Utilities,Utilities - Regulated Gas,United States,USD,USD,4887447040,2668400128,0.192,11.382,9.105,0.43965998,0.07068,0.20559,0.36093,0.081099994,4.53,5.498,18.251656,15.038196,1.831602,1782777600,1759190400
STAG,"STAG Industrial, Inc.",Real Estate,REIT - Industrial,United States,USD,USD,7415522816,880593024,0.081,0.033,0.058,0.79549,0.37036,0.28053,0.73025,0.069759995,1.3,0.88,28.984617,42.818184,8.421056,1782777600,1767139200
STLD,"Steel Dynamics, Inc.",Basic Materials,Steel,United States,USD,USD,34693996544,20538677248,0.334,0.836,0.788,0.14652,0.114989996,0.07825,0.13021,0.17568001,11.01,18.94531,21.985468,12.776776,1.689203,1782777600,1767139200
STX,Seagate Technology Holdings plc,Technology,Computer Hardware,Singapore,USD,USD,192786563072,12195000320,0.485,1.488,1.652,0.45576,0.4307,0.26108998,0.36917,3.7152898,13.93,55.3714,60.967697,15.337883,15.808656,1783036800,1783036800
STZ,"Constellation Brands, Inc.",Consumer Defensive,Beverages - Brewers,United States,USD,USD,21893699584,9056700416,-0.033,0.307,0.267,0.5272,0.35931,0.20143999,0.38157,0.2369,10.5,12.39194,12.207619,10.34382,2.4174035,1780185600,1772236800
SYF,Synchrony Financial,Financial Services,Credit Services,United States,USD,USD,26003638272,9907999744,0.006,0.036,-0.085,0.0,0.50219,0.35507,0.0,0.20786,9.75,10.51015,8.196923,7.604078,2.6245093,1782777600,1767139200
SYK,Stryker Corporation,Healthcare,Medical Devices,United States,USD,USD,116272504832,25837000704,0.094,0.441,0.443,0.65588,0.27015,0.14433,0.28548,0.16508,9.64,16.75493,31.44502,18.091988,4.500232,1782777600,1767139200
SYM,Symbotic Inc.,Industrials,Specialty Industrial Machinery,United States,USD,USD,25994362880,2645760000,0.217,,,0.21268,0.045939997,0.0031,0.021370001,0.043920003,0.04,0.7746,1073.5,55.43506,9.824913,1782518400,1758931200
SYY,Sysco Corporation,Consumer Defensive,Food Distribution,United States,USD,USD,38351634432,84552998912,0.047,0.053,0.038,0.18496001,0.048449997,0.02078,0.05314,0.77692,3.66,5.37905,21.871586,14.881811,0.453581,1782518400,1782518400
T,AT&T Inc.,Communication Services,Telecom Services,United States,USD,USD,175969271808,127238995968,0.023,0.062,0.028,0.59721,0.24786,0.16943,0.35319,0.18339,3.03,2.56372,8.475247,10.016695,1.3829823,1782777600,1767139200
TAP,Molson Coors Beverage Company,Consumer Defensive,Beverages - Brewers,United States,USD,USD,7551384576,11083499520,-0.033,-0.423,-0.46,0.37013,0.11297,-0.20808001,0.20421,-0.19466,-11.44,4.91221,,8.244761,0.6813177,1782777600,1767139200
TCEHY,Tencent Holdings Limited,Communication Services,Internet Content & Information,China,USD,CNY,510023925760,788483014656,0.11,0.018,0.007,0.56699,0.32852,0.29868,0.37673,0.19906001,3.79,4.1737595,14.934036,13.560915,0.646842,1782777600,1767139200
TDOC,"Teladoc Health, Inc.",Healthcare,Health Information Services,United States,USD,USD,1140975616,2489479936,-0.04,,,0.68966,-0.05684,-0.07126,0.025929999,-0.12985,-0.99,-0.785,,-8.0,0.45831886,1782777600,1767139200
TDW,Tidewater Inc.,Energy,Oil & Gas Equipment & Services,United States,USD,USD,4690022400,1346419968,-0.431,,,0.48092,-0.08663999,0.18336001,0.29597,0.19448,4.93,6.01471,19.119677,15.671579,3.483328,1522454400,1767139200
TEAM,Atlassian Corporation,Technology,Software - Application,Australia,USD,USD,47990059008,6572307968,0.276,,,0.85643,0.122609995,-0.00819,0.0664,-0.04478,-0.21,6.7434,,28.113415,7.301858,1782777600,1782777600
TECK,Teck Resources Limited,Basic Materials,Copper,Canada,USD,CAD,33900460032,13991000064,0.782,3.244,3.146,0.35987,0.44105,0.17854,0.46859002,0.08717,3.68,3.6048338,18.777174,19.168705,2.4230192,1782777600,1767139200
TEL,TE Connectivity plc,Technology,Electronic Components,Ireland,USD,USD,60496117760,19321999360,0.138,0.192,0.172,0.36119,0.20775,0.15609,0.25624,0.23290001,10.2,12.90607,20.455883,16.166811,3.130945,1782432000,1758844800
TER,"Teradyne, Inc.",Technology,Semiconductor Equipment & Materials,United States,USD,USD,55818338304,4464031232,1.039,3.858,3.779,0.59242,0.33161,0.25766,0.33712003,0.36465,7.28,11.65247,49.04258,30.639856,12.504021,1782604800,1767139200
TFC,Truist Financial Corporation,Financial Services,Banks - Regional,United States,USD,USD,63096995840,19028000768,0.082,0.367,0.252,0.0,0.39815,0.30692,0.0,0.09059,4.35,4.97756,11.873564,10.376571,3.3160076,1782777600,1767139200
THC,Tenet Healthcare Corporation,Healthcare,Medical Care Facilities,United States,USD,USD,21341560832,21812000768,0.068,2.134,1.868,0.41661,0.18159,0.102740005,0.22208,0.37337002,25.87,21.08168,10.245458,12.572527,0.97843206,1782777600,1767139200
TJX,"The TJX Companies, Inc.",Consumer Cyclical,Apparel Retail,United States,USD,USD,145909350400,62363000832,0.054,0.236,0.223,0.31467,0.10909,0.09729,0.14276,0.62171,5.4,5.77352,24.459259,22.87686,2.339678,1785542400,1769817600
TLN,Talen Energy Corporation,Utilities,Utilities - Independent Power Producers,United States,USD,USD,15188819968,3740999936,1.112,,,0.42101002,-0.04797,-0.049450003,0.15557,-0.12825,-4.03,30.76806,,10.302892,4.0600963,1782777600,1767139200
TMC,TMC the metals company Inc.,Basic Materials,Other Industrial Metals & Mining,Canada,USD,USD,2512315904,,,,,0.0,0.0,0.0,0.0,-11.231911,-0.75,-0.24,,-18.5,,1782777600,1767139200
TMO,Thermo Fisher Scientific Inc.,Healthcare,Diagnostics & Research,United States,USD,USD,226943500288,46336000000,0.105,0.094,0.074,0.40987998,0.18751,0.15036,0.25335,0.13515,18.6,27.52812,32.998924,22.296474,4.8977795,1782518400,1767139200
TMUS,"T-Mobile US, Inc.",Communication Services,Telecom Services,United States,USD,USD,194711355392,92188999680,0.079,0.053,0.005,0.63054,0.2522,0.11455,0.37283,0.17994,9.57,14.43854,18.967607,12.571908,2.112089,1782777600,1767139200
TOL,"Toll Brothers, Inc.",Consumer Cyclical,Residential Construction,United States,USD,USD,13059993600,10759035904,-0.097,-0.204,-0.242,0.24826999,0.1456,0.111379996,0.15635,0.14393,12.42,14.07531,11.411433,10.069406,1.2138628,1785456000,1761868800
TOST,"Toast, Inc.",Technology,Software - Infrastructure,United States,USD,USD,19623100416,6803999744,0.231,1.0,0.925,0.26646,0.07442,0.07143,0.07011,0.25162,0.79,1.73262,42.97468,19.594603,2.8840537,1782777600,1767139200
TPB,"Turning Point Brands, Inc.",Consumer Defensive,Tobacco,United States,USD,USD,1456825984,507230016,0.226,-0.772,-0.752,0.56736,0.04172,0.087840006,0.14818,0.17572,2.3,2.42,32.70435,31.082644,2.872121,1782777600,1767139200
TROW,"T. Rowe Price Group, Inc.",Financial Services,Asset Management,United States,USD,USD,23417815040,7592000000,0.107,0.286,0.251,0.51614,0.28688,0.29262,0.39038,0.19399999,9.96,10.31891,11.022088,10.6387205,3.0845382,1782777600,1767139200
TRV,"The Travelers Companies, Inc.",Financial Services,Insurance - Property & Casualty,United States,USD,USD,77037182976,48979001344,0.003,0.571,0.463,0.34730998,0.23698,0.16951999,0.23438999,0.26511,37.19,30.20864,9.931434,12.226635,1.5728614,1782777600,1767139200
TSEM,Tower Semiconductor Ltd.,Technology,Semiconductors,Israel,USD,USD,25130801152,1709582976,0.237,0.927,0.95,0.26871002,0.19625,0.16939,0.34921002,0.09979,2.53,6.52141,87.87945,34.09309,14.69996,1782777600,1767139200
TSLA,"Tesla, Inc.",Consumer Cyclical,Auto Manufacturers,United States,USD,USD,1398455795712,103619002368,0.255,-0.03,-0.049,0.18852,0.014099999,0.03671,0.10379,0.046669997,1.1,2.15858,321.8909,164.03375,13.496133,1782777600,1767139200
TSM,Taiwan Semiconductor Manufacturing Company Limited,Technology,Semiconductors,Taiwan,USD,TWD,2224530653184,4440492343296,0.36,0.774,0.774,0.6423,0.60344005,0.49923,0.71331,0.39969003,13.47,21.86117,31.841871,19.619719,0.5009649,1782777600,1767139200
TSN,"Tyson Foods, Inc.",Consumer Defensive,Farm Products,United States,USD,USD,18089631744,55694000128,-0.001,2.041,1.984,0.06554,0.02711,0.01031,0.04977,0.03263,1.62,4.26528,31.74074,12.055481,0.32480395,1782518400,1758931200
TT,Trane Technologies plc,Industrials,Building Products & Equipment,Ireland,USD,USD,98548383744,22209900544,0.106,0.071,0.058,0.35389,0.19251,0.13278,0.19399,0.36643,13.44,17.52744,33.325893,25.554218,4.4371376,1782777600,1767139200
TTWO,"Take-Two Interactive Software, Inc.",Communication Services,Electronic Gaming & Multimedia,United States,USD,USD,40142831616,6686499840,0.02,,,0.57126,0.0051499996,-0.04792,0.114630006,-0.09039,-1.74,10.30102,,20.841627,6.0035644,1782777600,1774915200
TXN,Texas Instruments Incorporated,Technology,Semiconductors,United States,USD,USD,236019728384,19452999680,0.228,0.518,0.529,0.58325,0.42576998,0.31111,0.48938,0.35176,6.59,10.64485,39.216995,24.278408,12.132819,1782777600,1767139200
UAL,"United Airlines Holdings, Inc.",Industrials,Airlines,United States,USD,USD,36150575104,62902001664,0.16,-0.172,-0.173,0.31816,0.05534,0.05558,0.11273,0.23252001,10.68,15.13651,10.428839,7.358367,0.57471263,1782777600,1767139200
UEC,Uranium Energy Corp.,Energy,Uranium,United States,USD,USD,5710827008,20200000,,,,0.0,-6.2965803,0.0,0.0,-0.0896,-0.22,-0.09,,-128.22221,282.7142,1777507200,1753920000
UHS,"Universal Health Services, Inc.",Healthcare,Medical Care Facilities,United States,USD,USD,9998579712,18114486272,0.083,0.101,0.015,0.44607,0.1114,0.08424,0.14903,0.20948,24.5,24.01807,6.9244895,7.0634317,0.55196595,1782777600,1767139200
UMC,United Microelectronics Corporation,Technology,Semiconductors,Taiwan,USD,TWD,52089262080,250707148800,0.17,3.746,3.747,0.30603,0.21712999,0.33293,0.4381,0.21327999,1.04,0.87816,19.971155,23.651728,0.20776935,1782777600,1767139200
UNH,UnitedHealth Group Incorporated,Healthcare,Healthcare Plans,United States,USD,USD,356470816768,450525986816,0.004,0.615,0.61,0.19723,0.071329996,0.03135,0.05922,0.14152999,15.57,22.43537,25.506744,17.701515,0.7912325,1782777600,1767139200
UNP,Union Pacific Corporation,Industrials,Railroads,United States,USD,USD,172056150016,25410000896,0.115,0.066,0.062,0.56285,0.40982,0.28847,0.50703996,0.39696,12.34,14.15497,23.470015,20.460657,6.7711983,1782777600,1767139200
UPS,"United Parcel Service, Inc.",Industrials,Integrated Freight & Logistics,United States,USD,USD,87026450432,89929998336,0.076,-0.53,-0.529,0.22413,0.09052,0.050819997,0.13437,0.29602,5.38,8.0749,19.01301,12.66765,0.96771324,1782777600,1767139200
UPST,"Upstart Holdings, Inc.",Financial Services,Credit Services,United States,USD,USD,2684709376,1285890048,0.423,2.112,1.95,0.83043,0.07202,0.046919998,0.08947,0.07941,0.52,3.42991,53.942307,8.178057,2.087822,1782777600,1767139200
USAR,"USA Rare Earth, Inc.",Basic Materials,Other Industrial Metals & Mining,United States,USD,USD,4308658688,13162000,,,,-0.097399995,-7.95636,0.0,0.0,-0.23561001,-2.69,0.03,,587.00006,327.35593,1782777600,1767139200
USB,U.S. Bancorp,Financial Services,Banks - Regional,United States,USD,USD,98733719552,27320999936,0.104,0.216,0.199,0.0,0.39646998,0.29896,0.0,0.12623,5.01,5.79057,12.648702,10.943655,3.6138399,1782777600,1767139200
USFD,US Foods Holding Corp.,Consumer Defensive,Food Distribution,United States,USD,USD,22507048960,40133001216,0.045,0.292,0.228,0.17554002,0.04197,0.01814,0.04443,0.16350001,3.25,5.52246,32.012306,18.83943,0.5608115,1782518400,1766793600
UUUU,Energy Fuels Inc.,Energy,Uranium,United States,USD,USD,3831273472,105758000,4.961,,,0.40851003,-0.79030997,-0.77295995,-0.67763,-0.11447,-0.33,0.485,,29.83505,36.226795,1782777600,1767139200
V,Visa Inc.,Financial Services,Credit Services,United States,USD,USD,700273459200,44487999488,0.144,0.102,0.068,0.97725,0.66130996,0.50782,0.69892997,0.6119,11.74,15.0043,31.948042,24.997501,15.740727,1782777600,1759190400
VAL,Valaris Limited,Energy,Oil & Gas Drilling,United States,USD,USD,6022861824,2137699968,-0.124,-0.553,-0.562,0.24784,0.09792,0.43954,0.19872,0.33619,13.26,7.28612,6.5414777,11.904827,2.8174496,1782777600,1767139200
VECO,Veeco Instruments Inc.,Technology,Semiconductor Equipment & Materials,United States,USD,USD,2730660864,682720000,0.165,-0.086,0.011,0.3786,0.06676,0.03404,0.07216,0.02643,0.38,2.9058,117.55263,15.372702,3.999679,1782777600,1767139200
VG,"Venture Global, Inc.",Energy,Oil & Gas Midstream,United States,USD,USD,36051341312,16951000064,0.476,2.643,1.994,0.46923,0.47794,0.22052,0.43337002,0.33641997,1.32,0.99735,10.924242,14.458315,2.1267972,1782777600,1767139200
VIAV,Viavi Solutions Inc.,Technology,Communication Equipment,United States,USD,USD,8601699328,1518300032,0.525,3.265,3.088,0.6089,0.14308,-0.02002,0.18369,-0.02728,-0.13,1.95071,,17.870417,5.665349,1782518400,1782518400
VICI,VICI Properties Inc.,Real Estate,REIT - Diversified,United States,USD,USD,27989389312,4097604096,0.057,-0.414,-0.391,0.99271005,0.70182997,0.67496,0.88813,0.09849,2.58,2.99,9.852714,8.501672,6.830672,1782777600,1767139200
VKTX,"Viking Therapeutics, Inc.",Healthcare,Biotechnology,United States,USD,USD,4067687680,,,,,0.0,0.0,0.0,0.0,-0.88852996,-4.67,-4.31946,,-8.072768,,1782777600,1767139200
VLO,Valero Energy Corporation,Energy,Oil & Gas Refining & Marketing,United States,USD,USD,106740465664,132429996032,0.517,4.535,4.21,0.16118999,0.12269,0.05446,0.10103,0.27637,23.99,31.21375,15.453106,11.876817,0.80601424,1782777600,1767139200
VMC,Vulcan Materials Company,Basic Materials,Building Materials,United States,USD,USD,34031263744,8115800064,0.025,0.027,0.008,0.27506,0.21611,0.13748,0.28836,0.13234,8.48,10.77735,30.970522,24.368698,4.193211,1782777600,1767139200
VNO,Vornado Realty Trust,Real Estate,REIT - Office,United States,USD,USD,7493339648,1877104000,0.05,-0.978,-0.958,0.49595,0.097959995,0.03616,0.41108,0.00603,0.03,0.31,1219.6667,118.03226,3.9919684,1782777600,1767139200
VRT,Vertiv Holdings Co,Industrials,Electrical Equipment & Parts,United States,USD,USD,108000731136,11479600128,0.241,0.53,0.535,0.38039002,0.20362,0.15088001,0.23335,0.43943,4.43,9.12236,63.325058,30.75191,9.408057,1782777600,1767139200
VRTX,Vertex Pharmaceuticals Incorporated,Healthcare,Biotechnology,United States,USD,USD,138332192768,12587200512,0.125,0.08,0.065,0.54957,0.38055,0.34997,0.40521,0.23542999,17.15,21.77184,31.843733,25.083778,10.989909,1782777600,1767139200
VST,Vistra Corp.,Utilities,Utilities - Independent Power Producers,United States,USD,USD,50110337024,19211999232,-0.055,-0.062,-0.067,0.38309,0.13766,0.1155,0.34592998,0.42962003,5.93,10.36561,25.177067,14.403398,2.6082833,1782777600,1767139200
VTR,"Ventas, Inc.",Real Estate,REIT - Healthcare Facilities,United States,USD,USD,46303666176,6418988032,0.217,-0.067,0.034,0.39970002,0.14807999,0.04093,0.37091,0.02012,0.55,0.79,164.12726,114.265816,7.2135463,1782777600,1767139200
VZ,Verizon Communications Inc.,Communication Services,Telecom Services,United States,USD,USD,208320430080,138894999552,-0.007,-0.22,-0.233,0.59453,0.22999,0.11643,0.36777002,0.15842,3.84,5.27968,13.057292,9.496788,1.4998411,1782777600,1767139200
W,Wayfair Inc.,Consumer Cyclical,Internet Retail,United States,USD,USD,13124411392,12903999488,0.075,,,0.30347002,0.03012,-0.02488,0.02743,,-2.48,3.87242,,25.67645,1.0170809,1782777600,1767139200
WBD,"Warner Bros. Discovery, Inc.",Communication Services,Entertainment,United States,USD,USD,70826614784,36115001344,-0.112,-0.906,-0.906,0.47811002,0.05105,-0.08769,0.21577999,-0.08786,-1.28,0.07,,403.57144,1.9611411,1782777600,1767139200
WCN,"Waste Connections, Inc.",Industrials,Waste Management,Canada,USD,USD,41476218880,9763922944,0.064,0.044,0.021,0.42529,0.19695999,0.10862,0.32,0.13033,4.14,6.20798,39.823673,26.55775,4.2479053,1782777600,1767139200
WDAY,"Workday, Inc.",Technology,Software - Application,United States,USD,USD,47185387520,10154999808,0.128,2.06,1.772,0.75795,0.11816,0.12319,0.15618,0.16006,4.91,13.21274,39.875763,14.818274,4.6465178,1785456000,1769817600
WDC,Western Digital Corporation,Technology,Computer Hardware,United States,USD,USD,168538456064,12919000064,0.438,9.841,10.33,0.48851,0.43608,0.72947,0.38717997,1.30853,26.93,31.74953,17.358335,14.723367,13.045782,1783036800,1783036800
WELL,Welltower Inc.,Real Estate,REIT - Healthcare Facilities,United States,USD,USD,170177495040,12763214848,0.391,0.356,0.474,0.39560002,0.16561002,0.12149999,0.26174,0.03836,2.22,3.18,106.38288,74.267296,13.333435,1782777600,1767139200
WFC,Wells Fargo & Company,Financial Services,Banks - Diversified,United States,USD,USD,272069214208,83026001920,0.095,0.25,0.166,0.0,0.37387002,0.27232,0.0,0.12575,6.88,7.90042,13.077035,11.388002,3.2769158,1782777600,1767139200
WFRD,Weatherford International plc,Energy,Oil & Gas Equipment & Services,United States,USD,USD,6856580096,4777999872,-0.082,-0.71,-0.713,0.30515,0.10498,0.0766,0.19443001,0.22793,5.07,7.05877,18.911242,13.583102,1.4350314,1782777600,1767139200
WHR,Whirlpool Corporation,Consumer Cyclical,"Furnishings, Fixtures & Appliances",United States,USD,USD,2562335488,14920999936,-0.068,-0.011,0.354,0.13578,0.016210001,0.01253,0.05134,0.05933,3.04,3.70497,12.927631,10.607373,0.1717268,1782777600,1767139200
WM,"Waste Management, Inc.",Industrials,Waste Management,United States,USD,USD,87533633536,25667000320,0.04,0.083,0.081,0.40601003,0.18986,0.11115,0.30288,0.29841,7.07,9.11924,30.97454,24.014063,3.410357,1782777600,1767139200
WMB,"The Williams Companies, Inc.",Energy,Oil & Gas Midstream,United States,USD,USD,90697867264,12323000320,0.078,0.512,0.515,0.63637,0.39540002,0.24937001,0.57071996,0.21503,2.51,2.60076,29.541834,28.510897,7.3600473,1782777600,1767139200
WMT,Walmart Inc.,Consumer Defensive,Discount Stores,United States,USD,USD,850021580800,735839977472,0.059,-0.091,-0.094,0.24836999,0.0345,0.03,0.05989,0.22313999,2.76,3.23097,38.81884,33.16032,1.1551718,1785456000,1769817600
WTRG,"Essential Utilities, Inc.",Utilities,Utilities - Regulated Water,United States,USD,USD,11833567232,2568695040,0.031,-0.026,-0.02,0.5643,0.35409,0.21601,0.52555,0.08078,1.95,2.37946,21.384615,17.524984,4.60684,1782777600,1767139200
WTW,Willis Towers Watson Public Limited Company,Financial Services,Insurance Brokers,United Kingdom,USD,USD,31087951872,10101999616,0.091,-0.268,-0.308,0.42516,0.17559,0.15492,0.27876,0.19761999,16.14,22.89174,20.739777,14.622741,3.0774057,1782777600,1767139200
XEL,Xcel Energy Inc.,Utilities,Utilities - Regulated Electric,United States,USD,USD,47299682304,14616000512,-0.051,0.24,0.32,0.46825,0.22700001,0.15278,0.41891998,0.0992,3.65,4.54254,20.746246,16.669924,3.2361577,1782777600,1767139200
XOM,ExxonMobil Holdings Corporation,Energy,Oil & Gas Integrated,United States,USD,USD,655726608384,361060007936,0.441,1.128,1.051,0.29767,0.15859,0.09072,0.18816,0.12584,7.77,10.78385,20.52381,14.787854,1.8161153,1782777600,1767139200
XPO,"XPO, Inc.",Industrials,Trucking,United States,USD,USD,22609397760,8574000128,0.132,0.528,0.528,0.18988001,0.12314,0.047119997,0.16107,0.21587,3.4,6.43312,56.794117,30.01654,2.636972,1782777600,1767139200
YUM,"Yum! Brands, Inc.",Consumer Cyclical,Restaurants,United States,USD,USD,41128923136,8721999872,0.122,1.316,1.281,0.45311,0.32779998,0.25406998,0.35175,,7.94,7.45803,18.98111,20.20775,4.715538,1782777600,1767139200
Z,"Zillow Group, Inc.",Communication Services,Internet Content & Information,United States,USD,USD,7778424832,2809999872,0.179,,,0.72883004,0.046630003,0.01957,0.062280003,0.012150001,0.23,2.7897,150.3913,12.399182,2.768123,1782777600,1767139200
ZION,"Zions Bancorporation, National Association",Financial Services,Banks - Regional,United States,USD,USD,10124784640,3687000064,0.352,0.871,0.857,0.0,0.52116,0.3176,0.0,0.16404,7.85,6.79738,8.836943,10.205403,2.7460766,1782777600,1767139200
ZS,"Zscaler, Inc.",Technology,Software - Infrastructure,United States,USD,USD,27686688768,3352523008,0.249,,,0.76872003,-0.01008,-0.01885,0.01308,-0.02873,-0.39,5.58862,,30.383171,8.258464,1785456000,1785456000
